-- phpMyAdmin SQL Dump
-- version 5.0.2
-- https://www.phpmyadmin.net/
--
-- Host: localhost
-- Generation Time: Sep 25, 2021 at 05:11 PM
-- Server version: 10.4.11-MariaDB
-- PHP Version: 7.2.30

SET SQL_MODE = "NO_AUTO_VALUE_ON_ZERO";
START TRANSACTION;
SET time_zone = "+00:00";


/*!40101 SET @OLD_CHARACTER_SET_CLIENT=@@CHARACTER_SET_CLIENT */;
/*!40101 SET @OLD_CHARACTER_SET_RESULTS=@@CHARACTER_SET_RESULTS */;
/*!40101 SET @OLD_COLLATION_CONNECTION=@@COLLATION_CONNECTION */;
/*!40101 SET NAMES utf8mb4 */;

--
-- Database: `techno`
--

-- --------------------------------------------------------

--
-- Table structure for table `admission_requests`
--

CREATE TABLE `admission_requests` (
  `id` int(11) NOT NULL,
  `patient_id` int(11) NOT NULL,
  `request_date` date NOT NULL,
  `clinic_id` int(11) NOT NULL,
  `sender_id` int(11) NOT NULL,
  `operation` varchar(100) DEFAULT 'No',
  `admission_type` varchar(50) DEFAULT NULL,
  `diagnosis` text DEFAULT NULL,
  `remarks` varchar(100) DEFAULT NULL,
  `status` enum('Pending','On Admission','Discharged') NOT NULL DEFAULT 'Pending',
  `date_created` datetime NOT NULL DEFAULT current_timestamp()
) ENGINE=InnoDB DEFAULT CHARSET=utf8mb4;

--
-- Dumping data for table `admission_requests`
--

INSERT INTO `admission_requests` (`id`, `patient_id`, `request_date`, `clinic_id`, `sender_id`, `operation`, `admission_type`, `diagnosis`, `remarks`, `status`, `date_created`) VALUES
(1, 16, '2021-06-23', 1, 1, 'No', NULL, 'OK SIre', NULL, 'Discharged', '2021-06-23 03:27:43'),
(2, 25, '2021-06-23', 1, 1, 'OPERATIONS', 'For Admission Only', ' diagnoOPERATIONS', ' TYTTT', 'On Admission', '2021-06-23 12:16:02'),
(3, 30, '2021-07-06', 1, 1, 'Note', 'For Admission Only', ' Note', 'Remarks ', 'Pending', '2021-07-06 17:11:05'),
(4, 30, '2021-07-11', 2, 1, 'OK', 'For Admission Only', ' Welcome', 'Sir ', 'Pending', '2021-07-11 22:48:07'),
(5, 30, '2021-07-12', 1, 1, 'Wololo Wololo ', 'For Admission Only', 'Wololo Wololo ', 'Wololo Wololo  ', 'Pending', '2021-07-12 13:38:37'),
(6, 30, '2021-07-13', 2, 1, ' Provisional2', 'For Admission Only', ' Provisional', ' Provisional3 ', 'Discharged', '2021-07-13 12:44:25');

-- --------------------------------------------------------

--
-- Table structure for table `admission_status`
--

CREATE TABLE `admission_status` (
  `id` int(11) NOT NULL,
  `admission_request_id` int(11) NOT NULL,
  `patient_id` int(11) DEFAULT NULL,
  `clinic_id` int(11) DEFAULT NULL,
  `date_admitted` date DEFAULT NULL,
  `discharged` datetime DEFAULT NULL,
  `admitted` datetime DEFAULT NULL,
  `ward_id` int(11) DEFAULT NULL,
  `status` varchar(50) COLLATE utf8_bin DEFAULT NULL,
  `discharge_comment` text COLLATE utf8_bin DEFAULT NULL,
  `diagnosis` varchar(100) COLLATE utf8_bin NOT NULL,
  `treatPlan` longtext COLLATE utf8_bin DEFAULT NULL,
  `discharge_type` varchar(50) COLLATE utf8_bin DEFAULT NULL,
  `date_added` datetime NOT NULL DEFAULT current_timestamp()
) ENGINE=InnoDB DEFAULT CHARSET=utf8 COLLATE=utf8_bin;

--
-- Dumping data for table `admission_status`
--

INSERT INTO `admission_status` (`id`, `admission_request_id`, `patient_id`, `clinic_id`, `date_admitted`, `discharged`, `admitted`, `ward_id`, `status`, `discharge_comment`, `diagnosis`, `treatPlan`, `discharge_type`, `date_added`) VALUES
(1, 1, 16, 1, '2021-06-23', '2021-07-13 00:00:00', NULL, 1, NULL, 'OK', 'OK SIre', NULL, '1', '2021-06-23 03:27:43'),
(2, 2, NULL, 1, '2021-06-23', NULL, NULL, 3, NULL, NULL, ' diagnoOPERATIONS', NULL, NULL, '2021-06-23 12:23:07'),
(3, 6, NULL, 2, '2021-07-13', '2021-07-13 00:00:00', NULL, 4, NULL, 'OK', ' Provisional', NULL, '1', '2021-07-13 13:15:11');

-- --------------------------------------------------------

--
-- Table structure for table `ailments`
--

CREATE TABLE `ailments` (
  `id` int(11) NOT NULL,
  `ailment_name` varchar(200) NOT NULL,
  `ailment_description` varchar(200) NOT NULL,
  `date_added` datetime NOT NULL
) ENGINE=InnoDB DEFAULT CHARSET=utf8mb4;

-- --------------------------------------------------------

--
-- Table structure for table `bed`
--

CREATE TABLE `bed` (
  `id` int(11) NOT NULL,
  `bed_id` varchar(10) NOT NULL,
  `bed_type` varchar(100) NOT NULL,
  `bed_description` varchar(200) NOT NULL,
  `bed_status` varchar(100) NOT NULL,
  `bed_charge` varchar(10) NOT NULL,
  `date_added` datetime NOT NULL DEFAULT current_timestamp()
) ENGINE=InnoDB DEFAULT CHARSET=utf8mb4;

-- --------------------------------------------------------

--
-- Table structure for table `bed_allotments`
--

CREATE TABLE `bed_allotments` (
  `id` int(11) NOT NULL,
  `bed_id` int(11) NOT NULL,
  `patient_id` int(11) NOT NULL,
  `allotted_date` date NOT NULL,
  `discharge_date` date NOT NULL,
  `date_added` datetime NOT NULL
) ENGINE=InnoDB DEFAULT CHARSET=utf8mb4;

-- --------------------------------------------------------

--
-- Table structure for table `billings`
--

CREATE TABLE `billings` (
  `id` int(11) NOT NULL,
  `category` varchar(100) NOT NULL,
  `item_name` varchar(50) NOT NULL,
  `patient_id` int(11) NOT NULL,
  `billing_type` varchar(20) NOT NULL,
  `amount` varchar(20) NOT NULL,
  `discount` varchar(4) DEFAULT NULL,
  `invoice_id` int(11) DEFAULT NULL,
  `receipt_id` int(11) DEFAULT NULL,
  `items_group_id` int(11) DEFAULT NULL,
  `status` enum('Paid','Pending') NOT NULL DEFAULT 'Pending',
  `billed_by` int(11) NOT NULL,
  `date_added` datetime NOT NULL DEFAULT current_timestamp()
) ENGINE=InnoDB DEFAULT CHARSET=utf8mb4;

--
-- Dumping data for table `billings`
--

INSERT INTO `billings` (`id`, `category`, `item_name`, `patient_id`, `billing_type`, `amount`, `discount`, `invoice_id`, `receipt_id`, `items_group_id`, `status`, `billed_by`, `date_added`) VALUES
(1, 'Prescription', 'PARACETAMOL TABLET 500mg ', 30, 'Debit', '500000', NULL, 4968025, 33033209, 2222824, 'Paid', 1, '2021-07-11 22:36:32'),
(2, 'Prescription', 'PARACETAMOL INJ AMP', 30, 'Debit', '0', NULL, 9121137, 33033209, 2222824, 'Paid', 1, '2021-07-11 22:36:32'),
(3, 'Ward', 'Ward', 16, 'Debit', '290.0000', NULL, 991939, NULL, 2273769, 'Pending', 1, '2021-07-13 15:02:11'),
(4, 'Feeding', 'Feeding', 16, 'Debit', '6900.0000', NULL, 2045394, NULL, 2273769, 'Pending', 1, '2021-07-13 15:02:11'),
(5, 'Utility', 'Utility', 16, 'Debit', '2300.0000', NULL, 8451939, NULL, 2273769, 'Pending', 1, '2021-07-13 15:02:11'),
(6, 'DoctorNurse', 'DoctorNurse', 16, 'Debit', '3000.0000', NULL, 442523, NULL, 2273769, 'Pending', 1, '2021-07-13 15:02:11');

-- --------------------------------------------------------

--
-- Table structure for table `clinics`
--

CREATE TABLE `clinics` (
  `id` int(11) NOT NULL,
  `clinic_name` varchar(50) NOT NULL,
  `date_created` datetime NOT NULL DEFAULT current_timestamp()
) ENGINE=InnoDB DEFAULT CHARSET=utf8mb4;

--
-- Dumping data for table `clinics`
--

INSERT INTO `clinics` (`id`, `clinic_name`, `date_created`) VALUES
(1, 'ANTE-NATAL', '2020-10-14 17:48:34'),
(2, 'Emergency', '2020-10-14 17:48:34');

-- --------------------------------------------------------

--
-- Table structure for table `consultations`
--

CREATE TABLE `consultations` (
  `id` int(10) NOT NULL,
  `appointment_id` int(10) NOT NULL,
  `patient_id` int(10) NOT NULL,
  `doctor_id` int(10) NOT NULL,
  `vital_id` int(10) NOT NULL,
  `complaint` text DEFAULT NULL,
  `presenting_complaint` text DEFAULT NULL,
  `past_medical_hx` text DEFAULT NULL,
  `immunization_hx` text DEFAULT NULL,
  `family_hx` text DEFAULT NULL,
  `diet` text DEFAULT NULL,
  `examination` text DEFAULT NULL,
  `result` text DEFAULT NULL,
  `assignment` text DEFAULT NULL,
  `investigation` text DEFAULT NULL,
  `treatment` text DEFAULT NULL,
  `summary` text DEFAULT NULL,
  `date_added` datetime NOT NULL DEFAULT current_timestamp()
) ENGINE=InnoDB DEFAULT CHARSET=utf8mb4;

-- --------------------------------------------------------

--
-- Table structure for table `countries`
--

CREATE TABLE `countries` (
  `id` int(11) NOT NULL,
  `iso` char(2) NOT NULL,
  `name` varchar(80) NOT NULL,
  `nicename` varchar(80) NOT NULL,
  `iso3` char(3) DEFAULT NULL,
  `numcode` smallint(6) DEFAULT NULL,
  `phonecode` int(5) NOT NULL
) ENGINE=MyISAM DEFAULT CHARSET=latin1;

--
-- Dumping data for table `countries`
--

INSERT INTO `countries` (`id`, `iso`, `name`, `nicename`, `iso3`, `numcode`, `phonecode`) VALUES
(1, 'AF', 'AFGHANISTAN', 'Afghanistan', 'AFG', 4, 93),
(2, 'AL', 'ALBANIA', 'Albania', 'ALB', 8, 355),
(3, 'DZ', 'ALGERIA', 'Algeria', 'DZA', 12, 213),
(4, 'AS', 'AMERICAN SAMOA', 'American Samoa', 'ASM', 16, 1684),
(5, 'AD', 'ANDORRA', 'Andorra', 'AND', 20, 376),
(6, 'AO', 'ANGOLA', 'Angola', 'AGO', 24, 244),
(7, 'AI', 'ANGUILLA', 'Anguilla', 'AIA', 660, 1264),
(8, 'AQ', 'ANTARCTICA', 'Antarctica', NULL, NULL, 0),
(9, 'AG', 'ANTIGUA AND BARBUDA', 'Antigua and Barbuda', 'ATG', 28, 1268),
(10, 'AR', 'ARGENTINA', 'Argentina', 'ARG', 32, 54),
(11, 'AM', 'ARMENIA', 'Armenia', 'ARM', 51, 374),
(12, 'AW', 'ARUBA', 'Aruba', 'ABW', 533, 297),
(13, 'AU', 'AUSTRALIA', 'Australia', 'AUS', 36, 61),
(14, 'AT', 'AUSTRIA', 'Austria', 'AUT', 40, 43),
(15, 'AZ', 'AZERBAIJAN', 'Azerbaijan', 'AZE', 31, 994),
(16, 'BS', 'BAHAMAS', 'Bahamas', 'BHS', 44, 1242),
(17, 'BH', 'BAHRAIN', 'Bahrain', 'BHR', 48, 973),
(18, 'BD', 'BANGLADESH', 'Bangladesh', 'BGD', 50, 880),
(19, 'BB', 'BARBADOS', 'Barbados', 'BRB', 52, 1246),
(20, 'BY', 'BELARUS', 'Belarus', 'BLR', 112, 375),
(21, 'BE', 'BELGIUM', 'Belgium', 'BEL', 56, 32),
(22, 'BZ', 'BELIZE', 'Belize', 'BLZ', 84, 501),
(23, 'BJ', 'BENIN', 'Benin', 'BEN', 204, 229),
(24, 'BM', 'BERMUDA', 'Bermuda', 'BMU', 60, 1441),
(25, 'BT', 'BHUTAN', 'Bhutan', 'BTN', 64, 975),
(26, 'BO', 'BOLIVIA', 'Bolivia', 'BOL', 68, 591),
(27, 'BA', 'BOSNIA AND HERZEGOVINA', 'Bosnia and Herzegovina', 'BIH', 70, 387),
(28, 'BW', 'BOTSWANA', 'Botswana', 'BWA', 72, 267),
(29, 'BV', 'BOUVET ISLAND', 'Bouvet Island', NULL, NULL, 0),
(30, 'BR', 'BRAZIL', 'Brazil', 'BRA', 76, 55),
(31, 'IO', 'BRITISH INDIAN OCEAN TERRITORY', 'British Indian Ocean Territory', NULL, NULL, 246),
(32, 'BN', 'BRUNEI DARUSSALAM', 'Brunei Darussalam', 'BRN', 96, 673),
(33, 'BG', 'BULGARIA', 'Bulgaria', 'BGR', 100, 359),
(34, 'BF', 'BURKINA FASO', 'Burkina Faso', 'BFA', 854, 226),
(35, 'BI', 'BURUNDI', 'Burundi', 'BDI', 108, 257),
(36, 'KH', 'CAMBODIA', 'Cambodia', 'KHM', 116, 855),
(37, 'CM', 'CAMEROON', 'Cameroon', 'CMR', 120, 237),
(38, 'CA', 'CANADA', 'Canada', 'CAN', 124, 1),
(39, 'CV', 'CAPE VERDE', 'Cape Verde', 'CPV', 132, 238),
(40, 'KY', 'CAYMAN ISLANDS', 'Cayman Islands', 'CYM', 136, 1345),
(41, 'CF', 'CENTRAL AFRICAN REPUBLIC', 'Central African Republic', 'CAF', 140, 236),
(42, 'TD', 'CHAD', 'Chad', 'TCD', 148, 235),
(43, 'CL', 'CHILE', 'Chile', 'CHL', 152, 56),
(44, 'CN', 'CHINA', 'China', 'CHN', 156, 86),
(45, 'CX', 'CHRISTMAS ISLAND', 'Christmas Island', NULL, NULL, 61),
(46, 'CC', 'COCOS (KEELING) ISLANDS', 'Cocos (Keeling) Islands', NULL, NULL, 672),
(47, 'CO', 'COLOMBIA', 'Colombia', 'COL', 170, 57),
(48, 'KM', 'COMOROS', 'Comoros', 'COM', 174, 269),
(49, 'CG', 'CONGO', 'Congo', 'COG', 178, 242),
(50, 'CD', 'CONGO, THE DEMOCRATIC REPUBLIC OF THE', 'Congo, the Democratic Republic of the', 'COD', 180, 242),
(51, 'CK', 'COOK ISLANDS', 'Cook Islands', 'COK', 184, 682),
(52, 'CR', 'COSTA RICA', 'Costa Rica', 'CRI', 188, 506),
(53, 'CI', 'COTE D\'IVOIRE', 'Cote D\'Ivoire', 'CIV', 384, 225),
(54, 'HR', 'CROATIA', 'Croatia', 'HRV', 191, 385),
(55, 'CU', 'CUBA', 'Cuba', 'CUB', 192, 53),
(56, 'CY', 'CYPRUS', 'Cyprus', 'CYP', 196, 357),
(57, 'CZ', 'CZECH REPUBLIC', 'Czech Republic', 'CZE', 203, 420),
(58, 'DK', 'DENMARK', 'Denmark', 'DNK', 208, 45),
(59, 'DJ', 'DJIBOUTI', 'Djibouti', 'DJI', 262, 253),
(60, 'DM', 'DOMINICA', 'Dominica', 'DMA', 212, 1767),
(61, 'DO', 'DOMINICAN REPUBLIC', 'Dominican Republic', 'DOM', 214, 1809),
(62, 'EC', 'ECUADOR', 'Ecuador', 'ECU', 218, 593),
(63, 'EG', 'EGYPT', 'Egypt', 'EGY', 818, 20),
(64, 'SV', 'EL SALVADOR', 'El Salvador', 'SLV', 222, 503),
(65, 'GQ', 'EQUATORIAL GUINEA', 'Equatorial Guinea', 'GNQ', 226, 240),
(66, 'ER', 'ERITREA', 'Eritrea', 'ERI', 232, 291),
(67, 'EE', 'ESTONIA', 'Estonia', 'EST', 233, 372),
(68, 'ET', 'ETHIOPIA', 'Ethiopia', 'ETH', 231, 251),
(69, 'FK', 'FALKLAND ISLANDS (MALVINAS)', 'Falkland Islands (Malvinas)', 'FLK', 238, 500),
(70, 'FO', 'FAROE ISLANDS', 'Faroe Islands', 'FRO', 234, 298),
(71, 'FJ', 'FIJI', 'Fiji', 'FJI', 242, 679),
(72, 'FI', 'FINLAND', 'Finland', 'FIN', 246, 358),
(73, 'FR', 'FRANCE', 'France', 'FRA', 250, 33),
(74, 'GF', 'FRENCH GUIANA', 'French Guiana', 'GUF', 254, 594),
(75, 'PF', 'FRENCH POLYNESIA', 'French Polynesia', 'PYF', 258, 689),
(76, 'TF', 'FRENCH SOUTHERN TERRITORIES', 'French Southern Territories', NULL, NULL, 0),
(77, 'GA', 'GABON', 'Gabon', 'GAB', 266, 241),
(78, 'GM', 'GAMBIA', 'Gambia', 'GMB', 270, 220),
(79, 'GE', 'GEORGIA', 'Georgia', 'GEO', 268, 995),
(80, 'DE', 'GERMANY', 'Germany', 'DEU', 276, 49),
(81, 'GH', 'GHANA', 'Ghana', 'GHA', 288, 233),
(82, 'GI', 'GIBRALTAR', 'Gibraltar', 'GIB', 292, 350),
(83, 'GR', 'GREECE', 'Greece', 'GRC', 300, 30),
(84, 'GL', 'GREENLAND', 'Greenland', 'GRL', 304, 299),
(85, 'GD', 'GRENADA', 'Grenada', 'GRD', 308, 1473),
(86, 'GP', 'GUADELOUPE', 'Guadeloupe', 'GLP', 312, 590),
(87, 'GU', 'GUAM', 'Guam', 'GUM', 316, 1671),
(88, 'GT', 'GUATEMALA', 'Guatemala', 'GTM', 320, 502),
(89, 'GN', 'GUINEA', 'Guinea', 'GIN', 324, 224),
(90, 'GW', 'GUINEA-BISSAU', 'Guinea-Bissau', 'GNB', 624, 245),
(91, 'GY', 'GUYANA', 'Guyana', 'GUY', 328, 592),
(92, 'HT', 'HAITI', 'Haiti', 'HTI', 332, 509),
(93, 'HM', 'HEARD ISLAND AND MCDONALD ISLANDS', 'Heard Island and Mcdonald Islands', NULL, NULL, 0),
(94, 'VA', 'HOLY SEE (VATICAN CITY STATE)', 'Holy See (Vatican City State)', 'VAT', 336, 39),
(95, 'HN', 'HONDURAS', 'Honduras', 'HND', 340, 504),
(96, 'HK', 'HONG KONG', 'Hong Kong', 'HKG', 344, 852),
(97, 'HU', 'HUNGARY', 'Hungary', 'HUN', 348, 36),
(98, 'IS', 'ICELAND', 'Iceland', 'ISL', 352, 354),
(99, 'IN', 'INDIA', 'India', 'IND', 356, 91),
(100, 'ID', 'INDONESIA', 'Indonesia', 'IDN', 360, 62),
(101, 'IR', 'IRAN, ISLAMIC REPUBLIC OF', 'Iran, Islamic Republic of', 'IRN', 364, 98),
(102, 'IQ', 'IRAQ', 'Iraq', 'IRQ', 368, 964),
(103, 'IE', 'IRELAND', 'Ireland', 'IRL', 372, 353),
(104, 'IL', 'ISRAEL', 'Israel', 'ISR', 376, 972),
(105, 'IT', 'ITALY', 'Italy', 'ITA', 380, 39),
(106, 'JM', 'JAMAICA', 'Jamaica', 'JAM', 388, 1876),
(107, 'JP', 'JAPAN', 'Japan', 'JPN', 392, 81),
(108, 'JO', 'JORDAN', 'Jordan', 'JOR', 400, 962),
(109, 'KZ', 'KAZAKHSTAN', 'Kazakhstan', 'KAZ', 398, 7),
(110, 'KE', 'KENYA', 'Kenya', 'KEN', 404, 254),
(111, 'KI', 'KIRIBATI', 'Kiribati', 'KIR', 296, 686),
(112, 'KP', 'KOREA, DEMOCRATIC PEOPLE\'S REPUBLIC OF', 'Korea, Democratic People\'s Republic of', 'PRK', 408, 850),
(113, 'KR', 'KOREA, REPUBLIC OF', 'Korea, Republic of', 'KOR', 410, 82),
(114, 'KW', 'KUWAIT', 'Kuwait', 'KWT', 414, 965),
(115, 'KG', 'KYRGYZSTAN', 'Kyrgyzstan', 'KGZ', 417, 996),
(116, 'LA', 'LAO PEOPLE\'S DEMOCRATIC REPUBLIC', 'Lao People\'s Democratic Republic', 'LAO', 418, 856),
(117, 'LV', 'LATVIA', 'Latvia', 'LVA', 428, 371),
(118, 'LB', 'LEBANON', 'Lebanon', 'LBN', 422, 961),
(119, 'LS', 'LESOTHO', 'Lesotho', 'LSO', 426, 266),
(120, 'LR', 'LIBERIA', 'Liberia', 'LBR', 430, 231),
(121, 'LY', 'LIBYAN ARAB JAMAHIRIYA', 'Libyan Arab Jamahiriya', 'LBY', 434, 218),
(122, 'LI', 'LIECHTENSTEIN', 'Liechtenstein', 'LIE', 438, 423),
(123, 'LT', 'LITHUANIA', 'Lithuania', 'LTU', 440, 370),
(124, 'LU', 'LUXEMBOURG', 'Luxembourg', 'LUX', 442, 352),
(125, 'MO', 'MACAO', 'Macao', 'MAC', 446, 853),
(126, 'MK', 'MACEDONIA, THE FORMER YUGOSLAV REPUBLIC OF', 'Macedonia, the Former Yugoslav Republic of', 'MKD', 807, 389),
(127, 'MG', 'MADAGASCAR', 'Madagascar', 'MDG', 450, 261),
(128, 'MW', 'MALAWI', 'Malawi', 'MWI', 454, 265),
(129, 'MY', 'MALAYSIA', 'Malaysia', 'MYS', 458, 60),
(130, 'MV', 'MALDIVES', 'Maldives', 'MDV', 462, 960),
(131, 'ML', 'MALI', 'Mali', 'MLI', 466, 223),
(132, 'MT', 'MALTA', 'Malta', 'MLT', 470, 356),
(133, 'MH', 'MARSHALL ISLANDS', 'Marshall Islands', 'MHL', 584, 692),
(134, 'MQ', 'MARTINIQUE', 'Martinique', 'MTQ', 474, 596),
(135, 'MR', 'MAURITANIA', 'Mauritania', 'MRT', 478, 222),
(136, 'MU', 'MAURITIUS', 'Mauritius', 'MUS', 480, 230),
(137, 'YT', 'MAYOTTE', 'Mayotte', NULL, NULL, 269),
(138, 'MX', 'MEXICO', 'Mexico', 'MEX', 484, 52),
(139, 'FM', 'MICRONESIA, FEDERATED STATES OF', 'Micronesia, Federated States of', 'FSM', 583, 691),
(140, 'MD', 'MOLDOVA, REPUBLIC OF', 'Moldova, Republic of', 'MDA', 498, 373),
(141, 'MC', 'MONACO', 'Monaco', 'MCO', 492, 377),
(142, 'MN', 'MONGOLIA', 'Mongolia', 'MNG', 496, 976),
(143, 'MS', 'MONTSERRAT', 'Montserrat', 'MSR', 500, 1664),
(144, 'MA', 'MOROCCO', 'Morocco', 'MAR', 504, 212),
(145, 'MZ', 'MOZAMBIQUE', 'Mozambique', 'MOZ', 508, 258),
(146, 'MM', 'MYANMAR', 'Myanmar', 'MMR', 104, 95),
(147, 'NA', 'NAMIBIA', 'Namibia', 'NAM', 516, 264),
(148, 'NR', 'NAURU', 'Nauru', 'NRU', 520, 674),
(149, 'NP', 'NEPAL', 'Nepal', 'NPL', 524, 977),
(150, 'NL', 'NETHERLANDS', 'Netherlands', 'NLD', 528, 31),
(151, 'AN', 'NETHERLANDS ANTILLES', 'Netherlands Antilles', 'ANT', 530, 599),
(152, 'NC', 'NEW CALEDONIA', 'New Caledonia', 'NCL', 540, 687),
(153, 'NZ', 'NEW ZEALAND', 'New Zealand', 'NZL', 554, 64),
(154, 'NI', 'NICARAGUA', 'Nicaragua', 'NIC', 558, 505),
(155, 'NE', 'NIGER', 'Niger', 'NER', 562, 227),
(156, 'NG', 'NIGERIA', 'Nigeria', 'NGA', 566, 234),
(157, 'NU', 'NIUE', 'Niue', 'NIU', 570, 683),
(158, 'NF', 'NORFOLK ISLAND', 'Norfolk Island', 'NFK', 574, 672),
(159, 'MP', 'NORTHERN MARIANA ISLANDS', 'Northern Mariana Islands', 'MNP', 580, 1670),
(160, 'NO', 'NORWAY', 'Norway', 'NOR', 578, 47),
(161, 'OM', 'OMAN', 'Oman', 'OMN', 512, 968),
(162, 'PK', 'PAKISTAN', 'Pakistan', 'PAK', 586, 92),
(163, 'PW', 'PALAU', 'Palau', 'PLW', 585, 680),
(164, 'PS', 'PALESTINIAN TERRITORY, OCCUPIED', 'Palestinian Territory, Occupied', NULL, NULL, 970),
(165, 'PA', 'PANAMA', 'Panama', 'PAN', 591, 507),
(166, 'PG', 'PAPUA NEW GUINEA', 'Papua New Guinea', 'PNG', 598, 675),
(167, 'PY', 'PARAGUAY', 'Paraguay', 'PRY', 600, 595),
(168, 'PE', 'PERU', 'Peru', 'PER', 604, 51),
(169, 'PH', 'PHILIPPINES', 'Philippines', 'PHL', 608, 63),
(170, 'PN', 'PITCAIRN', 'Pitcairn', 'PCN', 612, 0),
(171, 'PL', 'POLAND', 'Poland', 'POL', 616, 48),
(172, 'PT', 'PORTUGAL', 'Portugal', 'PRT', 620, 351),
(173, 'PR', 'PUERTO RICO', 'Puerto Rico', 'PRI', 630, 1787),
(174, 'QA', 'QATAR', 'Qatar', 'QAT', 634, 974),
(175, 'RE', 'REUNION', 'Reunion', 'REU', 638, 262),
(176, 'RO', 'ROMANIA', 'Romania', 'ROM', 642, 40),
(177, 'RU', 'RUSSIAN FEDERATION', 'Russian Federation', 'RUS', 643, 70),
(178, 'RW', 'RWANDA', 'Rwanda', 'RWA', 646, 250),
(179, 'SH', 'SAINT HELENA', 'Saint Helena', 'SHN', 654, 290),
(180, 'KN', 'SAINT KITTS AND NEVIS', 'Saint Kitts and Nevis', 'KNA', 659, 1869),
(181, 'LC', 'SAINT LUCIA', 'Saint Lucia', 'LCA', 662, 1758),
(182, 'PM', 'SAINT PIERRE AND MIQUELON', 'Saint Pierre and Miquelon', 'SPM', 666, 508),
(183, 'VC', 'SAINT VINCENT AND THE GRENADINES', 'Saint Vincent and the Grenadines', 'VCT', 670, 1784),
(184, 'WS', 'SAMOA', 'Samoa', 'WSM', 882, 684),
(185, 'SM', 'SAN MARINO', 'San Marino', 'SMR', 674, 378),
(186, 'ST', 'SAO TOME AND PRINCIPE', 'Sao Tome and Principe', 'STP', 678, 239),
(187, 'SA', 'SAUDI ARABIA', 'Saudi Arabia', 'SAU', 682, 966),
(188, 'SN', 'SENEGAL', 'Senegal', 'SEN', 686, 221),
(189, 'CS', 'SERBIA AND MONTENEGRO', 'Serbia and Montenegro', NULL, NULL, 381),
(190, 'SC', 'SEYCHELLES', 'Seychelles', 'SYC', 690, 248),
(191, 'SL', 'SIERRA LEONE', 'Sierra Leone', 'SLE', 694, 232),
(192, 'SG', 'SINGAPORE', 'Singapore', 'SGP', 702, 65),
(193, 'SK', 'SLOVAKIA', 'Slovakia', 'SVK', 703, 421),
(194, 'SI', 'SLOVENIA', 'Slovenia', 'SVN', 705, 386),
(195, 'SB', 'SOLOMON ISLANDS', 'Solomon Islands', 'SLB', 90, 677),
(196, 'SO', 'SOMALIA', 'Somalia', 'SOM', 706, 252),
(197, 'ZA', 'SOUTH AFRICA', 'South Africa', 'ZAF', 710, 27),
(198, 'GS', 'SOUTH GEORGIA AND THE SOUTH SANDWICH ISLANDS', 'South Georgia and the South Sandwich Islands', NULL, NULL, 0),
(199, 'ES', 'SPAIN', 'Spain', 'ESP', 724, 34),
(200, 'LK', 'SRI LANKA', 'Sri Lanka', 'LKA', 144, 94),
(201, 'SD', 'SUDAN', 'Sudan', 'SDN', 736, 249),
(202, 'SR', 'SURINAME', 'Suriname', 'SUR', 740, 597),
(203, 'SJ', 'SVALBARD AND JAN MAYEN', 'Svalbard and Jan Mayen', 'SJM', 744, 47),
(204, 'SZ', 'SWAZILAND', 'Swaziland', 'SWZ', 748, 268),
(205, 'SE', 'SWEDEN', 'Sweden', 'SWE', 752, 46),
(206, 'CH', 'SWITZERLAND', 'Switzerland', 'CHE', 756, 41),
(207, 'SY', 'SYRIAN ARAB REPUBLIC', 'Syrian Arab Republic', 'SYR', 760, 963),
(208, 'TW', 'TAIWAN, PROVINCE OF CHINA', 'Taiwan, Province of China', 'TWN', 158, 886),
(209, 'TJ', 'TAJIKISTAN', 'Tajikistan', 'TJK', 762, 992),
(210, 'TZ', 'TANZANIA, UNITED REPUBLIC OF', 'Tanzania, United Republic of', 'TZA', 834, 255),
(211, 'TH', 'THAILAND', 'Thailand', 'THA', 764, 66),
(212, 'TL', 'TIMOR-LESTE', 'Timor-Leste', NULL, NULL, 670),
(213, 'TG', 'TOGO', 'Togo', 'TGO', 768, 228),
(214, 'TK', 'TOKELAU', 'Tokelau', 'TKL', 772, 690),
(215, 'TO', 'TONGA', 'Tonga', 'TON', 776, 676),
(216, 'TT', 'TRINIDAD AND TOBAGO', 'Trinidad and Tobago', 'TTO', 780, 1868),
(217, 'TN', 'TUNISIA', 'Tunisia', 'TUN', 788, 216),
(218, 'TR', 'TURKEY', 'Turkey', 'TUR', 792, 90),
(219, 'TM', 'TURKMENISTAN', 'Turkmenistan', 'TKM', 795, 7370),
(220, 'TC', 'TURKS AND CAICOS ISLANDS', 'Turks and Caicos Islands', 'TCA', 796, 1649),
(221, 'TV', 'TUVALU', 'Tuvalu', 'TUV', 798, 688),
(222, 'UG', 'UGANDA', 'Uganda', 'UGA', 800, 256),
(223, 'UA', 'UKRAINE', 'Ukraine', 'UKR', 804, 380),
(224, 'AE', 'UNITED ARAB EMIRATES', 'United Arab Emirates', 'ARE', 784, 971),
(225, 'GB', 'UNITED KINGDOM', 'United Kingdom', 'GBR', 826, 44),
(226, 'US', 'UNITED STATES', 'United States', 'USA', 840, 1),
(227, 'UM', 'UNITED STATES MINOR OUTLYING ISLANDS', 'United States Minor Outlying Islands', NULL, NULL, 1),
(228, 'UY', 'URUGUAY', 'Uruguay', 'URY', 858, 598),
(229, 'UZ', 'UZBEKISTAN', 'Uzbekistan', 'UZB', 860, 998),
(230, 'VU', 'VANUATU', 'Vanuatu', 'VUT', 548, 678),
(231, 'VE', 'VENEZUELA', 'Venezuela', 'VEN', 862, 58),
(232, 'VN', 'VIET NAM', 'Viet Nam', 'VNM', 704, 84),
(233, 'VG', 'VIRGIN ISLANDS, BRITISH', 'Virgin Islands, British', 'VGB', 92, 1284),
(234, 'VI', 'VIRGIN ISLANDS, U.S.', 'Virgin Islands, U.s.', 'VIR', 850, 1340),
(235, 'WF', 'WALLIS AND FUTUNA', 'Wallis and Futuna', 'WLF', 876, 681),
(236, 'EH', 'WESTERN SAHARA', 'Western Sahara', 'ESH', 732, 212),
(237, 'YE', 'YEMEN', 'Yemen', 'YEM', 887, 967),
(238, 'ZM', 'ZAMBIA', 'Zambia', 'ZMB', 894, 260),
(239, 'ZW', 'ZIMBABWE', 'Zimbabwe', 'ZWE', 716, 263);

-- --------------------------------------------------------

--
-- Table structure for table `dental_clinics`
--

CREATE TABLE `dental_clinics` (
  `id` int(10) NOT NULL,
  `appointment_id` int(10) NOT NULL,
  `patient_id` int(10) NOT NULL,
  `doctor_id` int(10) NOT NULL,
  `vital_id` int(10) NOT NULL,
  `complaint` text DEFAULT NULL,
  `presenting_complaint` text DEFAULT NULL,
  `past_medical_history` text DEFAULT NULL,
  `past_dental_hx` text DEFAULT NULL,
  `drug_hx` text DEFAULT NULL,
  `family_hx` text DEFAULT NULL,
  `examination` text DEFAULT NULL,
  `impression` text DEFAULT NULL,
  `assignment` text DEFAULT NULL,
  `treatment` text DEFAULT NULL,
  `investigation` text DEFAULT NULL,
  `management` text DEFAULT NULL,
  `date_added` timestamp NOT NULL DEFAULT current_timestamp()
) ENGINE=InnoDB DEFAULT CHARSET=utf8mb4;

-- --------------------------------------------------------

--
-- Table structure for table `departments`
--

CREATE TABLE `departments` (
  `id` int(11) NOT NULL,
  `department_name` varchar(50) NOT NULL,
  `head_name` varchar(50) DEFAULT NULL,
  `contact_address` varchar(50) DEFAULT NULL,
  `floor` varchar(10) DEFAULT NULL,
  `date_added` datetime NOT NULL DEFAULT current_timestamp()
) ENGINE=InnoDB DEFAULT CHARSET=utf8mb4;

--
-- Dumping data for table `departments`
--

INSERT INTO `departments` (`id`, `department_name`, `head_name`, `contact_address`, `floor`, `date_added`) VALUES
(1, 'Medical', NULL, NULL, NULL, '2020-10-05 21:29:13'),
(3, 'Medical3', NULL, NULL, NULL, '2020-10-06 02:42:38'),
(4, 'Laboratory', NULL, NULL, NULL, '2020-10-06 12:07:54'),
(5, 'Assistant', NULL, NULL, NULL, '2020-10-06 12:08:07'),
(6, 'Nursing45', NULL, NULL, NULL, '2020-10-07 02:35:11');

-- --------------------------------------------------------

--
-- Table structure for table `discharge_type`
--

CREATE TABLE `discharge_type` (
  `id` int(11) NOT NULL,
  `discharge_type_name` varchar(50) COLLATE utf8_bin DEFAULT NULL
) ENGINE=InnoDB DEFAULT CHARSET=utf8 COLLATE=utf8_bin;

--
-- Dumping data for table `discharge_type`
--

INSERT INTO `discharge_type` (`id`, `discharge_type_name`) VALUES
(1, 'Discharge'),
(2, 'Death'),
(3, 'Transfer'),
(4, 'Referral'),
(5, 'Left Against Medical Advice (LAMA)');

-- --------------------------------------------------------

--
-- Table structure for table `diseases`
--

CREATE TABLE `diseases` (
  `id` int(11) NOT NULL,
  `disease_code` varchar(20) COLLATE utf8_bin DEFAULT NULL,
  `disease_name` varchar(255) COLLATE utf8_bin DEFAULT NULL,
  `section_id` int(11) DEFAULT NULL
) ENGINE=InnoDB DEFAULT CHARSET=utf8 COLLATE=utf8_bin;

--
-- Dumping data for table `diseases`
--

INSERT INTO `diseases` (`id`, `disease_code`, `disease_name`, `section_id`) VALUES
(4001, 'A00', 'Cholera', 1),
(4002, 'A00.0', 'Cholera due to Vibrio cholerae 01, biovar cholerae', 1),
(4003, 'A00.1', 'Cholera due to Vibrio cholerae 01, biovar el tor', 1),
(4004, 'A00.9', 'Cholera, unspecified', 1),
(4005, 'A01', 'Typhoid and paratyphoid fevers', 1),
(4006, 'A01.0', 'Typhoid fever', 1),
(4007, 'A01.1', 'Paratyphoid fever A', 1),
(4008, 'A01.2', 'Paratyphoid fever B', 1),
(4009, 'A01.3', 'Paratyphoid fever C', 1),
(4010, 'A01.4', 'Paratyphoid fever, unspecified', 1),
(4011, 'A02', 'Other salmonella infections', 1),
(4012, 'A02.0', 'Salmonella gastroenteritis', 1),
(4013, 'A02.1', 'Salmonella septicemia', 1),
(4014, 'A02.2', 'Localized salmonella infections', 1),
(4015, 'A02.8', 'Other specified salmonella infections', 1),
(4016, 'A02.9', 'Salmonella infection, unspecified', 1),
(4017, 'A03', 'Shigellosis', 1),
(4018, 'A03.0', 'Shigellosis due to Shigella dysenteriae', 1),
(4019, 'A03.1', 'Shigellosis due to Shigella flexneri', 1),
(4020, 'A03.2', 'Shigellosis due to Shigella boydii', 1),
(4021, 'A03.3', 'Shigellosis due to Shigella sonnei', 1),
(4022, 'A03.8', 'Other shigellosis', 1),
(4023, 'A03.9', 'Shigellosis, unspecified', 1),
(4024, 'A04', 'Other bacterial intestinal infections', 1),
(4025, 'A04.0', 'Enteropathogenic Escherichia coli infection', 1),
(4026, 'A04.1', 'Enterotoxigenic Escherichia coli infection', 1),
(4027, 'A04.2', 'Enteroinvasive Escherichia coli infection', 1),
(4028, 'A04.3', 'Enterohemorrhagic Escherichia coli infection', 1),
(4029, 'A04.4', 'Other intestinal Escherichia coli infections', 1),
(4030, 'A04.5', 'Campylobacter enteritis', 1),
(4031, 'A04.6', 'Enteritis due to Yersinia enterocolitica', 1),
(4032, 'A04.7', 'Enterocolitis due to Clostridium difficile', 1),
(4033, 'A04.8', 'Other specified bacterial intestinal infections', 1),
(4034, 'A04.9', 'Bacterial intestinal infection, unspecified', 1),
(4035, 'A05', 'Other bacterial food-borne intoxications', 1),
(4036, 'A05.0', 'Food-borne staphylococcal intoxication', 1),
(4037, 'A05.1', 'Botulism', 1),
(4038, 'A05.2', 'Food-borne Clostridium perfringens [Clostridium welchii] intoxication', 1),
(4039, 'A05.3', 'Food-borne Vibrio parahemolyticus intoxication', 1),
(4040, 'A05.4', 'Food-borne Bacillus cereus intoxication', 1),
(4041, 'A05.8', 'Other specified bacterial food-borne intoxications', 1),
(4042, 'A05.9', 'Bacterial food-borne intoxication, unspecified', 1),
(4043, 'A06', 'Amebiasis', 1),
(4044, 'A06.0', 'Acute amebic dysentery', 1),
(4045, 'A06.1', 'Chronic intestinal amebiasis', 1),
(4046, 'A06.2', 'Amebic nondysenteric colitis', 1),
(4047, 'A06.3', 'Ameboma of intestine', 1),
(4048, 'A06.4', 'Amebic liver abscess', 1),
(4049, 'A06.5', 'Amebic lung abscess', 1),
(4050, 'A06.6', 'Amebic brain abscess', 1),
(4051, 'A06.7', 'Cutaneous amebiasis', 1),
(4052, 'A06.8', 'Amebic infection of other sites', 1),
(4053, 'A06.9', 'Amebiasis, unspecified', 1),
(4054, 'A07', 'Other protozoal intestinal diseases', 1),
(4055, 'A07.0', 'Balantidiasis', 1),
(4056, 'A07.1', 'Giardiasis [lambliasis]', 1),
(4057, 'A07.2', 'Cryptosporidiosis', 1),
(4058, 'A07.3', 'Isosporiasis', 1),
(4059, 'A07.8', 'Other specified protozoal intestinal diseases', 1),
(4060, 'A07.9', 'Protozoal intestinal disease, unspecified', 1),
(4061, 'A08', 'Viral and other specified intestinal infections', 1),
(4062, 'A08.0', 'Rotaviral enteritis', 1),
(4063, 'A08.1', 'Acute gastroenteropathy due to Norwalk agent', 1),
(4064, 'A08.2', 'Adenoviral enteritis', 1),
(4065, 'A08.3', 'Other viral enteritis', 1),
(4066, 'A08.4', 'Viral intestinal infection, unspecified', 1),
(4067, 'A08.5', 'Other specified intestinal infections', 1),
(4068, 'A09', 'Diarrhea and gastroenteritis of presumed infectious origin', 1),
(4069, 'A16', 'Respiratory tuberculosis, not confirmed bacteriologically or histologically', 2),
(4070, 'A16.2', 'Tuberculosis of lung, without mention of bacteriological or histological confirmation', 2),
(4071, 'A16.3', 'Tuberculosis of intrathoracic lymph nodes, without mention of bacteriological or histological confirmation', 2),
(4072, 'A16.4', 'Tuberculosis of larynx, trachea, and bronchus, without mention of bacteriological or histological confirmation', 2),
(4073, 'A16.5', 'Tuberculous pleurisy, without mention of bacteriological or histological confirmation', 2),
(4074, 'A16.7', 'Primary respiratory tuberculosis without mention of bacteriological or histological confirmation', 2),
(4075, 'A16.8', 'Other respiratory tuberculosis, without mention of bacteriological or histological confirmation', 2),
(4076, 'A16.9', 'Respiratory tuberculosis unspecified, without mention of bacteriological or histological confirmation', 2),
(4077, 'A17', 'Tuberculosis of nervous system', 2),
(4078, 'A17.0', 'Tuberculous meningitis', 2),
(4079, 'A17.1', 'Meningeal tuberculoma', 2),
(4080, 'A17.8', 'Other tuberculosis of nervous system', 2),
(4081, 'A17.9', 'Tuberculosis of nervous system, unspecified', 2),
(4082, 'A18', 'Tuberculosis of other organs', 2),
(4083, 'A18.0', 'Tuberculosis of bones and joints', 2),
(4084, 'A18.1', 'Tuberculosis of genitourinary system', 2),
(4085, 'A18.2', 'Tuberculous peripheral lymphadenopathy', 2),
(4086, 'A18.3', 'Tuberculosis of intestines, peritoneum, and mesenteric glands', 2),
(4087, 'A18.4', 'Tuberculosis of skin and subcutaneous tissue', 2),
(4088, 'A18.5', 'Tuberculosis of eye', 2),
(4089, 'A18.6', 'Tuberculosis of ear', 2),
(4090, 'A18.7', 'Tuberculosis of adrenal glands', 2),
(4091, 'A18.8', 'Tuberculosis of other specified organs', 2),
(4092, 'A19', 'Miliary tuberculosis', 2),
(4093, 'A19.0', 'Acute miliary tuberculosis of a single specified site', 2),
(4094, 'A19.1', 'Acute miliary tuberculosis of multiple sites', 2),
(4095, 'A19.2', 'Acute miliary tuberculosis, unspecified', 2),
(4096, 'A19.8', 'Other miliary tuberculosis', 2),
(4097, 'A19.9', 'Miliary tuberculosis, unspecified', 2),
(4098, 'A20', 'Plague', 3),
(4099, 'A20.0', 'Bubonic plague', 3),
(4100, 'A20.1', 'Cellulocutaneous plague', 3),
(4101, 'A20.2', 'Pneumonic plague', 3),
(4102, 'A20.3', 'Plague meningitis', 3),
(4103, 'A20.7', 'Septicemic plague', 3),
(4104, 'A20.8', 'Other forms of plague', 3),
(4105, 'A20.9', 'Plague, unspecified', 3),
(4106, 'A21', 'Tularemia', 3),
(4107, 'A21.0', 'Ulceroglandular tularemia', 3),
(4108, 'A21.1', 'Oculoglandular tularemia', 3),
(4109, 'A21.2', 'Pulmonary tularemia', 3),
(4110, 'A21.3', 'Gastrointestinal tularemia', 3),
(4111, 'A21.7', 'Generalized tularemia', 3),
(4112, 'A21.8', 'Other forms of tularemia', 3),
(4113, 'A21.9', 'Tularemia, unspecified', 3),
(4114, 'A22', 'Anthrax', 3),
(4115, 'A22.0', 'Cutaneous anthrax', 3),
(4116, 'A22.1', 'Pulmonary anthrax', 3),
(4117, 'A22.2', 'Gastrointestinal anthrax', 3),
(4118, 'A22.7', 'Anthrax septicemia', 3),
(4119, 'A22.8', 'Other forms of anthrax', 3),
(4120, 'A22.9', 'Anthrax, unspecified', 3),
(4121, 'A23', 'Brucellosis', 3),
(4122, 'A23.0', 'Brucellosis due to Brucella melitensis', 3),
(4123, 'A23.1', 'Brucellosis due to Brucella abortus', 3),
(4124, 'A23.2', 'Brucellosis due to Brucella suis', 3),
(4125, 'A23.3', 'Brucellosis due to Brucella canis', 3),
(4126, 'A23.8', 'Other brucellosis', 3),
(4127, 'A23.9', 'Brucellosis, unspecified', 3),
(4128, 'A24', 'Glanders and melioidosis', 3),
(4129, 'A24.0', 'Glanders', 3),
(4130, 'A24.1', 'Acute and fulminating melioidosis', 3),
(4131, 'A24.2', 'Subacute and chronic melioidosis', 3),
(4132, 'A24.3', 'Other melioidosis', 3),
(4133, 'A24.4', 'Melioidosis, unspecified', 3),
(4134, 'A25', 'Rat-bite fevers', 3),
(4135, 'A25.0', 'Spirillosis', 3),
(4136, 'A25.1', 'Streptobacillosis', 3),
(4137, 'A25.9', 'Rat-bite fever, unspecified', 3),
(4138, 'A26', 'Erysipeloid', 3),
(4139, 'A26.0', 'Cutaneous erysipeloid', 3),
(4140, 'A26.7', 'Erysipelothrix septicemia', 3),
(4141, 'A26.8', 'Other forms of erysipeloid', 3),
(4142, 'A26.9', 'Erysipeloid, unspecified', 3),
(4143, 'A27', 'Leptospirosis', 3),
(4144, 'A27.0', 'Leptospirosis icterohemorrhagica', 3),
(4145, 'A27.8', 'Other forms of leptospirosis', 3),
(4146, 'A27.9', 'Leptospirosis, unspecified', 3),
(4147, 'A28', 'Other zoonotic bacterial diseases, not elsewhere classified', 3),
(4148, 'A28.0', 'Pasteurellosis', 3),
(4149, 'A28.1', 'Cat-scratch disease', 3),
(4150, 'A28.2', 'Extraintestinal yersiniosis', 3),
(4151, 'A28.8', 'Other specified zoonotic bacterial diseases, not elsewhere classified', 3),
(4152, 'A28.9', 'Zoonotic bacterial disease, unspecified', 3),
(4153, 'A30', 'Leprosy [Hansen\'s disease]', 4),
(4154, 'A30.0', 'Indeterminate leprosy', 4),
(4155, 'A30.1', 'Tuberculoid leprosy', 4),
(4156, 'A30.2', 'Borderline tuberculoid leprosy', 4),
(4157, 'A30.3', 'Borderline leprosy', 4),
(4158, 'A30.4', 'Borderline lepromatous leprosy', 4),
(4159, 'A30.5', 'Lepromatous leprosy', 4),
(4160, 'A30.8', 'Other forms of leprosy', 4),
(4161, 'A30.9', 'Leprosy, unspecified', 4),
(4162, 'A31', 'Infection due to other mycobacteria', 4),
(4163, 'A31.0', 'Pulmonary mycobacterial infection', 4),
(4164, 'A31.1', 'Cutaneous mycobacterial infection', 4),
(4165, 'A31.8', 'Other mycobacterial infections', 4),
(4166, 'A31.9', 'Mycobacterial infection, unspecified', 4),
(4167, 'A32', 'Listeriosis', 4),
(4168, 'A32.0', 'Cutaneous listeriosis', 4),
(4169, 'A32.1', 'Listerial meningitis and meningoencephalitis', 4),
(4170, 'A32.7', 'Listerial septicemia', 4),
(4171, 'A32.8', 'Other forms of listeriosis', 4),
(4172, 'A32.9', 'Listeriosis, unspecified', 4),
(4173, 'A33', 'Tetanus neonatorum', 4),
(4174, 'A34', 'Obstetrical tetanus', 4),
(4175, 'A35', 'Other tetanus', 4),
(4176, 'A36', 'Diphtheria', 4),
(4177, 'A36.0', 'Pharyngeal diphtheria', 4),
(4178, 'A36.1', 'Nasopharyngeal diphtheria', 4),
(4179, 'A36.2', 'Laryngeal diphtheria', 4),
(4180, 'A36.3', 'Cutaneous diphtheria', 4),
(4181, 'A36.8', 'Other diphtheria', 4),
(4182, 'A36.9', 'Diphtheria, unspecified', 4),
(4183, 'A37', 'Whooping cough', 4),
(4184, 'A37.0', 'Whooping cough due to Bordetella pertussis', 4),
(4185, 'A37.1', 'Whooping cough due to Bordetella parapertussis', 4),
(4186, 'A37.8', 'Whooping cough due to other Bordetella species', 4),
(4187, 'A37.9', 'Whooping cough, unspecified', 4),
(4188, 'A38', 'Scarlet fever', 4),
(4189, 'A39', 'Meningococcal infection', 4),
(4190, 'A39.0', 'Meningococcal meningitis', 4),
(4191, 'A39.1', 'Waterhouse-Friderichsen syndrome', 4),
(4192, 'A39.2', 'Acute meningococcemia', 4),
(4193, 'A39.3', 'Chronic meningococcemia', 4),
(4194, 'A39.4', 'Meningococcemia, unspecified', 4),
(4195, 'A39.5', 'Meningococcal heart disease', 4),
(4196, 'A39.8', 'Other meningococcal infections', 4),
(4197, 'A39.9', 'Meningococcal infection, unspecified', 4),
(4198, 'A40', 'Streptococcal septicemia', 4),
(4199, 'A40.0', 'Septicemia due to streptococcus, group A', 4),
(4200, 'A40.1', 'Septicemia due to streptococcus, group B', 4),
(4201, 'A40.2', 'Septicemia due to streptococcus, group D', 4),
(4202, 'A40.3', 'Septicemia due to Streptococcus pneumoniae', 4),
(4203, 'A40.8', 'Other streptococcal septicemia', 4),
(4204, 'A40.9', 'Streptococcal septicemia, unspecified', 4),
(4205, 'A41', 'Other septicemia', 4),
(4206, 'A41.0', 'Septicemia due to Staphylococcus aureus', 4),
(4207, 'A41.1', 'Septicemia due to other specified staphylococcus', 4),
(4208, 'A41.2', 'Septicemia due to unspecified staphylococcus', 4),
(4209, 'A41.3', 'Septicemia due to Hemophilus influenzae', 4),
(4210, 'A41.4', 'Septicemia due to anaerobes', 4),
(4211, 'A41.5', 'Septicemia due to other Gram-negative organisms', 4),
(4212, 'A41.8', 'Other specified septicemia', 4),
(4213, 'A41.9', 'Septicemia, unspecified', 4),
(4214, 'A42', 'Actinomycosis', 4),
(4215, 'A42.0', 'Pulmonary actinomycosis', 4),
(4216, 'A42.1', 'Abdominal actinomycosis', 4),
(4217, 'A42.2', 'Cervicofacial actinomycosis', 4),
(4218, 'A42.7', 'Actinomycotic septicemia', 4),
(4219, 'A42.8', 'Other forms of actinomycosis', 4),
(4220, 'A42.9', 'Actinomycosis, unspecified', 4),
(4221, 'A43', 'Nocardiosis', 4),
(4222, 'A43.0', 'Pulmonary nocardiosis', 4),
(4223, 'A43.1', 'Cutaneous nocardiosis', 4),
(4224, 'A43.8', 'Other forms of nocardiosis', 4),
(4225, 'A43.9', 'Nocardiosis, unspecified', 4),
(4226, 'A44', 'Bartonellosis', 4),
(4227, 'A44.0', 'Systemic bartonellosis', 4),
(4228, 'A44.1', 'Cutaneous and mucocutaneous bartonellosis', 4),
(4229, 'A44.8', 'Other forms of bartonellosis', 4),
(4230, 'A44.9', 'Bartonellosis, unspecified', 4),
(4231, 'A46', 'Erysipelas', 4),
(4232, 'A48', 'Other bacterial diseases, not elsewhere classified', 4),
(4233, 'A48.0', 'Gas gangrene', 4),
(4234, 'A48.1', 'Legionnaires\' disease', 4),
(4235, 'A48.2', 'Nonpneumonic Legionnaires\' disease [Pontiac fever]', 4),
(4236, 'A48.3', 'Toxic shock syndrome', 4),
(4237, 'A48.4', 'Brazilian purpuric fever', 4),
(4238, 'A48.8', 'Other specified bacterial diseases', 4),
(4239, 'A49', 'Bacterial infection of unspecified site', 4),
(4240, 'A49.0', 'Staphylococcal infection, unspecified', 4),
(4241, 'A49.1', 'Streptococcal infection, unspecified', 4),
(4242, 'A49.2', 'Hemophilus influenzae infection, unspecified', 4),
(4243, 'A49.3', 'Mycoplasma infection, unspecified', 4),
(4244, 'A49.8', 'Other bacterial infections of unspecified site', 4),
(4245, 'A49.9', 'Bacterial infection, unspecified', 4),
(4246, 'A50', 'Congenital syphilis', 5),
(4247, 'A50.0', 'Early congenital syphilis, symptomatic', 5),
(4248, 'A50.1', 'Early congenital syphilis, latent', 5),
(4249, 'A50.2', 'Early congenital syphilis, unspecified', 5),
(4250, 'A50.3', 'Late congenital syphilitic oculopathy', 5),
(4251, 'A50.4', 'Late congenital neurosyphilis [juvenile neurosyphilis]', 5),
(4252, 'A50.5', 'Other late congenital syphilis, symptomatic', 5),
(4253, 'A50.6', 'Late congenital syphilis, latent', 5),
(4254, 'A50.7', 'Late congenital syphilis, unspecified', 5),
(4255, 'A50.9', 'Congenital syphilis, unspecified', 5),
(4256, 'A51', 'Early syphilis', 5),
(4257, 'A51.0', 'Primary genital syphilis', 5),
(4258, 'A51.1', 'Primary anal syphilis', 5),
(4259, 'A51.2', 'Primary syphilis of other sites', 5),
(4260, 'A51.3', 'Secondary syphilis of skin and mucous membranes', 5),
(4261, 'A51.4', 'Other secondary syphilis', 5),
(4262, 'A51.5', 'Early syphilis, latent', 5),
(4263, 'A51.9', 'Early syphilis, unspecified', 5),
(4264, 'A52', 'Late syphilis', 5),
(4265, 'A52.0', 'Cardiovascular syphilis', 5),
(4266, 'A52.1', 'Symptomatic neurosyphilis', 5),
(4267, 'A52.2', 'Asymptomatic neurosyphilis', 5),
(4268, 'A52.3', 'Neurosyphilis, unspecified', 5),
(4269, 'A52.7', 'Other symptomatic late syphilis', 5),
(4270, 'A52.8', 'Late syphilis, latent', 5),
(4271, 'A52.9', 'Late syphilis, unspecified', 5),
(4272, 'A53', 'Other and unspecified syphilis', 5),
(4273, 'A53.0', 'Latent syphilis, unspecified as early or late', 5),
(4274, 'A53.9', 'Syphilis, unspecified', 5),
(4275, 'A54', 'Gonococcal infection', 5),
(4276, 'A54.0', 'Gonococcal infection of lower genitourinary tract without periurethral or accessory gland abscess', 5),
(4277, 'A54.1', 'Gonococcal infection of lower genitourinary tract with periurethral and accessory gland abscess', 5),
(4278, 'A54.2', 'Gonococcal pelviperitonitis and other gonococcal genitourinary infections', 5),
(4279, 'A54.3', 'Gonococcal infection of eye', 5),
(4280, 'A54.4', 'Gonococcal infection of musculoskeletal system', 5),
(4281, 'A54.5', 'Gonococcal pharyngitis', 5),
(4282, 'A54.6', 'Gonococcal infection of anus and rectum', 5),
(4283, 'A54.8', 'Other gonococcal infections', 5),
(4284, 'A54.9', 'Gonococcal infection, unspecified', 5),
(4285, 'A55', 'Chlamydial lymphogranuloma (venereum)', 5),
(4286, 'A56', 'Other sexually transmitted chlamydial diseases', 5),
(4287, 'A56.0', 'Chlamydial infection of lower genitourinary tract', 5),
(4288, 'A56.1', 'Chlamydial infection of pelviperitoneum and other genitourinary organs', 5),
(4289, 'A56.2', 'Chlamydial infection of genitourinary tract, unspecified', 5),
(4290, 'A56.3', 'Chlamydial infection of anus and rectum', 5),
(4291, 'A56.4', 'Chlamydial infection of pharynx', 5),
(4292, 'A56.8', 'Sexually transmitted chlamydial infection of other sites', 5),
(4293, 'A57', 'Chancroid', 5),
(4294, 'A58', 'Granuloma inguinale', 5),
(4295, 'A59', 'Trichomoniasis', 5),
(4296, 'A59.0', 'Urogenital trichomoniasis', 5),
(4297, 'A59.8', 'Trichomoniasis of other sites', 5),
(4298, 'A59.9', 'Trichomoniasis, unspecified', 5),
(4299, 'A60', 'Anogenital herpes-viral [herpes simplex] infection', 5),
(4300, 'A60.0', 'Herpes-viral infection of genitalia and urogenital tract', 5),
(4301, 'A60.1', 'Herpes-viral infection of perianal skin and rectum', 5),
(4302, 'A60.9', 'Anogenital herpes-viral infection, unspecified', 5),
(4303, 'A63', 'Other predominantly sexually transmitted diseases, not elsewhere classified', 5),
(4304, 'A63.0', 'Anogenital (venereal) warts', 5),
(4305, 'A63.8', 'Other specified predominantly sexually transmitted diseases', 5),
(4306, 'A64', 'Unspecified sexually transmitted disease', 5),
(4307, 'A65', 'Nonvenereal syphilis', 6),
(4308, 'A66', 'Yaws', 6),
(4309, 'A66.0', 'Initial lesions of yaws', 6),
(4310, 'A66.1', 'Multiple papillomata and wet crab yaws', 6),
(4311, 'A66.2', 'Other early skin lesions of yaws', 6),
(4312, 'A66.3', 'Hyperkeratosis of yaws', 6),
(4313, 'A66.4', 'Gummata and ulcers of yaws', 6),
(4314, 'A66.5', 'Gangosa', 6),
(4315, 'A66.6', 'Bone and joint lesions of yaws', 6),
(4316, 'A66.7', 'Other manifestations of yaws', 6),
(4317, 'A66.8', 'Latent yaws', 6),
(4318, 'A66.9', 'Yaws, unspecified', 6),
(4319, 'A67', 'Pinta [carate]', 6),
(4320, 'A67.0', 'Primary lesions of pinta', 6),
(4321, 'A67.1', 'Intermediate lesions of pinta', 6),
(4322, 'A67.2', 'Late lesions of pinta', 6),
(4323, 'A67.3', 'Mixed lesions of pinta', 6),
(4324, 'A67.9', 'Pinta, unspecified', 6),
(4325, 'A68', 'Relapsing fevers', 6),
(4326, 'A68.0', 'Louse-borne relapsing fever', 6),
(4327, 'A68.1', 'Tick-borne relapsing fever', 6),
(4328, 'A68.9', 'Relapsing fever, unspecified', 6),
(4329, 'A69', 'Other spirochetal infections', 6),
(4330, 'A69.0', 'Necrotizing ulcerative stomatitis', 6),
(4331, 'A69.1', 'Other Vincent\'s infections', 6),
(4332, 'A69.2', 'Lyme disease', 6),
(4333, 'A69.8', 'Other specified spirochetal infections', 6),
(4334, 'A69.9', 'Spirochetal infection, unspecified', 6),
(4335, 'A70', 'Chlamydia psittaci infection', 7),
(4336, 'A71', 'Trachoma', 7),
(4337, 'A71.0', 'Initial stage of trachoma', 7),
(4338, 'A71.1', 'Active stage of trachoma', 7),
(4339, 'A71.9', 'Trachoma, unspecified', 7),
(4340, 'A74', 'Other diseases caused by chlamydiae', 7),
(4341, 'A74.0', 'Chlamydial conjunctivitis', 7),
(4342, 'A74.8', 'Other chlamydial diseases', 7),
(4343, 'A74.9', 'Chlamydial infection, unspecified', 7),
(4344, 'A75', 'Typhus fever', 8),
(4345, 'A75.0', 'Epidemic louse-borne typhus fever due to Rickettsia prowazekii', 8),
(4346, 'A75.1', 'Recrudescent typhus [Brill\'s disease]', 8),
(4347, 'A75.2', 'Typhus fever due to Rickettsia typhi', 8),
(4348, 'A75.3', 'Typhus fever due to Rickettsia tsutsugamushi', 8),
(4349, 'A75.9', 'Typhus fever, unspecified', 8),
(4350, 'A77', 'Spotted fever [tick-borne rickettsioses]', 8),
(4351, 'A77.0', 'Spotted fever due to Rickettsia rickettsii', 8),
(4352, 'A77.1', 'Spotted fever due to Rickettsia conorii', 8),
(4353, 'A77.2', 'Spotted fever due to Rickettsia siberica', 8),
(4354, 'A77.3', 'Spotted fever due to Rickettsia australis', 8),
(4355, 'A77.8', 'Other spotted fevers', 8),
(4356, 'A77.9', 'Spotted fever, unspecified', 8),
(4357, 'A78', 'Q fever', 8),
(4358, 'A79', 'Other rickettsioses', 8),
(4359, 'A79.0', 'Trench fever', 8),
(4360, 'A79.1', 'Rickettsialpox due to Rickettsia akari', 8),
(4361, 'A79.8', 'Other specified rickettsioses', 8),
(4362, 'A79.9', 'Rickettsiosis, unspecified', 8),
(4363, 'A80', 'Acute poliomyelitis', 9),
(4364, 'A80.0', 'Acute paralytic poliomyelitis, vaccine-associated', 9),
(4365, 'A80.1', 'Acute paralytic poliomyelitis, wild virus, imported', 9),
(4366, 'A80.2', 'Acute paralytic poliomyelitis, wild virus, indigenous', 9),
(4367, 'A80.3', 'Acute paralytic poliomyelitis, other and unspecified', 9),
(4368, 'A80.4', 'Acute nonparalytic poliomyelitis', 9),
(4369, 'A80.9', 'Acute poliomyelitis, unspecified', 9),
(4370, 'A81', 'Atypical virus infections of central nervous system', 9),
(4371, 'A81.0', 'Creutzfeldt-Jakob disease', 9),
(4372, 'A81.1', 'Subacute sclerosing panencephalitis', 9),
(4373, 'A81.2', 'Progressive multifocal leukoencephalopathy', 9),
(4374, 'A81.8', 'Other atypical virus infections of central nervous system', 9),
(4375, 'A81.9', 'Atypical virus infection of central nervous system, unspecified', 9),
(4376, 'A82', 'Rabies', 9),
(4377, 'A82.0', 'Sylvatic rabies', 9),
(4378, 'A82.1', 'Urban rabies', 9),
(4379, 'A82.9', 'Rabies, unspecified', 9),
(4380, 'A83', 'Mosquito-borne viral encephalitis', 9),
(4381, 'A83.0', 'Japanese encephalitis', 9),
(4382, 'A83.1', 'Western equine encephalitis', 9),
(4383, 'A83.2', 'Eastern equine encephalitis', 9),
(4384, 'A83.3', 'St. Louis encephalitis', 9),
(4385, 'A83.4', 'Australian encephalitis', 9),
(4386, 'A83.5', 'California encephalitis', 9),
(4387, 'A83.6', 'Rocio virus disease', 9),
(4388, 'A83.8', 'Other mosquito-borne viral encephalitis', 9),
(4389, 'A83.9', 'Mosquito-borne viral encephalitis, unspecified', 9),
(4390, 'A84', 'Tick-borne viral encephalitis', 9),
(4391, 'A84.0', 'Far Eastern tick-borne encephalitis [Russian spring-summer encephalitis]', 9),
(4392, 'A84.1', 'Central European tick-borne encephalitis', 9),
(4393, 'A84.8', 'Other tick-borne viral encephalitis', 9),
(4394, 'A84.9', 'Tick-borne viral encephalitis, unspecified', 9),
(4395, 'A85', 'Other viral encephalitis, not elsewhere classified', 9),
(4396, 'A85.0', 'Enteroviral encephalitis', 9),
(4397, 'A85.1', 'Adenoviral encephalitis', 9),
(4398, 'A85.2', 'Arthropod-borne viral encephalitis, unspecified', 9),
(4399, 'A85.8', 'Other specified viral encephalitis', 9),
(4400, 'A86', 'Unspecified viral encephalitis', 9),
(4401, 'A87', 'Viral meningitis', 9),
(4402, 'A87.0', 'Enteroviral meningitis', 9),
(4403, 'A87.1', 'Adenoviral meningitis', 9),
(4404, 'A87.2', 'Lymphocytic choriomeningitis', 9),
(4405, 'A87.8', 'Other viral meningitis', 9),
(4406, 'A87.9', 'Viral meningitis, unspecified', 9),
(4407, 'A88', 'Other viral infections of the central nervous system, not elsewhere classified', 9),
(4408, 'A88.0', 'Enteroviral exanthematous fever [Boston exanthem]', 9),
(4409, 'A88.1', 'Epidemic vertigo', 9),
(4410, 'A88.8', 'Other specified viral infections of central nervous system', 9),
(4411, 'A89', 'Unspecified viral infection of central nervous system', 9),
(4412, 'A90', 'Dengue fever [classical dengue]', 10),
(4413, 'A91', 'Dengue hemorrhagic fever', 10),
(4414, 'A92', 'Other mosquito-borne viral fevers', 10),
(4415, 'A92.0', 'Chikungunya virus disease', 10),
(4416, 'A92.1', 'O\'nyong-nyong fever', 10),
(4417, 'A92.2', 'Venezuelan equine fever', 10),
(4418, 'A92.3', 'West Nile fever', 10),
(4419, 'A92.4', 'Rift Valley fever', 10),
(4420, 'A92.8', 'Other specified mosquito-borne viral fevers', 10),
(4421, 'A92.9', 'Mosquito-borne viral fever, unspecified', 10),
(4422, 'A93', 'Other arthropod-borne viral fevers, not elsewhere classified', 10),
(4423, 'A93.0', 'Oropouche virus disease', 10),
(4424, 'A93.1', 'Sandfly fever', 10),
(4425, 'A93.2', 'Colorado tick fever', 10),
(4426, 'A93.8', 'Other specified arthropod-borne viral fevers', 10),
(4427, 'A94', 'Unspecified arthropod-borne viral fever', 10),
(4428, 'A95', 'Yellow fever', 10),
(4429, 'A95.0', 'Sylvatic yellow fever', 10),
(4430, 'A95.1', 'Urban yellow fever', 10),
(4431, 'A95.9', 'Yellow fever, unspecified', 10),
(4432, 'A96', 'Arenaviral hemorrhagic fever', 10),
(4433, 'A96.0', 'Junin hemorrhagic fever', 10),
(4434, 'A96.1', 'Machupo hemorrhagic fever', 10),
(4435, 'A96.2', 'Lassa fever', 10),
(4436, 'A96.8', 'Other arenaviral hemorrhagic fevers', 10),
(4437, 'A96.9', 'Arenaviral hemorrhagic fever, unspecified', 10),
(4438, 'A98', 'Other viral hemorrhagic fevers, not elsewhere classified', 10),
(4439, 'A98.0', 'Crimean-Congo hemorrhagic fever', 10),
(4440, 'A98.1', 'Omsk hemorrhagic fever', 10),
(4441, 'A98.2', 'Kyasanur Forest disease', 10),
(4442, 'A98.3', 'Marburg virus disease', 10),
(4443, 'A98.4', 'Ebola virus disease', 10),
(4444, 'A98.5', 'Hemorrhagic fever with renal syndrome', 10),
(4445, 'A98.8', 'Other specified viral hemorrhagic fevers', 10),
(4446, 'A99', 'Unspecified viral hemorrhagic fever', 10),
(4447, 'B00', 'Herpes-viral [herpes simplex] infections', 11),
(4448, 'B00.0', 'Eczema herpeticum', 11),
(4449, 'B00.1', 'Herpes-viral vesicular dermatitis', 11),
(4450, 'B00.2', 'Herpes-viral gingivostomatitis and pharyngotonsillitis', 11),
(4451, 'B00.3', 'Herpes-viral meningitis', 11),
(4452, 'B00.4', 'Herpes-viral encephalitis', 11),
(4453, 'B00.5', 'Herpes-viral ocular disease', 11),
(4454, 'B00.7', 'Disseminated herpes-viral disease', 11),
(4455, 'B00.8', 'Other forms of herpes-viral infection', 11),
(4456, 'B00.9', 'Herpes-viral infection, unspecified', 11),
(4457, 'B01', 'Varicella [chickenpox]', 11),
(4458, 'B01.0', 'Varicella meningitis', 11),
(4459, 'B01.1', 'Varicella encephalitis', 11),
(4460, 'B01.2', 'Varicella pneumonia', 11),
(4461, 'B01.8', 'Varicella with other complications', 11),
(4462, 'B01.9', 'Varicella without complications', 11),
(4463, 'B02', 'Zoster [herpes zoster]', 11),
(4464, 'B02.0', 'Zoster encephalitis', 11),
(4465, 'B02.1', 'Zoster meningitis', 11),
(4466, 'B02.2', 'Zoster with other nervous system involvement', 11),
(4467, 'B02.3', 'Zoster ocular disease', 11),
(4468, 'B02.7', 'Disseminated zoster', 11),
(4469, 'B02.8', 'Zoster with other complications', 11),
(4470, 'B02.9', 'Zoster without complication', 11),
(4471, 'B03', 'Smallpox', 11),
(4472, 'B04', 'Monkeypox', 11),
(4473, 'B05', 'Measles', 11),
(4474, 'B05.0', 'Measles complicated by encephalitis', 11),
(4475, 'B05.1', 'Measles complicated by meningitis', 11),
(4476, 'B05.2', 'Measles complicated by pneumonia', 11),
(4477, 'B05.3', 'Measles complicated by otitis media', 11),
(4478, 'B05.4', 'Measles with intestinal complications', 11),
(4479, 'B05.8', 'Measles with other complications', 11),
(4480, 'B05.9', 'Measles without complication', 11),
(4481, 'B06', 'Rubella [German measles]', 11),
(4482, 'B06.0', 'Rubella with neurological complications', 11),
(4483, 'B06.8', 'Rubella with other complications', 11),
(4484, 'B06.9', 'Rubella without complication', 11),
(4485, 'B07', 'Viral warts', 11),
(4486, 'B08', 'Other viral infections characterized by skin and mucous membrane lesions, not elsewhere classified', 11),
(4487, 'B08.0', 'Other orthopoxvirus infections', 11),
(4488, 'B08.1', 'Molluscum contagiosum', 11),
(4489, 'B08.2', 'Exanthema subitum [sixth disease]', 11),
(4490, 'B08.3', 'Erythema infectiosum [fifth disease]', 11),
(4491, 'B08.4', 'Enteroviral vesicular stomatitis with exanthem', 11),
(4492, 'B08.5', 'Enteroviral vesicular pharyngitis', 11),
(4493, 'B08.8', 'Other specified viral infections characterized by skin and mucous membrane lesions', 11),
(4494, 'B09', 'Unspecified viral infection characterized by skin and mucous membrane lesions', 11),
(4495, 'B15', 'Acute hepatitis A', 12),
(4496, 'B15.0', 'Hepatitis A with hepatic coma', 12),
(4497, 'B15.9', 'Hepatitis A without hepatic coma', 12),
(4498, 'B16', 'Acute hepatitis B', 12),
(4499, 'B16.0', 'Acute hepatitis B with delta-agent (coinfection) with hepatic coma', 12),
(4500, 'B16.1', 'Acute hepatitis B with delta-agent (coinfection) without hepatic coma', 12),
(4501, 'B16.2', 'Acute hepatitis B without delta-agent with hepatic coma', 12),
(4502, 'B16.9', 'Acute hepatitis B without delta-agent and without hepatic coma', 12),
(4503, 'B17', 'Other acute viral hepatitis', 12),
(4504, 'B17.0', 'Acute delta-(super) infection of hepatitis B carrier', 12),
(4505, 'B17.1', 'Acute hepatitis C', 12),
(4506, 'B17.2', 'Acute hepatitis E', 12),
(4507, 'B17.8', 'Other specified acute viral hepatitis', 12),
(4508, 'B18', 'Chronic viral hepatitis', 12),
(4509, 'B18.0', 'Chronic viral hepatitis B with delta-agent', 12),
(4510, 'B18.1', 'Chronic viral hepatitis B without delta-agent', 12),
(4511, 'B18.2', 'Chronic viral hepatitis C', 12),
(4512, 'B18.8', 'Other chronic viral hepatitis', 12),
(4513, 'B18.9', 'Chronic viral hepatitis, unspecified', 12),
(4514, 'B19', 'Unspecified viral hepatitis', 12),
(4515, 'B19.0', 'Unspecified viral hepatitis with coma', 12),
(4516, 'B19.9', 'Unspecified viral hepatitis without coma', 12),
(4517, 'B20', 'Human immunodeficiency virus [HIV] disease resulting in infectious and parasitic diseases', 13),
(4518, 'B20.0', 'HIV disease resulting in mycobacterial infection', 13),
(4519, 'B20.1', 'HIV disease resulting in other bacterial infections', 13),
(4520, 'B20.2', 'HIV disease resulting in cytomegaloviral disease', 13),
(4521, 'B20.3', 'HIV disease resulting in other viral infections', 13),
(4522, 'B20.4', 'HIV disease resulting in candidiasis', 13),
(4523, 'B20.5', 'HIV disease resulting in other mycoses', 13),
(4524, 'B20.6', 'HIV disease resulting in Pneumocystis carinii pneumonia', 13),
(4525, 'B20.7', 'HIV disease resulting in multiple infections', 13),
(4526, 'B20.8', 'HIV disease resulting in other infectious and parasitic diseases', 13),
(4527, 'B20.9', 'HIV disease resulting in unspecified infectious or parasitic disease', 13),
(4528, 'B21', 'Human immunodeficiency virus [HIV] disease resulting in malignant neoplasms', 13),
(4529, 'B21.0', 'HIV disease resulting in Kaposi\'s sarcoma', 13),
(4530, 'B21.1', 'HIV disease resulting in Burkitt\'s lymphoma', 13),
(4531, 'B21.2', 'HIV disease resulting in other types of non-Hodgkin\'s lymphoma', 13),
(4532, 'B21.3', 'HIV disease resulting in other malignant neoplasms of lymphoid, hematopoietic, and related tissue', 13),
(4533, 'B21.7', 'HIV disease resulting in multiple malignant neoplasms', 13),
(4534, 'B21.8', 'HIV disease resulting in other malignant neoplasms', 13),
(4535, 'B21.9', 'HIV disease resulting in unspecified malignant neoplasm', 13),
(4536, 'B22', 'Human immunodeficiency virus [HIV] disease resulting in other specified diseases', 13),
(4537, 'B22.0', 'HIV disease resulting in encephalopathy', 13),
(4538, 'B22.1', 'HIV disease resulting in lymphoid interstitial pneumonitis', 13),
(4539, 'B22.2', 'HIV disease resulting in wasting syndrome', 13),
(4540, 'B22.7', 'HIV disease resulting in multiple diseases classified elsewhere', 13),
(4541, 'B23', 'Human immunodeficiency virus [HIV] disease resulting in other conditions', 13),
(4542, 'B23.0', 'Acute HIV infection syndrome', 13),
(4543, 'B23.1', 'HIV disease resulting in (persistent) generalized lymphadenopathy', 13),
(4544, 'B23.2', 'HIV disease resulting in hematological and immunological abnormalities, not elsewhere classified', 13),
(4545, 'B23.8', 'HIV disease resulting in other specified conditions', 13),
(4546, 'B24', 'Unspecified human immunodeficiency virus [HIV] disease', 13),
(4547, 'B25', 'Cytomegaloviral disease', 14),
(4548, 'B25.0', 'Cytomegaloviral pneumonitis', 14),
(4549, 'B25.1', 'Cytomegaloviral hepatitis', 14),
(4550, 'B25.2', 'Cytomegaloviral pancreatitis', 14),
(4551, 'B25.8', 'Other cytomegaloviral diseases', 14),
(4552, 'B25.9', 'Cytomegaloviral disease, unspecified', 14),
(4553, 'B26', 'Mumps', 14),
(4554, 'B26.0', 'Mumps orchitis', 14),
(4555, 'B26.1', 'Mumps meningitis', 14),
(4556, 'B26.2', 'Mumps encephalitis', 14),
(4557, 'B26.3', 'Mumps pancreatitis', 14),
(4558, 'B26.8', 'Mumps with other complications', 14),
(4559, 'B26.9', 'Mumps without complication', 14),
(4560, 'B27', 'Infectious mononucleosis', 14),
(4561, 'B27.0', 'Gamma-herpes-viral mononucleosis', 14),
(4562, 'B27.1', 'Cytomegaloviral mononucleosis', 14),
(4563, 'B27.8', 'Other infectious mononucleosis', 14),
(4564, 'B27.9', 'Infectious mononucleosis, unspecified', 14),
(4565, 'B30', 'Viral conjunctivitis', 14),
(4566, 'B30.0', 'Keratoconjunctivitis due to adenovirus', 14),
(4567, 'B30.1', 'Conjunctivitis due to adenovirus', 14),
(4568, 'B30.2', 'Viral pharyngoconjunctivitis', 14),
(4569, 'B30.3', 'Acute epidemic hemorrhagic conjunctivitis (enteroviral)', 14),
(4570, 'B30.8', 'Other viral conjunctivitis', 14),
(4571, 'B30.9', 'Viral conjunctivitis, unspecified', 14),
(4572, 'B33', 'Other viral diseases, not elsewhere classified', 14),
(4573, 'B33.0', 'Epidemic myalgia', 14),
(4574, 'B33.1', 'Ross River disease', 14),
(4575, 'B33.2', 'Viral carditis', 14),
(4576, 'B33.3', 'Retrovirus infections, not elsewhere classified', 14),
(4577, 'B33.8', 'Other specified viral diseases', 14),
(4578, 'B34', 'Viral infection of unspecified site', 14),
(4579, 'B34.0', 'Adenovirus infection, unspecified', 14),
(4580, 'B34.1', 'Enterovirus infection, unspecified', 14),
(4581, 'B34.2', 'Coronavirus infection, unspecified', 14),
(4582, 'B34.3', 'Parvovirus infection, unspecified', 14),
(4583, 'B34.4', 'Papovirus infection, unspecified', 14),
(4584, 'B34.8', 'Other viral infections of unspecified site', 14),
(4585, 'B34.9', 'Viral infection, unspecified', 14),
(4586, 'B35', 'Dermatophytosis', 15),
(4587, 'B35.0', 'Tinea barbae and tinea capitis', 15),
(4588, 'B35.1', 'Tinea unguium', 15),
(4589, 'B35.2', 'Tinea manuum', 15),
(4590, 'B35.3', 'Tinea pedis', 15),
(4591, 'B35.4', 'Tinea corporis', 15),
(4592, 'B35.5', 'Tinea imbricata', 15),
(4593, 'B35.6', 'Tinea cruris', 15),
(4594, 'B35.8', 'Other dermatophytoses', 15),
(4595, 'B35.9', 'Dermatophytosis, unspecified', 15),
(4596, 'B36', 'Other superficial mycoses', 15),
(4597, 'B36.0', 'Pityriasis versicolor', 15),
(4598, 'B36.1', 'Tinea nigra', 15),
(4599, 'B36.2', 'White piedra', 15),
(4600, 'B36.3', 'Black piedra', 15),
(4601, 'B36.8', 'Other specified superficial mycoses', 15),
(4602, 'B36.9', 'Superficial mycosis, unspecified', 15),
(4603, 'B37', 'Candidiasis', 15),
(4604, 'B37.0', 'Candidal stomatitis', 15),
(4605, 'B37.1', 'Pulmonary candidiasis', 15),
(4606, 'B37.2', 'Candidiasis of skin and nail', 15),
(4607, 'B37.3', 'Candidiasis of vulva and vagina', 15),
(4608, 'B37.4', 'Candidiasis of other urogenital sites', 15),
(4609, 'B37.5', 'Candidal meningitis', 15),
(4610, 'B37.6', 'Candidal endocarditis', 15),
(4611, 'B37.7', 'Candidal septicemia', 15),
(4612, 'B37.8', 'Candidiasis of other sites', 15),
(4613, 'B37.9', 'Candidiasis, unspecified', 15),
(4614, 'B38', 'Coccidioidomycosis', 15),
(4615, 'B38.0', 'Acute pulmonary coccidioidomycosis', 15),
(4616, 'B38.1', 'Chronic pulmonary coccidioidomycosis', 15),
(4617, 'B38.2', 'Pulmonary coccidioidomycosis, unspecified', 15),
(4618, 'B38.3', 'Cutaneous coccidioidomycosis', 15),
(4619, 'B38.4', 'Coccidioidomycosis meningitis', 15),
(4620, 'B38.7', 'Disseminated coccidioidomycosis', 15),
(4621, 'B38.8', 'Other forms of coccidioidomycosis', 15),
(4622, 'B38.9', 'Coccidioidomycosis, unspecified', 15),
(4623, 'B39', 'Histoplasmosis', 15),
(4624, 'B39.0', 'Acute pulmonary histoplasmosis capsulati', 15),
(4625, 'B39.1', 'Chronic pulmonary histoplasmosis capsulati', 15),
(4626, 'B39.2', 'Pulmonary histoplasmosis capsulati, unspecified', 15),
(4627, 'B39.3', 'Disseminated histoplasmosis capsulati', 15),
(4628, 'B39.4', 'Histoplasmosis capsulati, unspecified', 15),
(4629, 'B39.5', 'Histoplasmosis duboisii', 15),
(4630, 'B39.9', 'Histoplasmosis, unspecified', 15),
(4631, 'B40', 'Blastomycosis', 15),
(4632, 'B40.0', 'Acute pulmonary blastomycosis', 15),
(4633, 'B40.1', 'Chronic pulmonary blastomycosis', 15),
(4634, 'B40.2', 'Pulmonary blastomycosis, unspecified', 15),
(4635, 'B40.3', 'Cutaneous blastomycosis', 15),
(4636, 'B40.7', 'Disseminated blastomycosis', 15),
(4637, 'B40.8', 'Other forms of blastomycosis', 15),
(4638, 'B40.9', 'Blastomycosis, unspecified', 15),
(4639, 'B41', 'Paracoccidioidomycosis', 15),
(4640, 'B41.0', 'Pulmonary paracoccidioidomycosis', 15),
(4641, 'B41.7', 'Disseminated paracoccidioidomycosis', 15),
(4642, 'B41.8', 'Other forms of paracoccidioidomycosis', 15),
(4643, 'B41.9', 'Paracoccidioidomycosis, unspecified', 15),
(4644, 'B42', 'Sporotrichosis', 15),
(4645, 'B42.0', 'Pulmonary sporotrichosis', 15),
(4646, 'B42.1', 'Lymphocutaneous sporotrichosis', 15),
(4647, 'B42.7', 'Disseminated sporotrichosis', 15),
(4648, 'B42.8', 'Other forms of sporotrichosis', 15),
(4649, 'B42.9', 'Sporotrichosis, unspecified', 15),
(4650, 'B43', 'Chromomycosis and pheomycotic abscess', 15),
(4651, 'B43.0', 'Cutaneous chromomycosis', 15),
(4652, 'B43.1', 'Pheomycotic brain abscess', 15),
(4653, 'B43.2', 'Subcutaneous pheomycotic abscess and cyst', 15),
(4654, 'B43.8', 'Other forms of chromomycosis', 15),
(4655, 'B43.9', 'Chromomycosis, unspecified', 15),
(4656, 'B44', 'Aspergillosis', 15),
(4657, 'B44.0', 'Invasive pulmonary aspergillosis', 15),
(4658, 'B44.1', 'Other pulmonary aspergillosis', 15),
(4659, 'B44.2', 'Tonsillar aspergillosis', 15),
(4660, 'B44.7', 'Disseminated aspergillosis', 15),
(4661, 'B44.8', 'Other forms of aspergillosis', 15),
(4662, 'B44.9', 'Aspergillosis, unspecified', 15),
(4663, 'B45', 'Cryptococcosis', 15),
(4664, 'B45.0', 'Pulmonary cryptococcosis', 15),
(4665, 'B45.1', 'Cerebral cryptococcosis', 15),
(4666, 'B45.2', 'Cutaneous cryptococcosis', 15),
(4667, 'B45.3', 'Osseous cryptococcosis', 15),
(4668, 'B45.7', 'Disseminated cryptococcosis', 15),
(4669, 'B45.8', 'Other forms of cryptococcosis', 15),
(4670, 'B45.9', 'Cryptococcosis, unspecified', 15),
(4671, 'B46', 'Zygomycosis', 15),
(4672, 'B46.0', 'Pulmonary mucormycosis', 15),
(4673, 'B46.1', 'Rhinocerebral mucormycosis', 15),
(4674, 'B46.2', 'Gastrointestinal mucormycosis', 15),
(4675, 'B46.3', 'Cutaneous mucormycosis', 15),
(4676, 'B46.4', 'Disseminated mucormycosis', 15),
(4677, 'B46.5', 'Mucormycosis, unspecified', 15),
(4678, 'B46.8', 'Other zygomycoses', 15),
(4679, 'B46.9', 'Zygomycosis, unspecified', 15),
(4680, 'B47', 'Mycetoma', 15),
(4681, 'B47.0', 'Eumycetoma', 15),
(4682, 'B47.1', 'Actinomycetoma', 15),
(4683, 'B47.9', 'Mycetoma, unspecified', 15),
(4684, 'B48', 'Other mycoses, not elsewhere classified', 15),
(4685, 'B48.0', 'Lobomycosis', 15),
(4686, 'B48.1', 'Rhinosporidiosis', 15),
(4687, 'B48.2', 'Allescheriasis', 15),
(4688, 'B48.3', 'Geotrichosis', 15),
(4689, 'B48.4', 'Penicillosis', 15),
(4690, 'B48.7', 'Opportunistic mycoses', 15),
(4691, 'B48.8', 'Other specified mycoses', 15),
(4692, 'B49', 'Unspecified mycosis', 15),
(4693, 'B50', 'Plasmodium falciparum malaria', 16),
(4694, 'B50.0', 'Plasmodium falciparum malaria with cerebral complications', 16),
(4695, 'B50.8', 'Other severe and complicated Plasmodium falciparum malaria', 16),
(4696, 'B50.9', 'Plasmodium falciparum malaria, unspecified', 16),
(4697, 'B51', 'Plasmodium vivax malaria', 16),
(4698, 'B51.0', 'Plasmodium vivax malaria with rupture of spleen', 16),
(4699, 'B51.8', 'Plasmodium vivax malaria with other complications', 16),
(4700, 'B51.9', 'Plasmodium vivax malaria without complication', 16),
(4701, 'B52', 'Plasmodium malariae malaria', 16),
(4702, 'B52.0', 'Plasmodium malariae malaria with nephropathy', 16),
(4703, 'B52.8', 'Plasmodium malariae malaria with other complications', 16),
(4704, 'B52.9', 'Plasmodium malariae malaria without complication', 16),
(4705, 'B53', 'Other parasitologically confirmed malaria', 16),
(4706, 'B53.0', 'Plasmodium ovale malaria', 16),
(4707, 'B53.1', 'Malaria due to simian plasmodia', 16),
(4708, 'B53.8', 'Other parasitologically confirmed malaria, not elsewhere classified', 16),
(4709, 'B54', 'Unspecified malaria', 16),
(4710, 'B55', 'Leishmaniasis', 16),
(4711, 'B55.0', 'Visceral leishmaniasis', 16),
(4712, 'B55.1', 'Cutaneous leishmaniasis', 16),
(4713, 'B55.2', 'Mucocutaneous leishmaniasis', 16),
(4714, 'B55.9', 'Leishmaniasis, unspecified', 16),
(4715, 'B56', 'African trypanosomiasis', 16),
(4716, 'B56.0', 'Gambiense trypanosomiasis', 16),
(4717, 'B56.1', 'Rhodesiense trypanosomiasis', 16),
(4718, 'B56.9', 'African trypanosomiasis, unspecified', 16),
(4719, 'B57', 'Chagas\' disease', 16),
(4720, 'B57.0', 'Acute Chagas\' disease with heart involvement', 16),
(4721, 'B57.1', 'Acute Chagas\' disease without heart involvement', 16),
(4722, 'B57.2', 'Chagas\' disease (chronic) with heart involvement', 16),
(4723, 'B57.3', 'Chagas\' disease (chronic) with digestive system involvement', 16),
(4724, 'B57.4', 'Chagas\' disease (chronic) with nervous system involvement', 16),
(4725, 'B57.5', 'Chagas\' disease (chronic) with other organ involvement', 16),
(4726, 'B58', 'Toxoplasmosis', 16),
(4727, 'B58.0', 'Toxoplasma oculopathy', 16),
(4728, 'B58.1', 'Toxoplasma hepatitis', 16),
(4729, 'B58.2', 'Toxoplasma meningoencephalitis', 16),
(4730, 'B58.3', 'Pulmonary toxoplasmosis', 16),
(4731, 'B58.8', 'Toxoplasmosis with other organ involvement', 16),
(4732, 'B58.9', 'Toxoplasmosis, unspecified', 16),
(4733, 'B59', 'Pneumocystosis', 16),
(4734, 'B60', 'Other protozoal diseases, not elsewhere classified', 16),
(4735, 'B60.0', 'Babesiosis', 16),
(4736, 'B60.1', 'Acanthamebiasis', 16),
(4737, 'B60.2', 'Negleriasis', 16),
(4738, 'B60.8', 'Other specified protozoal diseases', 16),
(4739, 'B64', 'Unspecified protozoal disease', 16),
(4740, 'B65', 'Schistosomiasis [bilharziasis]', 17),
(4741, 'B65.0', 'Schistosomiasis due to Schistosoma hematobium [urinary schistosomiasis]', 17),
(4742, 'B65.1', 'Schistosomiasis due to Schistosoma mansoni [intestinal schistosomiasis]', 17),
(4743, 'B65.2', 'Schistosomiasis due to Schistosoma japonicum', 17),
(4744, 'B65.3', 'Cercarial dermatitis', 17),
(4745, 'B65.8', 'Other schistosomiases', 17),
(4746, 'B65.9', 'Schistosomiasis, unspecified', 17),
(4747, 'B66', 'Other fluke infections', 17),
(4748, 'B66.0', 'Opisthorchiasis', 17),
(4749, 'B66.1', 'Clonorchiasis', 17),
(4750, 'B66.2', 'Dicroceliasis', 17),
(4751, 'B66.3', 'Fascioliasis', 17),
(4752, 'B66.4', 'Paragonimiasis', 17),
(4753, 'B66.5', 'Fasciolopsiasis', 17),
(4754, 'B66.8', 'Other specified fluke infections', 17),
(4755, 'B66.9', 'Fluke infection, unspecified', 17),
(4756, 'B67', 'Echinococcosis', 17),
(4757, 'B67.0', 'Echinococcus granulosus infection of liver', 17),
(4758, 'B67.1', 'Echinococcus granulosus infection of lung', 17),
(4759, 'B67.2', 'Echinococcus granulosus infection of bone', 17),
(4760, 'B67.3', 'Echinococcus granulosus infection, other and multiple sites', 17),
(4761, 'B67.4', 'Echinococcus granulosus infection, unspecified', 17),
(4762, 'B67.5', 'Echinococcus multilocularis infection of liver', 17),
(4763, 'B67.6', 'Echinococcus multilocularis infection, other and multiple sites', 17),
(4764, 'B67.7', 'Echinococcus multilocularis infection, unspecified', 17),
(4765, 'B67.8', 'Echinococcosis, unspecified, of liver', 17),
(4766, 'B67.9', 'Echinococcosis, other and unspecified', 17),
(4767, 'B68', 'Teniasis', 17),
(4768, 'B68.0', 'Tenia solium teniasis', 17),
(4769, 'B68.1', 'Tenia saginata teniasis', 17),
(4770, 'B68.9', 'Teniasis, unspecified', 17),
(4771, 'B69', 'Cysticercosis', 17),
(4772, 'B69.0', 'Cysticercosis of central nervous system', 17),
(4773, 'B69.1', 'Cysticercosis of eye', 17),
(4774, 'B69.8', 'Cysticercosis of other sites', 17),
(4775, 'B69.9', 'Cysticercosis, unspecified', 17),
(4776, 'B70', 'Diphyllobothriasis and sparganosis', 17),
(4777, 'B70.0', 'Diphyllobothriasis', 17),
(4778, 'B70.1', 'Sparganosis', 17),
(4779, 'B71', 'Other cestode infections', 17),
(4780, 'B71.0', 'Hymenolepiasis', 17),
(4781, 'B71.1', 'Dipylidiasis', 17),
(4782, 'B71.8', 'Other specified cestode infections', 17),
(4783, 'B71.9', 'Cestode infection, unspecified', 17),
(4784, 'B72', 'Dracunculiasis', 17),
(4785, 'B73', 'Onchocerciasis', 17),
(4786, 'B74', 'Filariasis', 17),
(4787, 'B74.0', 'Filariasis due to Wuchereria bancrofti', 17),
(4788, 'B74.1', 'Filariasis due to Brugia malayi', 17),
(4789, 'B74.2', 'Filariasis due to Brugia timori', 17),
(4790, 'B74.3', 'Loiasis', 17),
(4791, 'B74.4', 'Mansonelliasis', 17),
(4792, 'B74.8', 'Other filariases', 17),
(4793, 'B74.9', 'Filariasis, unspecified', 17),
(4794, 'B75', 'Trichinellosis', 17),
(4795, 'B76', 'Hookworm diseases', 17),
(4796, 'B76.0', 'Ancylostomiasis', 17),
(4797, 'B76.1', 'Necatoriasis', 17),
(4798, 'B76.8', 'Other hookworm diseases', 17),
(4799, 'B76.9', 'Hookworm disease, unspecified', 17),
(4800, 'B77', 'Ascariasis', 17),
(4801, 'B77.0', 'Ascariasis with intestinal complications', 17),
(4802, 'B77.8', 'Ascariasis with other complications', 17),
(4803, 'B77.9', 'Ascariasis, unspecified', 17),
(4804, 'B78', 'Strongyloidiasis', 17),
(4805, 'B78.0', 'Intestinal strongyloidiasis', 17),
(4806, 'B78.1', 'Cutaneous strongyloidiasis', 17),
(4807, 'B78.7', 'Disseminated strongyloidiasis', 17),
(4808, 'B78.9', 'Strongyloidiasis, unspecified', 17),
(4809, 'B79', 'Trichuriasis', 17),
(4810, 'B80', 'Enterobiasis', 17),
(4811, 'B81', 'Other intestinal helminthiases, not elsewhere classified', 17),
(4812, 'B81.0', 'Anisakiasis', 17),
(4813, 'B81.1', 'Intestinal capillariasis', 17),
(4814, 'B81.2', 'Trichostrongyliasis', 17),
(4815, 'B81.3', 'Intestinal angiostrongyliasis', 17),
(4816, 'B81.4', 'Mixed intestinal helminthiases', 17),
(4817, 'B81.8', 'Other specified intestinal helminthiases', 17),
(4818, 'B82', 'Unspecified intestinal parasitism', 17),
(4819, 'B82.0', 'Intestinal helminthiasis, unspecified', 17),
(4820, 'B82.9', 'Intestinal parasitism, unspecified', 17),
(4821, 'B83', 'Other helminthiases', 17),
(4822, 'B83.0', 'Visceral larva migrans', 17),
(4823, 'B83.1', 'Gnathostomiasis', 17),
(4824, 'B83.2', 'Angiostrongyliasis due to Parastrongylus cantonensis', 17),
(4825, 'B83.3', 'Syngamiasis', 17),
(4826, 'B83.4', 'Internal hirudiniasis', 17),
(4827, 'B83.8', 'Other specified helminthiases', 17),
(4828, 'B83.9', 'Helminthiasis, unspecified', 17),
(4829, 'B85', 'Pediculosis and phthiriasis', 18),
(4830, 'B85.0', 'Pediculosis due to Pediculus humanus capitis', 18),
(4831, 'B85.1', 'Pediculosis due to Pediculus humanus corporis', 18),
(4832, 'B85.2', 'Pediculosis, unspecified', 18),
(4833, 'B85.3', 'Phthiriasis', 18),
(4834, 'B85.4', 'Mixed pediculosis and phthiriasis', 18),
(4835, 'B86', 'Scabies', 18),
(4836, 'B87', 'Myiasis', 18),
(4837, 'B87.0', 'Cutaneous myiasis', 18),
(4838, 'B87.1', 'Wound myiasis', 18),
(4839, 'B87.2', 'Ocular myiasis', 18),
(4840, 'B87.3', 'Nasopharyngeal myiasis', 18),
(4841, 'B87.4', 'Aural myiasis', 18),
(4842, 'B87.8', 'Myiasis of other sites', 18),
(4843, 'B87.9', 'Myiasis, unspecified', 18),
(4844, 'B88', 'Other infestations', 18),
(4845, 'B88.0', 'Other acariasis', 18),
(4846, 'B88.1', 'Tungiasis [sand flea infestation]', 18),
(4847, 'B88.2', 'Other arthropod infestations', 18),
(4848, 'B88.3', 'External hirudiniasis', 18),
(4849, 'B88.8', 'Other specified infestations', 18),
(4850, 'B88.9', 'Infestation, unspecified', 18),
(4851, 'B89', 'Unspecified parasitic disease', 18),
(4852, 'B90', 'Sequelae of tuberculosis', 19),
(4853, 'B90.0', 'Sequelae of central nervous system tuberculosis', 19),
(4854, 'B90.1', 'Sequelae of genitourinary tuberculosis', 19),
(4855, 'B90.2', 'Sequelae of tuberculosis of bones and joints', 19),
(4856, 'B90.8', 'Sequelae of tuberculosis of other organs', 19),
(4857, 'B90.9', 'Sequelae of respiratory and unspecified tuberculosis', 19),
(4858, 'B91', 'Sequelae of poliomyelitis', 19),
(4859, 'B92', 'Sequelae of leprosy', 19),
(4860, 'B94', 'Sequelae of other and unspecified infectious and parasitic diseases', 19),
(4861, 'B94.0', 'Sequelae of trachoma', 19),
(4862, 'B94.1', 'Sequelae of viral encephalitis', 19),
(4863, 'B94.2', 'Sequelae of viral hepatitis', 19),
(4864, 'B94.8', 'Sequelae of other specified infectious and parasitic diseases', 19),
(4865, 'B94.9', 'Sequelae of unspecified infectious or parasitic disease', 19),
(4866, 'B99', 'Other and unspecified infectious diseases', 21),
(4867, 'C00', 'Malignant neoplasm of lip', 24),
(4868, 'C00.0', 'External upper lip', 24),
(4869, 'C00.1', 'External lower lip', 24),
(4870, 'C00.2', 'External lip, unspecified', 24),
(4871, 'C00.3', 'Upper lip, inner aspect', 24),
(4872, 'C00.4', 'Lower lip, inner aspect', 24),
(4873, 'C00.5', 'Lip, unspecified, inner aspect', 24),
(4874, 'C00.6', 'Commissure of lip', 24),
(4875, 'C00.8', 'Overlapping lesion of lip', 24),
(4876, 'C00.9', 'Lip, unspecified', 24),
(4877, 'C01', 'Malignant neoplasm of base of tongue', 24),
(4878, 'C02', 'Malignant neoplasm of other and unspecified parts of tongue', 24),
(4879, 'C02.0', 'Dorsal surface of tongue', 24),
(4880, 'C02.1', 'Border of tongue', 24),
(4881, 'C02.2', 'Ventral surface of tongue', 24),
(4882, 'C02.3', 'Anterior two-thirds of tongue, part unspecified', 24),
(4883, 'C02.4', 'Lingual tonsil', 24),
(4884, 'C02.8', 'Overlapping lesion of tongue', 24),
(4885, 'C02.9', 'Tongue, unspecified', 24),
(4886, 'C03', 'Malignant neoplasm of gum', 24),
(4887, 'C03.0', 'Upper gum', 24),
(4888, 'C03.1', 'Lower gum', 24),
(4889, 'C03.9', 'Gum, unspecified', 24),
(4890, 'C04', 'Malignant neoplasm of floor of mouth', 24),
(4891, 'C04.0', 'Anterior floor of mouth', 24),
(4892, 'C04.1', 'Lateral floor of mouth', 24),
(4893, 'C04.8', 'Overlapping lesion of floor of mouth', 24),
(4894, 'C04.9', 'Floor of mouth, unspecified', 24),
(4895, 'C05', 'Malignant neoplasm of palate', 24),
(4896, 'C05.0', 'Hard palate', 24),
(4897, 'C05.1', 'Soft palate', 24),
(4898, 'C05.2', 'Uvula', 24),
(4899, 'C05.8', 'Overlapping lesion of palate', 24),
(4900, 'C05.9', 'Palate, unspecified', 24),
(4901, 'C06', 'Malignant neoplasm of other and unspecified parts of mouth', 24),
(4902, 'C06.0', 'Cheek mucosa', 24),
(4903, 'C06.1', 'Vestibule of mouth', 24),
(4904, 'C06.2', 'Retromolar area', 24),
(4905, 'C06.8', 'Overlapping lesion of other and unspecified parts of mouth', 24),
(4906, 'C06.9', 'Mouth, unspecified', 24),
(4907, 'C07', 'Malignant neoplasm of parotid gland', 24),
(4908, 'C08', 'Malignant neoplasm of other and unspecified major salivary glands', 24),
(4909, 'C08.0', 'Submandibular gland', 24),
(4910, 'C08.1', 'Sublingual gland', 24),
(4911, 'C08.8', 'Overlapping lesion of major salivary glands', 24),
(4912, 'C08.9', 'Major salivary gland, unspecified', 24),
(4913, 'C09', 'Malignant neoplasm of tonsil', 24),
(4914, 'C09.0', 'Tonsillar fossa', 24),
(4915, 'C09.1', 'Tonsillar pillar (anterior) (posterior)', 24),
(4916, 'C09.8', 'Overlapping lesion of tonsil', 24),
(4917, 'C09.9', 'Tonsil, unspecified', 24),
(4918, 'C10', 'Malignant neoplasm of oropharynx', 24),
(4919, 'C10.0', 'Vallecula', 24),
(4920, 'C10.1', 'Anterior surface of epiglottis', 24),
(4921, 'C10.2', 'Lateral wall of oropharynx', 24),
(4922, 'C10.3', 'Posterior wall of oropharynx', 24),
(4923, 'C10.4', 'Branchial cleft', 24),
(4924, 'C10.8', 'Overlapping lesion of oropharynx', 24),
(4925, 'C10.9', 'Oropharynx, unspecified', 24),
(4926, 'C11', 'Malignant neoplasm of nasopharynx', 24),
(4927, 'C11.0', 'Superior wall of nasopharynx', 24),
(4928, 'C11.1', 'Posterior wall of nasopharynx', 24),
(4929, 'C11.2', 'Lateral wall of nasopharynx', 24),
(4930, 'C11.3', 'Anterior wall of nasopharynx', 24),
(4931, 'C11.8', 'Overlapping lesion of nasopharynx', 24),
(4932, 'C11.9', 'Nasopharynx, unspecified', 24),
(4933, 'C12', 'Malignant neoplasm of pyriform sinus', 24),
(4934, 'C13', 'Malignant neoplasm of hypopharynx', 24),
(4935, 'C13.0', 'Postcricoid region', 24),
(4936, 'C13.1', 'Aryepiglottic fold, hypopharyngeal aspect', 24),
(4937, 'C13.2', 'Posterior wall of hypopharynx', 24),
(4938, 'C13.8', 'Overlapping lesion of hypopharynx', 24),
(4939, 'C13.9', 'Hypopharynx, unspecified', 24),
(4940, 'C14', 'Malignant neoplasm of other and ill-defined sites in the lip, oral cavity, and pharynx', 24),
(4941, 'C14.0', 'Pharynx, unspecified', 24),
(4942, 'C14.2', 'Waldeyer\'s ring', 24),
(4943, 'C14.8', 'Overlapping lesion of lip, oral cavity, and pharynx', 24),
(4944, 'C15', 'Malignant neoplasm of esophagus', 25),
(4945, 'C15.0', 'Cervical part of esophagus', 25),
(4946, 'C15.1', 'Thoracic part of esophagus', 25),
(4947, 'C15.2', 'Abdominal part of esophagus', 25);
INSERT INTO `diseases` (`id`, `disease_code`, `disease_name`, `section_id`) VALUES
(4948, 'C15.3', 'Upper third of esophagus', 25),
(4949, 'C15.4', 'Middle third of esophagus', 25),
(4950, 'C15.5', 'Lower third of esophagus', 25),
(4951, 'C15.8', 'Overlapping lesion of esophagus', 25),
(4952, 'C15.9', 'Esophagus, unspecified', 25),
(4953, 'C16', 'Malignant neoplasm of stomach', 25),
(4954, 'C16.0', 'Cardia', 25),
(4955, 'C16.1', 'Fundus of stomach', 25),
(4956, 'C16.2', 'Body of stomach', 25),
(4957, 'C16.3', 'Pyloric antrum', 25),
(4958, 'C16.4', 'Pylorus', 25),
(4959, 'C16.5', 'Lesser curvature of stomach, unspecified', 25),
(4960, 'C16.6', 'Greater curvature of stomach, unspecified', 25),
(4961, 'C16.8', 'Overlapping lesion of stomach', 25),
(4962, 'C16.9', 'Stomach, unspecified', 25),
(4963, 'C17', 'Malignant neoplasm of small intestine', 25),
(4964, 'C17.0', 'Duodenum', 25),
(4965, 'C17.1', 'Jejunum', 25),
(4966, 'C17.2', 'Ileum', 25),
(4967, 'C17.3', 'Meckel\'s diverticulum', 25),
(4968, 'C17.8', 'Overlapping lesion of small intestine', 25),
(4969, 'C17.9', 'Small intestine, unspecified', 25),
(4970, 'C18', 'Malignant neoplasm of colon', 25),
(4971, 'C18.0', 'Cecum', 25),
(4972, 'C18.1', 'Appendix', 25),
(4973, 'C18.2', 'Ascending colon', 25),
(4974, 'C18.3', 'Hepatic flexure', 25),
(4975, 'C18.4', 'Transverse colon', 25),
(4976, 'C18.5', 'Splenic flexure', 25),
(4977, 'C18.6', 'Descending colon', 25),
(4978, 'C18.7', 'Sigmoid colon', 25),
(4979, 'C18.8', 'Overlapping lesion of colon', 25),
(4980, 'C18.9', 'Colon, unspecified', 25),
(4981, 'C19', 'Malignant neoplasm of rectosigmoid junction', 25),
(4982, 'C20', 'Malignant neoplasm of rectum', 25),
(4983, 'C21', 'Malignant neoplasm of anus and anal canal', 25),
(4984, 'C21.0', 'Anus, unspecified', 25),
(4985, 'C21.1', 'Anal canal', 25),
(4986, 'C21.2', 'Cloacogenic zone', 25),
(4987, 'C21.8', 'Overlapping lesion of rectum, anus, and anal canal', 25),
(4988, 'C22', 'Malignant neoplasm of liver and intrahepatic bile ducts', 25),
(4989, 'C22.0', 'Liver cell carcinoma', 25),
(4990, 'C22.1', 'Intrahepatic bile duct carcinoma', 25),
(4991, 'C22.2', 'Hepatoblastoma', 25),
(4992, 'C22.3', 'Angiosarcoma of liver', 25),
(4993, 'C22.4', 'Other sarcomas of liver', 25),
(4994, 'C22.7', 'Other specified carcinomas of liver', 25),
(4995, 'C22.9', 'Liver, unspecified', 25),
(4996, 'C23', 'Malignant neoplasm of gallbladder', 25),
(4997, 'C24', 'Malignant neoplasm of other and unspecified parts of biliary tract', 25),
(4998, 'C24.0', 'Extrahepatic bile duct', 25),
(4999, 'C24.1', 'Ampulla of Vater', 25),
(5000, 'C24.8', 'Overlapping lesion of biliary tract', 25),
(5001, 'C24.9', 'Biliary tract, unspecified', 25),
(5002, 'C25', 'Malignant neoplasm of pancreas', 25),
(5003, 'C25.0', 'Head of pancreas', 25),
(5004, 'C25.1', 'Body of pancreas', 25),
(5005, 'C25.2', 'Tail of pancreas', 25),
(5006, 'C25.3', 'Pancreatic duct', 25),
(5007, 'C25.4', 'Endocrine pancreas', 25),
(5008, 'C25.7', 'Other parts of pancreas', 25),
(5009, 'C25.8', 'Overlapping lesion of pancreas', 25),
(5010, 'C25.9', 'Pancreas, unspecified', 25),
(5011, 'C26', 'Malignant neoplasm of other and ill-defined digestive organs', 25),
(5012, 'C26.0', 'Intestinal tract, part unspecified', 25),
(5013, 'C26.1', 'Spleen', 25),
(5014, 'C26.8', 'Overlapping lesion of digestive system', 25),
(5015, 'C26.9', 'Ill-defined sites within the digestive system', 25),
(5016, 'C30', 'Malignant neoplasm of nasal cavity and middle ear', 26),
(5017, 'C30.0', 'Nasal cavity', 26),
(5018, 'C30.1', 'Middle ear', 26),
(5019, 'C31', 'Malignant neoplasm of accessory sinuses', 26),
(5020, 'C31.0', 'Maxillary sinus', 26),
(5021, 'C31.1', 'Ethmoidal sinus', 26),
(5022, 'C31.2', 'Frontal sinus', 26),
(5023, 'C31.3', 'Sphenoidal sinus', 26),
(5024, 'C31.8', 'Overlapping lesion of accessory sinuses', 26),
(5025, 'C31.9', 'Accessory sinus, unspecified', 26),
(5026, 'C32', 'Malignant neoplasm of larynx', 26),
(5027, 'C32.0', 'Glottis', 26),
(5028, 'C32.1', 'Supraglottis', 26),
(5029, 'C32.2', 'Subglottis', 26),
(5030, 'C32.3', 'Laryngeal cartilage', 26),
(5031, 'C32.8', 'Overlapping lesion of larynx', 26),
(5032, 'C32.9', 'Larynx, unspecified', 26),
(5033, 'C33', 'Malignant neoplasm of trachea', 26),
(5034, 'C34', 'Malignant neoplasm of bronchus and lung', 26),
(5035, 'C34.0', 'Main bronchus', 26),
(5036, 'C34.1', 'Upper lobe, bronchus or lung', 26),
(5037, 'C34.2', 'Middle lobe, bronchus or lung', 26),
(5038, 'C34.3', 'Lower lobe, bronchus or lung', 26),
(5039, 'C34.8', 'Overlapping lesion of bronchus and lung', 26),
(5040, 'C34.9', 'Bronchus or lung, unspecified', 26),
(5041, 'C37', 'Malignant neoplasm of thymus', 26),
(5042, 'C38', 'Malignant neoplasm of heart, mediastinum, and pleura', 26),
(5043, 'C38.0', 'Heart', 26),
(5044, 'C38.1', 'Anterior mediastinum', 26),
(5045, 'C38.2', 'Posterior mediastinum', 26),
(5046, 'C38.3', 'Mediastinum, part unspecified', 26),
(5047, 'C38.4', 'Pleura', 26),
(5048, 'C38.8', 'Overlapping lesion of heart, mediastinum, and pleura', 26),
(5049, 'C39', 'Malignant neoplasm of other and ill-defined sites in the respiratory system and intrathoracic organs', 26),
(5050, 'C39.0', 'Upper respiratory tract, part unspecified', 26),
(5051, 'C39.8', 'Overlapping lesion of respiratory and intrathoracic organs', 26),
(5052, 'C39.9', 'Ill-defined sites within the respiratory system', 26),
(5053, 'C40', 'Malignant neoplasm of bone and articular cartilage of limbs', 27),
(5054, 'C40.0', 'Scapula and long bones of upper limb', 27),
(5055, 'C40.1', 'Short bones of upper limb', 27),
(5056, 'C40.2', 'Long bones of lower limb', 27),
(5057, 'C40.3', 'Short bones of lower limb', 27),
(5058, 'C40.8', 'Overlapping lesion of bone and articular cartilage of limbs', 27),
(5059, 'C40.9', 'Bone and articular cartilage of limb, unspecified', 27),
(5060, 'C41', 'Malignant neoplasm of bone and articular cartilage of other and unspecified sites', 27),
(5061, 'C41.0', 'Bones of skull and face', 27),
(5062, 'C41.1', 'Mandible', 27),
(5063, 'C41.2', 'Vertebral column', 27),
(5064, 'C41.3', 'Ribs, sternum, and clavicle', 27),
(5065, 'C41.4', 'Pelvic bones, sacrum, and coccyx', 27),
(5066, 'C41.8', 'Overlapping lesion of bone and articular cartilage', 27),
(5067, 'C41.9', 'Bone and articular cartilage, unspecified', 27),
(5068, 'C43', 'Malignant melanoma of skin', 28),
(5069, 'C43.0', 'Malignant melanoma of lip', 28),
(5070, 'C43.1', 'Malignant melanoma of eyelid, including canthus', 28),
(5071, 'C43.2', 'Malignant melanoma of ear and external auricular canal', 28),
(5072, 'C43.3', 'Malignant melanoma of other and unspecified parts of face', 28),
(5073, 'C43.4', 'Malignant melanoma of scalp and neck', 28),
(5074, 'C43.5', 'Malignant melanoma of trunk', 28),
(5075, 'C43.6', 'Malignant melanoma of upper limb, including shoulder', 28),
(5076, 'C43.7', 'Malignant melanoma of lower limb, including hip', 28),
(5077, 'C43.8', 'Overlapping malignant melanoma of skin', 28),
(5078, 'C43.9', 'Malignant melanoma of skin, unspecified', 28),
(5079, 'C44', 'Other malignant neoplasms of skin', 28),
(5080, 'C44.0', 'Skin of lip', 28),
(5081, 'C44.1', 'Skin of eyelid, including canthus', 28),
(5082, 'C44.2', 'Skin of ear and external auricular canal', 28),
(5083, 'C44.3', 'Skin of other and unspecified parts of face', 28),
(5084, 'C44.4', 'Skin of scalp and neck', 28),
(5085, 'C44.5', 'Skin of trunk', 28),
(5086, 'C44.6', 'Skin of upper limb, including shoulder', 28),
(5087, 'C44.7', 'Skin of lower limb, including hip', 28),
(5088, 'C44.8', 'Overlapping lesion of skin', 28),
(5089, 'C44.9', 'Malignant neoplasm of skin, unspecified', 28),
(5090, 'C45', 'Mesothelioma', 29),
(5091, 'C45.0', 'Mesothelioma of pleura', 29),
(5092, 'C45.1', 'Mesothelioma of peritoneum', 29),
(5093, 'C45.2', 'Mesothelioma of pericardium', 29),
(5094, 'C45.7', 'Mesothelioma of other sites', 29),
(5095, 'C45.9', 'Mesothelioma, unspecified', 29),
(5096, 'C46', 'Kaposi\'s sarcoma', 29),
(5097, 'C46.0', 'Kaposi\'s sarcoma of skin', 29),
(5098, 'C46.1', 'Kaposi\'s sarcoma of soft tissue', 29),
(5099, 'C46.2', 'Kaposi\'s sarcoma of palate', 29),
(5100, 'C46.3', 'Kaposi\'s sarcoma of lymph nodes', 29),
(5101, 'C46.7', 'Kaposi\'s sarcoma of other sites', 29),
(5102, 'C46.8', 'Kaposi\'s sarcoma of multiple organs', 29),
(5103, 'C46.9', 'Kaposi\'s sarcoma, unspecified', 29),
(5104, 'C47', 'Malignant neoplasm of peripheral nerves and autonomic nervous system', 29),
(5105, 'C47.0', 'Peripheral nerves of head, face, and neck', 29),
(5106, 'C47.1', 'Peripheral nerves of upper limb, including shoulder', 29),
(5107, 'C47.2', 'Peripheral nerves of lower limb, including hip', 29),
(5108, 'C47.3', 'Peripheral nerves of thorax', 29),
(5109, 'C47.4', 'Peripheral nerves of abdomen', 29),
(5110, 'C47.5', 'Peripheral nerves of pelvis', 29),
(5111, 'C47.6', 'Peripheral nerves of trunk, unspecified', 29),
(5112, 'C47.8', 'Overlapping lesion of peripheral nerves and autonomic nervous system', 29),
(5113, 'C47.9', 'Peripheral nerves and autonomic nervous system, unspecified', 29),
(5114, 'C48', 'Malignant neoplasm of retroperitoneum and peritoneum', 29),
(5115, 'C48.0', 'Retroperitoneum', 29),
(5116, 'C48.1', 'Specified parts of peritoneum', 29),
(5117, 'C48.2', 'Peritoneum, unspecified', 29),
(5118, 'C48.8', 'Overlapping lesion of retroperitoneum and peritoneum', 29),
(5119, 'C49', 'Malignant neoplasm of other connective and soft tissue', 29),
(5120, 'C49.0', 'Connective and soft tissue of head, face, and neck', 29),
(5121, 'C49.1', 'Connective and soft tissue of upper limb, including shoulder', 29),
(5122, 'C49.2', 'Connective and soft tissue of lower limb, including hip', 29),
(5123, 'C49.3', 'Connective and soft tissue of thorax', 29),
(5124, 'C49.4', 'Connective and soft tissue of abdomen', 29),
(5125, 'C49.5', 'Connective and soft tissue of pelvis', 29),
(5126, 'C49.6', 'Connective and soft tissue of trunk, unspecified', 29),
(5127, 'C49.8', 'Overlapping lesion of connective and soft tissue', 29),
(5128, 'C49.9', 'Connective and soft tissue, unspecified', 29),
(5129, 'C50', 'Malignant neoplasm of breast', 30),
(5130, 'C50.0', 'Nipple and areola', 30),
(5131, 'C50.1', 'Central portion of breast', 30),
(5132, 'C50.2', 'Upper-inner quadrant of breast', 30),
(5133, 'C50.3', 'Lower-inner quadrant of breast', 30),
(5134, 'C50.4', 'Upper-outer quadrant of breast', 30),
(5135, 'C50.5', 'Lower-outer quadrant of breast', 30),
(5136, 'C50.6', 'Axillary tail of breast', 30),
(5137, 'C50.8', 'Overlapping lesion of breast', 30),
(5138, 'C50.9', 'Breast, unspecified', 30),
(5139, 'C51', 'Malignant neoplasm of vulva', 31),
(5140, 'C51.0', 'Labium majus', 31),
(5141, 'C51.1', 'Labium minus', 31),
(5142, 'C51.2', 'Clitoris', 31),
(5143, 'C51.8', 'Overlapping lesion of vulva', 31),
(5144, 'C51.9', 'Vulva, unspecified', 31),
(5145, 'C52', 'Malignant neoplasm of vagina', 31),
(5146, 'C53', 'Malignant neoplasm of cervix uteri', 31),
(5147, 'C53.0', 'Endocervix', 31),
(5148, 'C53.1', 'Exocervix', 31),
(5149, 'C53.8', 'Overlapping lesion of cervix uteri', 31),
(5150, 'C53.9', 'Cervix uteri, unspecified', 31),
(5151, 'C54', 'Malignant neoplasm of corpus uteri', 31),
(5152, 'C54.0', 'Isthmus uteri', 31),
(5153, 'C54.1', 'Endometrium', 31),
(5154, 'C54.2', 'Myometrium', 31),
(5155, 'C54.3', 'Fundus uteri', 31),
(5156, 'C54.8', 'Overlapping lesion of corpus uteri', 31),
(5157, 'C54.9', 'Corpus uteri, unspecified', 31),
(5158, 'C55', 'Malignant neoplasm of uterus, part unspecified', 31),
(5159, 'C56', 'Malignant neoplasm of ovary', 31),
(5160, 'C57', 'Malignant neoplasm of other and unspecified female genital organs', 31),
(5161, 'C57.0', 'Fallopian tube', 31),
(5162, 'C57.1', 'Broad ligament', 31),
(5163, 'C57.2', 'Round ligament', 31),
(5164, 'C57.3', 'Parametrium', 31),
(5165, 'C57.4', 'Uterine adnexa, unspecified', 31),
(5166, 'C57.7', 'Other specified female genital organs', 31),
(5167, 'C57.8', 'Overlapping lesion of female genital organs', 31),
(5168, 'C57.9', 'Female genital organ, unspecified', 31),
(5169, 'C58', 'Malignant neoplasm of placenta', 31),
(5170, 'C60', 'Malignant neoplasm of penis', 32),
(5171, 'C60.0', 'Prepuce', 32),
(5172, 'C60.1', 'Glans penis', 32),
(5173, 'C60.2', 'Body of penis', 32),
(5174, 'C60.8', 'Overlapping lesion of penis', 32),
(5175, 'C60.9', 'Penis, unspecified', 32),
(5176, 'C61', 'Malignant neoplasm of prostate', 32),
(5177, 'C62', 'Malignant neoplasm of testis', 32),
(5178, 'C62.0', 'Undescended testis', 32),
(5179, 'C62.1', 'Descended testis', 32),
(5180, 'C62.9', 'Testis, unspecified', 32),
(5181, 'C63', 'Malignant neoplasm of other and unspecified male genital organs', 32),
(5182, 'C63.0', 'Epididymis', 32),
(5183, 'C63.1', 'Spermatic cord', 32),
(5184, 'C63.2', 'Scrotum', 32),
(5185, 'C63.7', 'Other specified male genital organs', 32),
(5186, 'C63.8', 'Overlapping lesion of male genital organs', 32),
(5187, 'C63.9', 'Male genital organ, unspecified', 32),
(5188, 'C64', 'Malignant neoplasm of kidney, except renal pelvis', 33),
(5189, 'C65', 'Malignant neoplasm of renal pelvis', 33),
(5190, 'C66', 'Malignant neoplasm of ureter', 33),
(5191, 'C67', 'Malignant neoplasm of bladder', 33),
(5192, 'C67.0', 'Trigone of bladder', 33),
(5193, 'C67.1', 'Dome of bladder', 33),
(5194, 'C67.2', 'Lateral wall of bladder', 33),
(5195, 'C67.3', 'Anterior wall of bladder', 33),
(5196, 'C67.4', 'Posterior wall of bladder', 33),
(5197, 'C67.5', 'Bladder neck', 33),
(5198, 'C67.6', 'Ureteric orifice', 33),
(5199, 'C67.7', 'Urachus', 33),
(5200, 'C67.8', 'Overlapping lesion of bladder', 33),
(5201, 'C67.9', 'Bladder, unspecified', 33),
(5202, 'C68', 'Malignant neoplasm of other and unspecified urinary organs', 33),
(5203, 'C68.0', 'Urethra', 33),
(5204, 'C68.1', 'Paraurethral glands', 33),
(5205, 'C68.8', 'Overlapping lesion of urinary organs', 33),
(5206, 'C68.9', 'Urinary organ, unspecified', 33),
(5207, 'C69', 'Malignant neoplasm of eye and adnexa', 34),
(5208, 'C69.0', 'Conjunctiva', 34),
(5209, 'C69.1', 'Cornea', 34),
(5210, 'C69.2', 'Retina', 34),
(5211, 'C69.3', 'Choroid', 34),
(5212, 'C69.4', 'Ciliary body', 34),
(5213, 'C69.5', 'Lacrimal gland and duct', 34),
(5214, 'C69.6', 'Orbit', 34),
(5215, 'C69.8', 'Overlapping lesion of eye and adnexa', 34),
(5216, 'C69.9', 'Eye, unspecified', 34),
(5217, 'C70', 'Malignant neoplasm of meninges', 34),
(5218, 'C70.0', 'Cerebral meninges', 34),
(5219, 'C70.1', 'Spinal meninges', 34),
(5220, 'C70.9', 'Meninges, unspecified', 34),
(5221, 'C71', 'Malignant neoplasm of brain', 34),
(5222, 'C71.0', 'Cerebrum, except lobes and ventricles', 34),
(5223, 'C71.1', 'Frontal lobe', 34),
(5224, 'C71.2', 'Temporal lobe', 34),
(5225, 'C71.3', 'Parietal lobe', 34),
(5226, 'C71.4', 'Occipital lobe', 34),
(5227, 'C71.5', 'Cerebral ventricle', 34),
(5228, 'C71.6', 'Cerebellum', 34),
(5229, 'C71.7', 'Brain stem', 34),
(5230, 'C71.8', 'Overlapping lesion of brain', 34),
(5231, 'C71.9', 'Brain, unspecified', 34),
(5232, 'C72', 'Malignant neoplasm of spinal cord, cranial nerves, and other parts of central nervous system', 34),
(5233, 'C72.0', 'Spinal cord', 34),
(5234, 'C72.1', 'Cauda equina', 34),
(5235, 'C72.2', 'Olfactory nerve', 34),
(5236, 'C72.3', 'Optic nerve', 34),
(5237, 'C72.4', 'Acoustic nerve', 34),
(5238, 'C72.5', 'Other and unspecified cranial nerves', 34),
(5239, 'C72.8', 'Overlapping lesion of brain and other parts of central nervous system', 34),
(5240, 'C72.9', 'Central nervous system, unspecified', 34),
(5241, 'C73', 'Malignant neoplasm of thyroid gland', 35),
(5242, 'C74', 'Malignant neoplasm of adrenal gland', 35),
(5243, 'C74.0', 'Cortex of adrenal gland', 35),
(5244, 'C74.1', 'Medulla of adrenal gland', 35),
(5245, 'C74.9', 'Adrenal gland, unspecified', 35),
(5246, 'C75', 'Malignant neoplasm of other endocrine glands and related structures', 35),
(5247, 'C75.0', 'Parathyroid gland', 35),
(5248, 'C75.1', 'Pituitary gland', 35),
(5249, 'C75.2', 'Craniopharyngeal duct', 35),
(5250, 'C75.3', 'Pineal gland', 35),
(5251, 'C75.4', 'Carotid body', 35),
(5252, 'C75.5', 'Aortic body and other paraganglia', 35),
(5253, 'C75.8', 'Pluriglandular involvement, unspecified', 35),
(5254, 'C75.9', 'Endocrine gland, unspecified', 35),
(5255, 'C76', 'Malignant neoplasm of other and ill-defined sites', 36),
(5256, 'C76.0', 'Head, face, and neck', 36),
(5257, 'C76.1', 'Thorax', 36),
(5258, 'C76.2', 'Abdomen', 36),
(5259, 'C76.3', 'Pelvis', 36),
(5260, 'C76.4', 'Upper limb', 36),
(5261, 'C76.5', 'Lower limb', 36),
(5262, 'C76.7', 'Other ill-defined sites', 36),
(5263, 'C76.8', 'Overlapping lesion of other and ill-defined sites', 36),
(5264, 'C77', 'Secondary and unspecified malignant neoplasm of lymph nodes', 36),
(5265, 'C77.0', 'Lymph nodes of head, face, and neck', 36),
(5266, 'C77.1', 'Intrathoracic lymph nodes', 36),
(5267, 'C77.2', 'Intra-abdominal lymph nodes', 36),
(5268, 'C77.3', 'Axillary and upper limb lymph nodes', 36),
(5269, 'C77.4', 'Inguinal and lower limb lymph nodes', 36),
(5270, 'C77.5', 'Intrapelvic lymph nodes', 36),
(5271, 'C77.8', 'Lymph nodes of multiple regions', 36),
(5272, 'C77.9', 'Lymph node, unspecified', 36),
(5273, 'C78', 'Secondary malignant neoplasm of respiratory and digestive organs', 36),
(5274, 'C78.0', 'Secondary malignant neoplasm of lung', 36),
(5275, 'C78.1', 'Secondary malignant neoplasm of mediastinum', 36),
(5276, 'C78.2', 'Secondary malignant neoplasm of pleura', 36),
(5277, 'C78.3', 'Secondary malignant neoplasm of other and unspecified respiratory organs', 36),
(5278, 'C78.4', 'Secondary malignant neoplasm of small intestine', 36),
(5279, 'C78.5', 'Secondary malignant neoplasm of large intestine and rectum', 36),
(5280, 'C78.6', 'Secondary malignant neoplasm of retroperitoneum and peritoneum', 36),
(5281, 'C78.7', 'Secondary malignant neoplasm of liver', 36),
(5282, 'C78.8', 'Secondary malignant neoplasm of other and unspecified digestive organs', 36),
(5283, 'C79', 'Secondary malignant neoplasm of other sites', 36),
(5284, 'C79.0', 'Secondary malignant neoplasm of kidney and renal pelvis', 36),
(5285, 'C79.1', 'Secondary malignant neoplasm of bladder and other and unspecified urinary organs', 36),
(5286, 'C79.2', 'Secondary malignant neoplasm of skin', 36),
(5287, 'C79.3', 'Secondary malignant neoplasm of brain and cerebral meninges', 36),
(5288, 'C79.4', 'Secondary malignant neoplasm of other and unspecified parts of nervous system', 36),
(5289, 'C79.5', 'Secondary malignant neoplasm of bone and bone marrow', 36),
(5290, 'C79.6', 'Secondary malignant neoplasm of ovary', 36),
(5291, 'C79.7', 'Secondary malignant neoplasm of adrenal gland', 36),
(5292, 'C79.8', 'Secondary malignant neoplasm of other specified sites', 36),
(5293, 'C80', 'Malignant neoplasm without specification of site', 36),
(5294, 'C81', 'Hodgkin\'s disease', 37),
(5295, 'C81.0', 'Lymphocytic predominance', 37),
(5296, 'C81.1', 'Nodular sclerosis', 37),
(5297, 'C81.2', 'Mixed cellularity', 37),
(5298, 'C81.3', 'Lymphocytic depletion', 37),
(5299, 'C81.7', 'Other Hodgkin\'s disease', 37),
(5300, 'C81.9', 'Hodgkin\'s disease, unspecified', 37),
(5301, 'C82', 'Follicular [nodular] non-Hodgkin\'s lymphoma', 37),
(5302, 'C82.0', 'Small cleaved cell, follicular', 37),
(5303, 'C82.1', 'Mixed small cleaved and large cell, follicular', 37),
(5304, 'C82.2', 'Large cell, follicular', 37),
(5305, 'C82.7', 'Other types of follicular non-Hodgkin\'s lymphoma', 37),
(5306, 'C82.9', 'Follicular non-Hodgkin\'s lymphoma, unspecified', 37),
(5307, 'C83', 'Diffuse non-Hodgkin\'s lymphoma', 37),
(5308, 'C83.0', 'Small cell (diffuse)', 37),
(5309, 'C83.1', 'Small cleaved cell (diffuse)', 37),
(5310, 'C83.2', 'Mixed small and large cell (diffuse)', 37),
(5311, 'C83.3', 'Large cell (diffuse)', 37),
(5312, 'C83.4', 'Immunoblastic (diffuse)', 37),
(5313, 'C83.5', 'Lymphoblastic (diffuse)', 37),
(5314, 'C83.6', 'Undifferentiated (diffuse)', 37),
(5315, 'C83.7', 'Burkitt\'s tumor', 37),
(5316, 'C83.8', 'Other types of diffuse non-Hodgkin\'s lymphoma', 37),
(5317, 'C83.9', 'Diffuse non-Hodgkin\'s lymphoma, unspecified', 37),
(5318, 'C84', 'Peripheral and cutaneous T-cell lymphomas', 37),
(5319, 'C84.0', 'Mycosis fungoides', 37),
(5320, 'C84.1', 'Szary\'s disease', 37),
(5321, 'C84.2', 'T-zone lymphoma', 37),
(5322, 'C84.3', 'Lymphoepithelioid lymphoma', 37),
(5323, 'C84.4', 'Peripheral T-cell lymphoma', 37),
(5324, 'C84.5', 'Other and unspecified T-cell lymphomas', 37),
(5325, 'C85', 'Other and unspecified types of non-Hodgkin\'s lymphoma', 37),
(5326, 'C85.0', 'Lymphosarcoma', 37),
(5327, 'C85.1', 'B-cell lymphoma, unspecified', 37),
(5328, 'C85.7', 'Other specified types of non-Hodgkin\'s lymphoma', 37),
(5329, 'C85.9', 'Non-Hodgkin\'s lymphoma, unspecified type', 37),
(5330, 'C88', 'Malignant immunoproliferative diseases', 37),
(5331, 'C88.0', 'Waldenstrm\'s macroglobulinemia', 37),
(5332, 'C88.1', 'Alpha heavy chain disease', 37),
(5333, 'C88.2', 'Gamma heavy chain disease', 37),
(5334, 'C88.3', 'Immunoproliferative small intestinal disease', 37),
(5335, 'C88.7', 'Other malignant immunoproliferative diseases', 37),
(5336, 'C88.9', 'Malignant immunoproliferative disease, unspecified', 37),
(5337, 'C90', 'Multiple myeloma and malignant plasma cell neoplasms', 37),
(5338, 'C90.0', 'Multiple myeloma', 37),
(5339, 'C90.1', 'Plasma cell leukemia', 37),
(5340, 'C90.2', 'Plasmacytoma, extramedullary', 37),
(5341, 'C91', 'Lymphoid leukemia', 37),
(5342, 'C91.0', 'Acute lymphoblastic leukemia', 37),
(5343, 'C91.1', 'Chronic lymphocytic leukemia', 37),
(5344, 'C91.2', 'Subacute lymphocytic leukemia', 37),
(5345, 'C91.3', 'Prolymphocytic leukemia', 37),
(5346, 'C91.4', 'Hairy-cell leukemia', 37),
(5347, 'C91.5', 'Adult T-cell leukemia', 37),
(5348, 'C91.7', 'Other lymphoid leukemia', 37),
(5349, 'C91.9', 'Lymphoid leukemia, unspecified', 37),
(5350, 'C92', 'Myeloid leukemia', 37),
(5351, 'C92.0', 'Acute myeloid leukemia', 37),
(5352, 'C92.1', 'Chronic myeloid leukemia', 37),
(5353, 'C92.2', 'Subacute myeloid leukemia', 37),
(5354, 'C92.3', 'Myeloid sarcoma', 37),
(5355, 'C92.4', 'Acute promyelocytic leukemia', 37),
(5356, 'C92.5', 'Acute myelomonocytic leukemia', 37),
(5357, 'C92.7', 'Other myeloid leukemia', 37),
(5358, 'C92.9', 'Myeloid leukemia, unspecified', 37),
(5359, 'C93', 'Monocytic leukemia', 37),
(5360, 'C93.0', 'Acute monocytic leukemia', 37),
(5361, 'C93.1', 'Chronic monocytic leukemia', 37),
(5362, 'C93.2', 'Subacute monocytic leukemia', 37),
(5363, 'C93.7', 'Other monocytic leukemia', 37),
(5364, 'C93.9', 'Monocytic leukemia, unspecified', 37),
(5365, 'C94', 'Other leukemias of specified cell type', 37),
(5366, 'C94.0', 'Acute erythremia and erythroleukemia', 37),
(5367, 'C94.1', 'Chronic erythremia', 37),
(5368, 'C94.2', 'Acute megakaryoblastic leukemia', 37),
(5369, 'C94.3', 'Mast cell leukemia', 37),
(5370, 'C94.4', 'Acute panmyelosis', 37),
(5371, 'C94.5', 'Acute myelofibrosis', 37),
(5372, 'C94.7', 'Other specified leukemias', 37),
(5373, 'C95', 'Leukemia of unspecified cell type', 37),
(5374, 'C95.0', 'Acute leukemia of unspecified cell type', 37),
(5375, 'C95.1', 'Chronic leukemia of unspecified cell type', 37),
(5376, 'C95.2', 'Subacute leukemia of unspecified cell type', 37),
(5377, 'C95.7', 'Other leukemia of unspecified cell type', 37),
(5378, 'C95.9', 'Leukemia, unspecified', 37),
(5379, 'C96', 'Other and unspecified malignant neoplasms of lymphoid, hematopoietic, and related tissue', 37),
(5380, 'C96.0', 'Letterer-Siwe disease', 37),
(5381, 'C96.1', 'Malignant histiocytosis', 37),
(5382, 'C96.2', 'Malignant mast cell tumor', 37),
(5383, 'C96.3', 'True histiocytic lymphoma', 37),
(5384, 'C96.7', 'Other specified malignant neoplasms of lymphoid, hematopoietic, and related tissue', 37),
(5385, 'C96.9', 'Malignant neoplasms of lymphoid, hematopoietic, and related tissue, unspecified', 37),
(5386, 'C97', 'Malignant neoplasms of independent (primary) multiple sites', 38),
(5387, 'D00', 'Carcinoma in situ of oral cavity, esophagus, and stomach', 39),
(5388, 'D00.0', 'Lip, oral cavity, and pharynx', 39),
(5389, 'D00.1', 'Esophagus', 39),
(5390, 'D00.2', 'Stomach', 39),
(5391, 'D01', 'Carcinoma in situ of other and unspecified digestive organs', 39),
(5392, 'D01.0', 'Colon', 39),
(5393, 'D01.1', 'Rectosigmoid junction', 39),
(5394, 'D01.2', 'Rectum', 39),
(5395, 'D01.3', 'Anus and anal canal', 39),
(5396, 'D01.4', 'Other and unspecified parts of intestine', 39),
(5397, 'D01.5', 'Liver, gallbladder, and bile ducts', 39),
(5398, 'D01.7', 'Other specified digestive organs', 39),
(5399, 'D01.9', 'Digestive organ, unspecified', 39),
(5400, 'D02', 'Carcinoma in situ of middle ear and respiratory system', 39),
(5401, 'D02.0', 'Larynx', 39),
(5402, 'D02.1', 'Trachea', 39),
(5403, 'D02.2', 'Bronchus and lung', 39),
(5404, 'D02.3', 'Other parts of respiratory system', 39),
(5405, 'D02.4', 'Respiratory system, unspecified', 39),
(5406, 'D03', 'Melanoma in situ', 39),
(5407, 'D03.0', 'Melanoma in situ of lip', 39),
(5408, 'D03.1', 'Melanoma in situ of eyelid, including canthus', 39),
(5409, 'D03.2', 'Melanoma in situ of ear and external auricular canal', 39),
(5410, 'D03.3', 'Melanoma in situ of other and unspecified parts of face', 39),
(5411, 'D03.4', 'Melanoma in situ of scalp and neck', 39),
(5412, 'D03.5', 'Melanoma in situ of trunk', 39),
(5413, 'D03.6', 'Melanoma in situ of upper limb, including shoulder', 39),
(5414, 'D03.7', 'Melanoma in situ of lower limb, including hip', 39),
(5415, 'D03.8', 'Melanoma in situ of other sites', 39),
(5416, 'D03.9', 'Melanoma in situ, unspecified', 39),
(5417, 'D04', 'Carcinoma in situ of skin', 39),
(5418, 'D04.0', 'Skin of lip', 39),
(5419, 'D04.1', 'Skin of eyelid, including canthus', 39),
(5420, 'D04.2', 'Skin of ear and external auricular canal', 39),
(5421, 'D04.3', 'Skin of other and unspecified parts of face', 39),
(5422, 'D04.4', 'Skin of scalp and neck', 39),
(5423, 'D04.5', 'Skin of trunk', 39),
(5424, 'D04.6', 'Skin of upper limb, including shoulder', 39),
(5425, 'D04.7', 'Skin of lower limb, including hip', 39),
(5426, 'D04.8', 'Skin of other sites', 39),
(5427, 'D04.9', 'Skin, unspecified', 39),
(5428, 'D05', 'Carcinoma in situ of breast', 39),
(5429, 'D05.0', 'Lobular carcinoma in situ', 39),
(5430, 'D05.1', 'Intraductal carcinoma in situ', 39),
(5431, 'D05.7', 'Other carcinoma in situ of breast', 39),
(5432, 'D05.9', 'Carcinoma in situ of breast, unspecified', 39),
(5433, 'D06', 'Carcinoma in situ of cervix uteri', 39),
(5434, 'D06.0', 'Endocervix', 39),
(5435, 'D06.1', 'Exocervix', 39),
(5436, 'D06.7', 'Other parts of cervix', 39),
(5437, 'D06.9', 'Cervix, unspecified', 39),
(5438, 'D07', 'Carcinoma in situ of other and unspecified genital organs', 39),
(5439, 'D07.0', 'Endometrium', 39),
(5440, 'D07.1', 'Vulva', 39),
(5441, 'D07.2', 'Vagina', 39),
(5442, 'D07.3', 'Other and unspecified female genital organs', 39),
(5443, 'D07.4', 'Penis', 39),
(5444, 'D07.5', 'Prostate', 39),
(5445, 'D07.6', 'Other and unspecified male genital organs', 39),
(5446, 'D09', 'Carcinoma in situ of other and unspecified sites', 39),
(5447, 'D09.0', 'Bladder', 39),
(5448, 'D09.1', 'Other and unspecified urinary organs', 39),
(5449, 'D09.2', 'Eye', 39),
(5450, 'D09.3', 'Thyroid and other endocrine glands', 39),
(5451, 'D09.7', 'Carcinoma in situ of other specified sites', 39),
(5452, 'D09.9', 'Carcinoma in situ, unspecified', 39),
(5453, 'D10', 'Benign neoplasm of mouth and pharynx', 40),
(5454, 'D10.0', 'Lip', 40),
(5455, 'D10.1', 'Tongue', 40),
(5456, 'D10.2', 'Floor of mouth', 40),
(5457, 'D10.3', 'Other and unspecified parts of mouth', 40),
(5458, 'D10.4', 'Tonsil', 40),
(5459, 'D10.5', 'Other parts of oropharynx', 40),
(5460, 'D10.6', 'Nasopharynx', 40),
(5461, 'D10.7', 'Hypopharynx', 40),
(5462, 'D10.9', 'Pharynx, unspecified', 40),
(5463, 'D11', 'Benign neoplasm of major salivary glands', 40),
(5464, 'D11.0', 'Parotid gland', 40),
(5465, 'D11.7', 'Other major salivary glands', 40),
(5466, 'D11.9', 'Major salivary gland, unspecified', 40),
(5467, 'D12', 'Benign neoplasm of colon, rectum, anus, and anal canal', 40),
(5468, 'D12.0', 'Cecum', 40),
(5469, 'D12.1', 'Appendix', 40),
(5470, 'D12.2', 'Ascending colon', 40),
(5471, 'D12.3', 'Transverse colon', 40),
(5472, 'D12.4', 'Descending colon', 40),
(5473, 'D12.5', 'Sigmoid colon', 40),
(5474, 'D12.6', 'Colon, unspecified', 40),
(5475, 'D12.7', 'Rectosigmoid junction', 40),
(5476, 'D12.8', 'Rectum', 40),
(5477, 'D12.9', 'Anus and anal canal', 40),
(5478, 'D13', 'Benign neoplasm of other and ill-defined parts of digestive system', 40),
(5479, 'D13.0', 'Esophagus', 40),
(5480, 'D13.1', 'Stomach', 40),
(5481, 'D13.2', 'Duodenum', 40),
(5482, 'D13.3', 'Other and unspecified parts of small intestine', 40),
(5483, 'D13.4', 'Liver', 40),
(5484, 'D13.5', 'Extrahepatic bile ducts', 40),
(5485, 'D13.6', 'Pancreas', 40),
(5486, 'D13.7', 'Endocrine pancreas', 40),
(5487, 'D13.9', 'Ill-defined sites within the digestive system', 40),
(5488, 'D14', 'Benign neoplasm of middle ear and respiratory system', 40),
(5489, 'D14.0', 'Middle ear, nasal cavity, and accessory sinuses', 40),
(5490, 'D14.1', 'Larynx', 40),
(5491, 'D14.2', 'Trachea', 40),
(5492, 'D14.3', 'Bronchus and lung', 40),
(5493, 'D14.4', 'Respiratory system, unspecified', 40),
(5494, 'D15', 'Benign neoplasm of other and unspecified intrathoracic organs', 40),
(5495, 'D15.0', 'Thymus', 40),
(5496, 'D15.1', 'Heart', 40),
(5497, 'D15.2', 'Mediastinum', 40),
(5498, 'D15.7', 'Other specified intrathoracic organs', 40),
(5499, 'D15.9', 'Intrathoracic organ, unspecified', 40),
(5500, 'D16', 'Benign neoplasm of bone and articular cartilage', 40),
(5501, 'D16.0', 'Scapula and long bones of upper limb', 40),
(5502, 'D16.1', 'Short bones of upper limb', 40),
(5503, 'D16.2', 'Long bones of lower limb', 40),
(5504, 'D16.3', 'Short bones of lower limb', 40),
(5505, 'D16.4', 'Bones of skull and face', 40),
(5506, 'D16.5', 'Lower jaw bone', 40),
(5507, 'D16.6', 'Vertebral column', 40),
(5508, 'D16.7', 'Ribs, sternum, and clavicle', 40),
(5509, 'D16.8', 'Pelvic bones, sacrum, and coccyx', 40),
(5510, 'D16.9', 'Bone and articular cartilage, unspecified', 40),
(5511, 'D17', 'Benign lipomatous neoplasm', 40),
(5512, 'D17.0', 'Benign lipomatous neoplasm of skin and subcutaneous tissue of head, face, and neck', 40),
(5513, 'D17.1', 'Benign lipomatous neoplasm of skin and subcutaneous tissue of trunk', 40),
(5514, 'D17.2', 'Benign lipomatous neoplasm of skin and subcutaneous tissue of limbs', 40),
(5515, 'D17.3', 'Benign lipomatous neoplasm of skin and subcutaneous tissue of other and unspecified sites', 40),
(5516, 'D17.4', 'Benign lipomatous neoplasm of intrathoracic organs', 40),
(5517, 'D17.5', 'Benign lipomatous neoplasm of intra-abdominal organs', 40),
(5518, 'D17.6', 'Benign lipomatous neoplasm of spermatic cord', 40),
(5519, 'D17.7', 'Benign lipomatous neoplasm of other sites', 40),
(5520, 'D17.9', 'Benign lipomatous neoplasm, unspecified', 40),
(5521, 'D18', 'Hemangioma and lymphangioma, any site', 40),
(5522, 'D18.0', 'Hemangioma, any site', 40),
(5523, 'D18.1', 'Lymphangioma, any site', 40),
(5524, 'D19', 'Benign neoplasm of mesothelial tissue', 40),
(5525, 'D19.0', 'Mesothelial tissue of pleura', 40),
(5526, 'D19.1', 'Mesothelial tissue of peritoneum', 40),
(5527, 'D19.7', 'Mesothelial tissue of other sites', 40),
(5528, 'D19.9', 'Mesothelial tissue, unspecified', 40),
(5529, 'D20', 'Benign neoplasm of soft tissue of retroperitoneum and peritoneum', 40),
(5530, 'D20.0', 'Retroperitoneum', 40),
(5531, 'D20.1', 'Peritoneum', 40),
(5532, 'D21', 'Other benign neoplasms of connective and other soft tissue', 40),
(5533, 'D21.0', 'Connective and other soft tissue of head, face, and neck', 40),
(5534, 'D21.1', 'Connective and other soft tissue of upper limb, including shoulder', 40),
(5535, 'D21.2', 'Connective and other soft tissue of lower limb, including hip', 40),
(5536, 'D21.3', 'Connective and other soft tissue of thorax', 40),
(5537, 'D21.4', 'Connective and other soft tissue of abdomen', 40),
(5538, 'D21.5', 'Connective and other soft tissue of pelvis', 40),
(5539, 'D21.6', 'Connective and other soft tissue of trunk, unspecified', 40),
(5540, 'D21.9', 'Connective and other soft tissue, unspecified', 40),
(5541, 'D22', 'Melanocytic nevi', 40),
(5542, 'D22.0', 'Melanocytic nevi of lip', 40),
(5543, 'D22.1', 'Melanocytic nevi of eyelid, including canthus', 40),
(5544, 'D22.2', 'Melanocytic nevi of ear and external auricular canal', 40),
(5545, 'D22.3', 'Melanocytic nevi of other and unspecified parts of face', 40),
(5546, 'D22.4', 'Melanocytic nevi of scalp and neck', 40),
(5547, 'D22.5', 'Melanocytic nevi of trunk', 40),
(5548, 'D22.6', 'Melanocytic nevi of upper limb, including shoulder', 40),
(5549, 'D22.7', 'Melanocytic nevi of lower limb, including hip', 40),
(5550, 'D22.9', 'Melanocytic nevi, unspecified', 40),
(5551, 'D23', 'Other benign neoplasms of skin', 40),
(5552, 'D23.0', 'Skin of lip', 40),
(5553, 'D23.1', 'Skin of eyelid, including canthus', 40),
(5554, 'D23.2', 'Skin of ear and external auricular canal', 40),
(5555, 'D23.3', 'Skin of other and unspecified parts of face', 40),
(5556, 'D23.4', 'Skin of scalp and neck', 40),
(5557, 'D23.5', 'Skin of trunk', 40),
(5558, 'D23.6', 'Skin of upper limb, including shoulder', 40),
(5559, 'D23.7', 'Skin of lower limb, including hip', 40),
(5560, 'D23.9', 'Skin, unspecified', 40),
(5561, 'D24', 'Benign neoplasm of breast', 40),
(5562, 'D25', 'Leiomyoma of uterus', 40),
(5563, 'D25.0', 'Submucous leiomyoma of uterus', 40),
(5564, 'D25.1', 'Intramural leiomyoma of uterus', 40),
(5565, 'D25.2', 'Subserosal leiomyoma of uterus', 40),
(5566, 'D25.9', 'Leiomyoma of uterus, unspecified', 40),
(5567, 'D26', 'Other benign neoplasms of uterus', 40),
(5568, 'D26.0', 'Cervix uteri', 40),
(5569, 'D26.1', 'Corpus uteri', 40),
(5570, 'D26.7', 'Other parts of uterus', 40),
(5571, 'D26.9', 'Uterus, unspecified', 40),
(5572, 'D27', 'Benign neoplasm of ovary', 40),
(5573, 'D28', 'Benign neoplasm of other and unspecified female genital organs', 40),
(5574, 'D28.0', 'Vulva', 40),
(5575, 'D28.1', 'Vagina', 40),
(5576, 'D28.2', 'Uterine tubes and ligaments', 40),
(5577, 'D28.7', 'Other specified female genital organs', 40),
(5578, 'D28.9', 'Female genital organ, unspecified', 40),
(5579, 'D29', 'Benign neoplasm of male genital organs', 40),
(5580, 'D29.0', 'Penis', 40),
(5581, 'D29.1', 'Prostate', 40),
(5582, 'D29.2', 'Testis', 40),
(5583, 'D29.3', 'Epididymis', 40),
(5584, 'D29.4', 'Scrotum', 40),
(5585, 'D29.7', 'Other male genital organs', 40),
(5586, 'D29.9', 'Male genital organ, unspecified', 40),
(5587, 'D30', 'Benign neoplasm of urinary organs', 40),
(5588, 'D30.0', 'Kidney', 40),
(5589, 'D30.1', 'Renal pelvis', 40),
(5590, 'D30.2', 'Ureter', 40),
(5591, 'D30.3', 'Bladder', 40),
(5592, 'D30.4', 'Urethra', 40),
(5593, 'D30.7', 'Other urinary organs', 40),
(5594, 'D30.9', 'Urinary organ, unspecified', 40),
(5595, 'D31', 'Benign neoplasm of eye and adnexa', 40),
(5596, 'D31.0', 'Conjunctiva', 40),
(5597, 'D31.1', 'Cornea', 40),
(5598, 'D31.2', 'Retina', 40),
(5599, 'D31.3', 'Choroid', 40),
(5600, 'D31.4', 'Ciliary body', 40),
(5601, 'D31.5', 'Lacrimal gland and duct', 40),
(5602, 'D31.6', 'Orbit, unspecified', 40),
(5603, 'D31.9', 'Eye, unspecified', 40),
(5604, 'D32', 'Benign neoplasm of meninges', 40),
(5605, 'D32.0', 'Cerebral meninges', 40),
(5606, 'D32.1', 'Spinal meninges', 40),
(5607, 'D32.9', 'Meninges, unspecified', 40),
(5608, 'D33', 'Benign neoplasm of brain and other parts of central nervous system', 40),
(5609, 'D33.0', 'Brain, supratentorial', 40),
(5610, 'D33.1', 'Brain, infratentorial', 40),
(5611, 'D33.2', 'Brain, unspecified', 40),
(5612, 'D33.3', 'Cranial nerves', 40),
(5613, 'D33.4', 'Spinal cord', 40),
(5614, 'D33.7', 'Other specified parts of central nervous system', 40),
(5615, 'D33.9', 'Central nervous system, unspecified', 40),
(5616, 'D34', 'Benign neoplasm of thyroid gland', 40),
(5617, 'D35', 'Benign neoplasm of other and unspecified endocrine glands', 40),
(5618, 'D35.0', 'Adrenal gland', 40),
(5619, 'D35.1', 'Parathyroid gland', 40),
(5620, 'D35.2', 'Pituitary gland', 40),
(5621, 'D35.3', 'Craniopharyngeal duct', 40),
(5622, 'D35.4', 'Pineal gland', 40),
(5623, 'D35.5', 'Carotid body', 40),
(5624, 'D35.6', 'Aortic body and other paraganglia', 40),
(5625, 'D35.7', 'Other specified endocrine glands', 40),
(5626, 'D35.8', 'Pluriglandular involvement', 40),
(5627, 'D35.9', 'Endocrine gland, unspecified', 40),
(5628, 'D36', 'Benign neoplasm of other and unspecified sites', 40),
(5629, 'D36.0', 'Lymph nodes', 40),
(5630, 'D36.1', 'Peripheral nerves and autonomic nervous system', 40),
(5631, 'D36.7', 'Other specified sites', 40),
(5632, 'D36.9', 'Benign neoplasm of unspecified site', 40),
(5633, 'D37', 'Neoplasm of uncertain or unknown behavior of oral cavity and digestive organs', 41),
(5634, 'D37.0', 'Lip, oral cavity, and pharynx', 41),
(5635, 'D37.1', 'Stomach', 41),
(5636, 'D37.2', 'Small intestine', 41),
(5637, 'D37.3', 'Appendix', 41),
(5638, 'D37.4', 'Colon', 41),
(5639, 'D37.5', 'Rectum', 41),
(5640, 'D37.6', 'Liver, gallbladder, and bile ducts', 41),
(5641, 'D37.7', 'Other digestive organs', 41),
(5642, 'D37.9', 'Digestive organ, unspecified', 41),
(5643, 'D38', 'Neoplasm of uncertain or unknown behavior of middle ear and respiratory and intrathoracic organs', 41),
(5644, 'D38.0', 'Larynx', 41),
(5645, 'D38.1', 'Trachea, bronchus, and lung', 41),
(5646, 'D38.2', 'Pleura', 41),
(5647, 'D38.3', 'Mediastinum', 41),
(5648, 'D38.4', 'Thymus', 41),
(5649, 'D38.5', 'Other respiratory organs', 41),
(5650, 'D38.6', 'Respiratory organ, unspecified', 41),
(5651, 'D39', 'Neoplasm of uncertain or unknown behavior of female genital organs', 41),
(5652, 'D39.0', 'Uterus', 41),
(5653, 'D39.1', 'Ovary', 41),
(5654, 'D39.2', 'Placenta', 41),
(5655, 'D39.7', 'Other female genital organs', 41),
(5656, 'D39.9', 'Female genital organ, unspecified', 41),
(5657, 'D40', 'Neoplasm of uncertain or unknown behavior of male genital organs', 41),
(5658, 'D40.0', 'Prostate', 41),
(5659, 'D40.1', 'Testis', 41),
(5660, 'D40.7', 'Other male genital organs', 41),
(5661, 'D40.9', 'Male genital organ, unspecified', 41),
(5662, 'D41', 'Neoplasm of uncertain or unknown behavior of urinary organs', 41),
(5663, 'D41.0', 'Kidney', 41),
(5664, 'D41.1', 'Renal pelvis', 41),
(5665, 'D41.2', 'Ureter', 41),
(5666, 'D41.3', 'Urethra', 41),
(5667, 'D41.4', 'Bladder', 41),
(5668, 'D41.7', 'Other urinary organs', 41),
(5669, 'D41.9', 'Urinary organ, unspecified', 41),
(5670, 'D42', 'Neoplasm of uncertain or unknown behavior of meninges', 41),
(5671, 'D42.0', 'Cerebral meninges', 41),
(5672, 'D42.1', 'Spinal meninges', 41),
(5673, 'D42.9', 'Meninges, unspecified', 41),
(5674, 'D43', 'Neoplasm of uncertain or unknown behavior of brain and central nervous system', 41),
(5675, 'D43.0', 'Brain, supratentorial', 41),
(5676, 'D43.1', 'Brain, infratentorial', 41),
(5677, 'D43.2', 'Brain, unspecified', 41),
(5678, 'D43.3', 'Cranial nerves', 41),
(5679, 'D43.4', 'Spinal cord', 41),
(5680, 'D43.7', 'Other parts of central nervous system', 41),
(5681, 'D43.9', 'Central nervous system, unspecified', 41),
(5682, 'D44', 'Neoplasm of uncertain or unknown behavior of endocrine glands', 41),
(5683, 'D44.0', 'Thyroid gland', 41),
(5684, 'D44.1', 'Adrenal gland', 41),
(5685, 'D44.2', 'Parathyroid gland', 41),
(5686, 'D44.3', 'Pituitary gland', 41),
(5687, 'D44.4', 'Craniopharyngeal duct', 41),
(5688, 'D44.5', 'Pineal gland', 41),
(5689, 'D44.6', 'Carotid body', 41),
(5690, 'D44.7', 'Aortic body and other paraganglia', 41),
(5691, 'D44.8', 'Pluriglandular involvement', 41),
(5692, 'D44.9', 'Endocrine gland, unspecified', 41),
(5693, 'D45', 'Polycythemia vera', 41),
(5694, 'D46', 'Myelodysplastic syndromes', 41),
(5695, 'D46.0', 'Refractory anemia without sideroblasts, so stated', 41),
(5696, 'D46.1', 'Refractory anemia with sideroblasts', 41),
(5697, 'D46.2', 'Refractory anemia with excess of blasts', 41),
(5698, 'D46.3', 'Refractory anemia with excess of blasts with transformation', 41),
(5699, 'D46.4', 'Refractory anemia, unspecified', 41),
(5700, 'D46.7', 'Other myelodysplastic syndromes', 41),
(5701, 'D46.9', 'Myelodysplastic syndrome, unspecified', 41),
(5702, 'D47', 'Other neoplasms of uncertain or unknown behavior of lymphoid, hematopoietic, and related tissue', 41),
(5703, 'D47.0', 'Histiocytic and mast cell tumors of uncertain and unknown behavior', 41),
(5704, 'D47.1', 'Chronic myeloproliferative disease', 41),
(5705, 'D47.2', 'Monoclonal gammopathy', 41),
(5706, 'D47.3', 'Essential (hemorrhagic) thrombocythemia', 41),
(5707, 'D47.7', 'Other specified neoplasms of uncertain or unknown behavior of lymphoid, hematopoietic, and related tissue', 41),
(5708, 'D47.9', 'Neoplasm of uncertain or unknown behavior of lymphoid, hematopoietic, and related tissue, unspecified', 41),
(5709, 'D48', 'Neoplasm of uncertain or unknown behavior of other and unspecified sites', 41),
(5710, 'D48.0', 'Bone and articular cartilage', 41),
(5711, 'D48.1', 'Connective and other soft tissue', 41),
(5712, 'D48.2', 'Peripheral nerves and autonomic nervous system', 41),
(5713, 'D48.3', 'Retroperitoneum', 41),
(5714, 'D48.4', 'Peritoneum', 41),
(5715, 'D48.5', 'Skin', 41),
(5716, 'D48.6', 'Breast', 41),
(5717, 'D48.7', 'Other specified sites', 41),
(5718, 'D48.9', 'Neoplasms of uncertain or unknown behavior, unspecified', 41),
(5719, 'D50', 'Iron deficiency anemia', 42),
(5720, 'D50.0', 'Iron deficiency anemia secondary to blood loss (chronic)', 42),
(5721, 'D50.1', 'Sideropenic dysphagia', 42),
(5722, 'D50.8', 'Other iron deficiency anemias', 42),
(5723, 'D50.9', 'Iron deficiency anemia, unspecified', 42),
(5724, 'D51', 'Vitamin B12 deficiency anemia', 42),
(5725, 'D51.0', 'Vitamin B12 deficiency anemia due to intrinsic factor deficiency', 42),
(5726, 'D51.1', 'Vitamin B12 deficiency anemia due to selective vitamin B12 malabsorption with proteinuria', 42),
(5727, 'D51.2', 'Transcobalamin II deficiency', 42),
(5728, 'D51.3', 'Other dietary vitamin B12 deficiency anemia', 42),
(5729, 'D51.8', 'Other vitamin B12 deficiency anemias', 42),
(5730, 'D51.9', 'Vitamin B12 deficiency anemia, unspecified', 42),
(5731, 'D52', 'Folate deficiency anemia', 42),
(5732, 'D52.0', 'Dietary folate deficiency anemia', 42),
(5733, 'D52.1', 'Drug-induced folate deficiency anemia', 42),
(5734, 'D52.8', 'Other folate deficiency anemias', 42),
(5735, 'D52.9', 'Folate deficiency anemia, unspecified', 42),
(5736, 'D53', 'Other nutritional anemias', 42),
(5737, 'D53.0', 'Protein deficiency anemia', 42),
(5738, 'D53.1', 'Other megaloblastic anemias, not elsewhere classified', 42),
(5739, 'D53.2', 'Scorbutic anemia', 42),
(5740, 'D53.8', 'Other specified nutritional anemias', 42),
(5741, 'D53.9', 'Nutritional anemia, unspecified', 42),
(5742, 'D55', 'Anemia due to enzyme disorders', 43),
(5743, 'D55.0', 'Anemia due to glucose-6-phosphate dehydrogenase [G6PD] deficiency', 43),
(5744, 'D55.1', 'Anemia due to other disorders of glutathione metabolism', 43),
(5745, 'D55.2', 'Anemia due to disorders of glycolytic enzymes', 43),
(5746, 'D55.3', 'Anemia due to disorders of nucleotide metabolism', 43),
(5747, 'D55.8', 'Other anemias due to enzyme disorders', 43),
(5748, 'D55.9', 'Anemia due to enzyme disorder, unspecified', 43),
(5749, 'D56', 'Thalassemia', 43),
(5750, 'D56.0', 'Alpha thalassemia', 43),
(5751, 'D56.1', 'Beta thalassemia', 43),
(5752, 'D56.2', 'Delta-beta thalassemia', 43),
(5753, 'D56.3', 'Thalassemia trait', 43),
(5754, 'D56.4', 'Hereditary persistence of fetal hemoglobin [HPFH]', 43),
(5755, 'D56.8', 'Other thalassemias', 43),
(5756, 'D56.9', 'Thalassemia, unspecified', 43),
(5757, 'D57', 'Sickle-cell disorders', 43),
(5758, 'D57.0', 'Sickle-cell anemia with crisis', 43),
(5759, 'D57.1', 'Sickle-cell anemia without crisis', 43),
(5760, 'D57.2', 'Double heterozygous sickling disorders', 43),
(5761, 'D57.3', 'Sickle-cell trait', 43),
(5762, 'D57.8', 'Other sickle-cell disorders', 43),
(5763, 'D58', 'Other hereditary hemolytic anemias', 43),
(5764, 'D58.0', 'Hereditary spherocytosis', 43),
(5765, 'D58.1', 'Hereditary elliptocytosis', 43),
(5766, 'D58.2', 'Other hemoglobinopathies', 43),
(5767, 'D58.8', 'Other specified hereditary hemolytic anemias', 43),
(5768, 'D58.9', 'Hereditary hemolytic anemia, unspecified', 43),
(5769, 'D59', 'Acquired hemolytic anemia', 43),
(5770, 'D59.0', 'Drug-induced autoimmune hemolytic anemia', 43),
(5771, 'D59.1', 'Other autoimmune hemolytic anemias', 43),
(5772, 'D59.2', 'Drug-induced nonautoimmune hemolytic anemia', 43),
(5773, 'D59.3', 'Hemolytic-uremic syndrome', 43),
(5774, 'D59.4', 'Other nonautoimmune hemolytic anemias', 43),
(5775, 'D59.5', 'Paroxysmal nocturnal hemoglobinuria [Marchiafava-Micheli]', 43),
(5776, 'D59.6', 'Hemoglobinuria due to hemolysis from other external causes', 43),
(5777, 'D59.8', 'Other acquired hemolytic anemias', 43),
(5778, 'D59.9', 'Acquired hemolytic anemia, unspecified', 43),
(5779, 'D60', 'Acquired pure red cell aplasia [erythroblastopenia]', 44),
(5780, 'D60.0', 'Chronic acquired pure red cell aplasia', 44),
(5781, 'D60.1', 'Transient acquired pure red cell aplasia', 44),
(5782, 'D60.8', 'Other acquired pure red cell aplasias', 44),
(5783, 'D60.9', 'Acquired pure red cell aplasia, unspecified', 44),
(5784, 'D61', 'Other aplastic anemias', 44),
(5785, 'D61.0', 'Constitutional aplastic anemia', 44),
(5786, 'D61.1', 'Drug-induced aplastic anemia', 44),
(5787, 'D61.2', 'Aplastic anemia due to other external agents', 44),
(5788, 'D61.3', 'Idiopathic aplastic anemia', 44),
(5789, 'D61.8', 'Other specified aplastic anemias', 44),
(5790, 'D61.9', 'Aplastic anemia, unspecified', 44),
(5791, 'D62', 'Acute posthemorrhagic anemia', 44),
(5792, 'D64', 'Other anemias', 44),
(5793, 'D64.0', 'Hereditary sideroblastic anemia', 44),
(5794, 'D64.1', 'Secondary sideroblastic anemia due to disease', 44),
(5795, 'D64.2', 'Secondary sideroblastic anemia due to drugs and toxins', 44),
(5796, 'D64.3', 'Other sideroblastic anemias', 44),
(5797, 'D64.4', 'Congenital dyserythropoietic anemia', 44),
(5798, 'D64.8', 'Other specified anemias', 44),
(5799, 'D64.9', 'Anemia, unspecified', 44),
(5800, 'D65', 'Disseminated intravascular coagulation [defibrination syndrome]', 45),
(5801, 'D66', 'Hereditary factor VIII deficiency', 45),
(5802, 'D67', 'Hereditary factor IX deficiency', 45),
(5803, 'D68', 'Other coagulation defects', 45),
(5804, 'D68.0', 'Von Willebrand\'s disease', 45),
(5805, 'D68.1', 'Hereditary factor XI deficiency', 45),
(5806, 'D68.2', 'Hereditary deficiency of other clotting factors', 45),
(5807, 'D68.3', 'Hemorrhagic disorder due to circulating anticoagulants', 45),
(5808, 'D68.4', 'Acquired coagulation factor deficiency', 45),
(5809, 'D68.8', 'Other specified coagulation defects', 45),
(5810, 'D68.9', 'Coagulation defect, unspecified', 45),
(5811, 'D69', 'Purpura and other hemorrhagic conditions', 45),
(5812, 'D69.0', 'Allergic purpura', 45),
(5813, 'D69.1', 'Qualitative platelet defects', 45),
(5814, 'D69.2', 'Other nonthrombocytopenic purpura', 45),
(5815, 'D69.3', 'Idiopathic thrombocytopenic purpura', 45),
(5816, 'D69.4', 'Other primary thrombocytopenia', 45),
(5817, 'D69.5', 'Secondary thrombocytopenia', 45),
(5818, 'D69.6', 'Thrombocytopenia, unspecified', 45),
(5819, 'D69.8', 'Other specified hemorrhagic conditions', 45),
(5820, 'D69.9', 'Hemorrhagic condition, unspecified', 45),
(5821, 'D70', 'Agranulocytosis', 46),
(5822, 'D71', 'Functional disorders of polymorphonuclear neutrophils', 46),
(5823, 'D72', 'Other disorders of white blood cells', 46),
(5824, 'D72.0', 'Genetic anomalies of leukocytes', 46),
(5825, 'D72.1', 'Eosinophilia', 46),
(5826, 'D72.8', 'Other specified disorders of white blood cells', 46),
(5827, 'D72.9', 'Disorder of white blood cells, unspecified', 46),
(5828, 'D73', 'Diseases of spleen', 46),
(5829, 'D73.0', 'Hyposplenism', 46),
(5830, 'D73.1', 'Hypersplenism', 46),
(5831, 'D73.2', 'Chronic congestive splenomegaly', 46),
(5832, 'D73.3', 'Abscess of spleen', 46),
(5833, 'D73.4', 'Cyst of spleen', 46),
(5834, 'D73.5', 'Infarction of spleen', 46),
(5835, 'D73.8', 'Other diseases of spleen', 46),
(5836, 'D73.9', 'Disease of spleen, unspecified', 46),
(5837, 'D74', 'Methemoglobinemia', 46),
(5838, 'D74.0', 'Congenital methemoglobinemia', 46),
(5839, 'D74.8', 'Other methemoglobinemias', 46),
(5840, 'D74.9', 'Methemoglobinemia, unspecified', 46),
(5841, 'D75', 'Other diseases of blood and blood-forming organs', 46),
(5842, 'D75.0', 'Familial erythrocytosis', 46),
(5843, 'D75.1', 'Secondary polycythemia', 46),
(5844, 'D75.2', 'Essential thrombocytosis', 46),
(5845, 'D75.8', 'Other specified diseases of blood and blood-forming organs', 46),
(5846, 'D75.9', 'Disease of blood and blood-forming organs, unspecified', 46),
(5847, 'D76', 'Certain diseases involving lymphoreticular tissue and reticulohistiocytic system', 46),
(5848, 'D76.0', 'Langerhans\' cell histiocytosis, not elsewhere classified', 46),
(5849, 'D76.1', 'Hemophagocytic lymphohistiocytosis', 46),
(5850, 'D76.2', 'Hemophagocytic syndrome, infection-associated', 46),
(5851, 'D76.3', 'Other histiocytosis syndromes', 46),
(5852, 'D80', 'Immunodeficiency with predominantly antibody defects', 47),
(5853, 'D80.0', 'Hereditary hypogammaglobulinemia', 47),
(5854, 'D80.1', 'Nonfamilial hypogammaglobulinemia', 47),
(5855, 'D80.2', 'Selective deficiency of immunoglobulin A [IgA]', 47),
(5856, 'D80.3', 'Selective deficiency of immunoglobulin G [IgG] subclasses', 47),
(5857, 'D80.4', 'Selective deficiency of immunoglobulin M [IgM]', 47),
(5858, 'D80.5', 'Immunodeficiency with increased immunoglobulin M [IgM]', 47),
(5859, 'D80.6', 'Antibody deficiency with near-normal immunoglobulins or with hyperimmunoglobulinemia', 47),
(5860, 'D80.7', 'Transient hypogammaglobulinemia of infancy', 47),
(5861, 'D80.8', 'Other immunodeficiencies with predominantly antibody defects', 47),
(5862, 'D80.9', 'Immunodeficiency with predominantly antibody defects, unspecified', 47),
(5863, 'D81', 'Combined immunodeficiencies', 47),
(5864, 'D81.0', 'Severe combined immunodeficiency [SCID] with reticular dysgenesis', 47),
(5865, 'D81.1', 'Severe combined immunodeficiency [SCID] with low T- and B-cell numbers', 47),
(5866, 'D81.2', 'Severe combined immunodeficiency [SCID] with low or normal B-cell numbers', 47),
(5867, 'D81.3', 'Adenosine deaminase [ADA] deficiency', 47),
(5868, 'D81.4', 'Nezelof\'s syndrome', 47),
(5869, 'D81.5', 'Purine nucleoside phosphorylase [PNP] deficiency', 47),
(5870, 'D81.6', 'Major histocompatibility complex class I deficiency', 47),
(5871, 'D81.7', 'Major histocompatibility complex class II deficiency', 47),
(5872, 'D81.8', 'Other combined immunodeficiencies', 47),
(5873, 'D81.9', 'Combined immunodeficiency, unspecified', 47),
(5874, 'D82', 'Immunodeficiency associated with other major defects', 47),
(5875, 'D82.0', 'Wiskott-Aldrich syndrome', 47),
(5876, 'D82.1', 'Di George\'s syndrome', 47),
(5877, 'D82.2', 'Immunodeficiency with short-limbed stature', 47),
(5878, 'D82.3', 'Immunodeficiency following hereditary defective response to Epstein-Barr virus', 47),
(5879, 'D82.4', 'Hyperimmunoglobulin E [IgE] syndrome', 47),
(5880, 'D82.8', 'Immunodeficiency associated with other specified major defects', 47),
(5881, 'D82.9', 'Immunodeficiency associated with major defect, unspecified', 47),
(5882, 'D83', 'Common variable immunodeficiency', 47),
(5883, 'D83.0', 'Common variable immunodeficiency with predominant abnormalities of B-cell numbers and function', 47),
(5884, 'D83.1', 'Common variable immunodeficiency with predominant immunoregulatory T-cell disorders', 47),
(5885, 'D83.2', 'Common variable immunodeficiency with autoantibodies to B- or T-cells', 47),
(5886, 'D83.8', 'Other common variable immunodeficiencies', 47),
(5887, 'D83.9', 'Common variable immunodeficiency, unspecified', 47),
(5888, 'D84', 'Other immunodeficiencies', 47);
INSERT INTO `diseases` (`id`, `disease_code`, `disease_name`, `section_id`) VALUES
(5889, 'D84.0', 'Lymphocyte function antigen-1 [LFA-1] defect', 47),
(5890, 'D84.1', 'Defects in the complement system', 47),
(5891, 'D84.8', 'Other specified immunodeficiencies', 47),
(5892, 'D84.9', 'Immunodeficiency, unspecified', 47),
(5893, 'D86', 'Sarcoidosis', 47),
(5894, 'D86.0', 'Sarcoidosis of lung', 47),
(5895, 'D86.1', 'Sarcoidosis of lymph nodes', 47),
(5896, 'D86.2', 'Sarcoidosis of lung with sarcoidosis of lymph nodes', 47),
(5897, 'D86.3', 'Sarcoidosis of skin', 47),
(5898, 'D86.8', 'Sarcoidosis of other and combined sites', 47),
(5899, 'D86.9', 'Sarcoidosis, unspecified', 47),
(5900, 'D89', 'Other disorders involving the immune mechanism, not elsewhere classified', 47),
(5901, 'D89.0', 'Polyclonal hypergammaglobulinemia', 47),
(5902, 'D89.1', 'Cryoglobulinemia', 47),
(5903, 'D89.2', 'Hypergammaglobulinemia, unspecified', 47),
(5904, 'D89.8', 'Other specified disorders involving the immune mechanism, not elsewhere classified', 47),
(5905, 'D89.9', 'Disorder involving the immune mechanism, unspecified', 47),
(5906, 'E00', 'Congenital iodine-deficiency syndrome', 48),
(5907, 'E00.0', 'Congenital iodine-deficiency syndrome, neurological type', 48),
(5908, 'E00.1', 'Congenital iodine-deficiency syndrome, myxedematous type', 48),
(5909, 'E00.2', 'Congenital iodine-deficiency syndrome, mixed type', 48),
(5910, 'E00.9', 'Congenital iodine-deficiency syndrome, unspecified', 48),
(5911, 'E01', 'Iodine-deficiency-related thyroid disorders and allied conditions', 48),
(5912, 'E01.0', 'Iodine-deficiency-related diffuse (endemic) goiter', 48),
(5913, 'E01.1', 'Iodine-deficiency-related multinodular (endemic) goiter', 48),
(5914, 'E01.2', 'Iodine-deficiency-related (endemic) goiter, unspecified', 48),
(5915, 'E01.8', 'Other iodine-deficiency-related thyroid disorders and allied conditions', 48),
(5916, 'E02', 'Subclinical iodine-deficiency hypothyroidism', 48),
(5917, 'E03', 'Other hypothyroidism', 48),
(5918, 'E03.0', 'Congenital hypothyroidism with diffuse goiter', 48),
(5919, 'E03.1', 'Congenital hypothyroidism without goiter', 48),
(5920, 'E03.2', 'Hypothyroidism due to medicaments and other exogenous substances', 48),
(5921, 'E03.3', 'Postinfectious hypothyroidism', 48),
(5922, 'E03.4', 'Atrophy of thyroid (acquired)', 48),
(5923, 'E03.5', 'Myxedema coma', 48),
(5924, 'E03.8', 'Other specified hypothyroidism', 48),
(5925, 'E03.9', 'Hypothyroidism, unspecified', 48),
(5926, 'E04', 'Other nontoxic goiter', 48),
(5927, 'E04.0', 'Nontoxic diffuse goiter', 48),
(5928, 'E04.1', 'Nontoxic single thyroid nodule', 48),
(5929, 'E04.2', 'Nontoxic multinodular goiter', 48),
(5930, 'E04.8', 'Other specified nontoxic goiter', 48),
(5931, 'E04.9', 'Nontoxic goiter, unspecified', 48),
(5932, 'E05', 'Thyrotoxicosis [hyperthyroidism]', 48),
(5933, 'E05.0', 'Thyrotoxicosis with diffuse goiter', 48),
(5934, 'E05.1', 'Thyrotoxicosis with toxic single thyroid nodule', 48),
(5935, 'E05.2', 'Thyrotoxicosis with toxic multinodular goiter', 48),
(5936, 'E05.3', 'Thyrotoxicosis from ectopic thyroid tissue', 48),
(5937, 'E05.4', 'Thyrotoxicosis factitia', 48),
(5938, 'E05.5', 'Thyroid crisis or storm', 48),
(5939, 'E05.8', 'Other thyrotoxicosis', 48),
(5940, 'E05.9', 'Thyrotoxicosis, unspecified', 48),
(5941, 'E06', 'Thyroiditis', 48),
(5942, 'E06.0', 'Acute thyroiditis', 48),
(5943, 'E06.1', 'Subacute thyroiditis', 48),
(5944, 'E06.2', 'Chronic thyroiditis with transient thyrotoxicosis', 48),
(5945, 'E06.3', 'Autoimmune thyroiditis', 48),
(5946, 'E06.4', 'Drug-induced thyroiditis', 48),
(5947, 'E06.5', 'Other chronic thyroiditis', 48),
(5948, 'E06.9', 'Thyroiditis, unspecified', 48),
(5949, 'E07', 'Other disorders of thyroid', 48),
(5950, 'E07.0', 'Hypersecretion of calcitonin', 48),
(5951, 'E07.1', 'Dyshormogenetic goiter', 48),
(5952, 'E07.8', 'Other specified disorders of thyroid', 48),
(5953, 'E07.9', 'Disorder of thyroid, unspecified', 48),
(5954, 'E10', 'Insulin-dependent diabetes mellitus', 49),
(5955, 'E10.0', 'With coma', 49),
(5956, 'E10.1', 'With ketoacidosis', 49),
(5957, 'E10.2', 'With renal complications', 49),
(5958, 'E10.3', 'With ophthalmic complications', 49),
(5959, 'E10.4', 'With neurological complications', 49),
(5960, 'E10.5', 'With peripheral circulatory complications', 49),
(5961, 'E10.6', 'With other specified complications', 49),
(5962, 'E10.7', 'With multiple complications', 49),
(5963, 'E10.8', 'With unspecified complications', 49),
(5964, 'E10.9', 'Without complications', 49),
(5965, 'E11', 'Noninsulin-dependent diabetes mellitus', 49),
(5966, 'E11.0', 'With coma', 49),
(5967, 'E11.1', 'With ketoacidosis', 49),
(5968, 'E11.2', 'With renal complications', 49),
(5969, 'E11.3', 'With ophthalmic complications', 49),
(5970, 'E11.4', 'With neurological complications', 49),
(5971, 'E11.5', 'With peripheral circulatory complications', 49),
(5972, 'E11.6', 'With other specified complications', 49),
(5973, 'E11.7', 'With multiple complications', 49),
(5974, 'E11.8', 'With unspecified complications', 49),
(5975, 'E11.9', 'Without complications', 49),
(5976, 'E12', 'Malnutrition-related diabetes mellitus', 49),
(5977, 'E12.0', 'With coma', 49),
(5978, 'E12.1', 'With ketoacidosis', 49),
(5979, 'E12.2', 'With renal complications', 49),
(5980, 'E12.3', 'With ophthalmic complications', 49),
(5981, 'E12.4', 'With neurological complications', 49),
(5982, 'E12.5', 'With peripheral circulatory complications', 49),
(5983, 'E12.6', 'With other specified complications', 49),
(5984, 'E12.7', 'With multiple complications', 49),
(5985, 'E12.8', 'With unspecified complications', 49),
(5986, 'E12.9', 'Without complications', 49),
(5987, 'E13', 'Other specified diabetes mellitus', 49),
(5988, 'E13.0', 'With coma', 49),
(5989, 'E13.1', 'With ketoacidosis', 49),
(5990, 'E13.2', 'With renal complications', 49),
(5991, 'E13.3', 'With ophthalmic complications', 49),
(5992, 'E13.4', 'With neurological complications', 49),
(5993, 'E13.5', 'With peripheral circulatory complications', 49),
(5994, 'E13.6', 'With other specified complications', 49),
(5995, 'E13.7', 'With multiple complications', 49),
(5996, 'E13.8', 'With unspecified complications', 49),
(5997, 'E13.9', 'Without complications', 49),
(5998, 'E14', 'Unspecified diabetes mellitus', 49),
(5999, 'E14.0', 'With coma', 49),
(6000, 'E14.1', 'With ketoacidosis', 49),
(6001, 'E14.2', 'Withrenal complications', 49),
(6002, 'E14.3', 'With ophthalmic complications', 49),
(6003, 'E14.4', 'With neurological complications', 49),
(6004, 'E14.5', 'With peripheral circulatory complications', 49),
(6005, 'E14.6', 'With other specified complications', 49),
(6006, 'E14.7', 'With multiple complications', 49),
(6007, 'E14.8', 'With unspecified complications', 49),
(6008, 'E14.9', 'Without complications', 49),
(6009, 'E15', 'Nondiabetic hypoglycemic coma', 50),
(6010, 'E16', 'Other disorders of pancreatic internal secretion', 50),
(6011, 'E16.0', 'Drug-induced hypoglycemia without coma', 50),
(6012, 'E16.1', 'Other hypoglycemia', 50),
(6013, 'E16.2', 'Hypoglycemia, unspecified', 50),
(6014, 'E16.3', 'Increased secretion of glucagon', 50),
(6015, 'E16.8', 'Other specified disorders of pancreatic internal secretion', 50),
(6016, 'E16.9', 'Disorder of pancreatic internal secretion, unspecified', 50),
(6017, 'E20', 'Hypoparathyroidism', 51),
(6018, 'E20.0', 'Idiopathic hypoparathyroidism', 51),
(6019, 'E20.1', 'Pseudohypoparathyroidism', 51),
(6020, 'E20.8', 'Other hypoparathyroidism', 51),
(6021, 'E20.9', 'Hypoparathyroidism, unspecified', 51),
(6022, 'E21', 'Hyperparathyroidism and other disorders of parathyroid gland', 51),
(6023, 'E21.0', 'Primary hyperparathyroidism', 51),
(6024, 'E21.1', 'Secondary hyperparathyroidism, not elsewhere classified', 51),
(6025, 'E21.2', 'Other hyperparathyroidism', 51),
(6026, 'E21.3', 'Hyperparathyroidism, unspecified', 51),
(6027, 'E21.4', 'Other specified disorders of parathyroid gland', 51),
(6028, 'E21.5', 'Disorder of parathyroid gland, unspecified', 51),
(6029, 'E22', 'Hyperfunction of pituitary gland', 51),
(6030, 'E22.0', 'Acromegaly and pituitary gigantism', 51),
(6031, 'E22.1', 'Hyperprolactinemia', 51),
(6032, 'E22.2', 'Syndrome of inappropriate secretion of antidiuretic hormone', 51),
(6033, 'E22.8', 'Other hyperfunction of pituitary gland', 51),
(6034, 'E22.9', 'Hyperfunction of pituitary gland, unspecified', 51),
(6035, 'E23', 'Hypofunction and other disorders of the pituitary gland', 51),
(6036, 'E23.0', 'Hypopituitarism', 51),
(6037, 'E23.1', 'Drug-induced hypopituitarism', 51),
(6038, 'E23.2', 'Diabetes insipidus', 51),
(6039, 'E23.3', 'Hypothalamic dysfunction, not elsewhere classified', 51),
(6040, 'E23.6', 'Other disorders of pituitary gland', 51),
(6041, 'E23.7', 'Disorder of pituitary gland, unspecified', 51),
(6042, 'E24', 'Cushing\'s syndrome', 51),
(6043, 'E24.0', 'Pituitary-dependent Cushing\'s disease', 51),
(6044, 'E24.1', 'Nelson\'s syndrome', 51),
(6045, 'E24.2', 'Drug-induced Cushing\'s syndrome', 51),
(6046, 'E24.3', 'Ectopic ACTH syndrome', 51),
(6047, 'E24.4', 'Alcohol-induced pseudo-Cushing\'s syndrome', 51),
(6048, 'E24.8', 'Other Cushing\'s syndrome', 51),
(6049, 'E24.9', 'Cushing\'s syndrome, unspecified', 51),
(6050, 'E25', 'Adrenogenital disorders', 51),
(6051, 'E25.0', 'Congenital adrenogenital disorders associated with enzyme deficiency', 51),
(6052, 'E25.8', 'Other adrenogenital disorders', 51),
(6053, 'E25.9', 'Adrenogenital disorder, unspecified', 51),
(6054, 'E26', 'Hyperaldosteronism', 51),
(6055, 'E26.0', 'Primary hyperaldosteronism', 51),
(6056, 'E26.1', 'Secondary hyperaldosteronism', 51),
(6057, 'E26.8', 'Other hyperaldosteronism', 51),
(6058, 'E26.9', 'Hyperaldosteronism, unspecified', 51),
(6059, 'E27', 'Other disorders of adrenal gland', 51),
(6060, 'E27.0', 'Other adrenocortical overactivity', 51),
(6061, 'E27.1', 'Primary adrenocortical insufficiency', 51),
(6062, 'E27.2', 'Addisonian crisis', 51),
(6063, 'E27.3', 'Drug-induced adrenocortical insufficiency', 51),
(6064, 'E27.4', 'Other and unspecified adrenocortical insufficiency', 51),
(6065, 'E27.5', 'Adrenomedullary hyperfunction', 51),
(6066, 'E27.8', 'Other specified disorders of adrenal gland', 51),
(6067, 'E27.9', 'Disorder of adrenal gland, unspecified', 51),
(6068, 'E28', 'Ovarian dysfunction', 51),
(6069, 'E28.0', 'Estrogen excess', 51),
(6070, 'E28.1', 'Androgen excess', 51),
(6071, 'E28.2', 'Polycystic ovarian syndrome', 51),
(6072, 'E28.3', 'Primary ovarian failure', 51),
(6073, 'E28.8', 'Other ovarian dysfunction', 51),
(6074, 'E28.9', 'Ovarian dysfunction, unspecified', 51),
(6075, 'E29', 'Testicular dysfunction', 51),
(6076, 'E29.0', 'Testicular hyperfunction', 51),
(6077, 'E29.1', 'Testicular hypofunction', 51),
(6078, 'E29.8', 'Other testicular dysfunction', 51),
(6079, 'E29.9', 'Testicular dysfunction, unspecified', 51),
(6080, 'E30', 'Disorders of puberty, not elsewhere classified', 51),
(6081, 'E30.0', 'Delayed puberty', 51),
(6082, 'E30.1', 'Precocious puberty', 51),
(6083, 'E30.8', 'Other disorders of puberty', 51),
(6084, 'E30.9', 'Disorder of puberty, unspecified', 51),
(6085, 'E31', 'Polyglandular dysfunction', 51),
(6086, 'E31.0', 'Autoimmune polyglandular failure', 51),
(6087, 'E31.1', 'Polyglandular hyperfunction', 51),
(6088, 'E31.8', 'Other polyglandular dysfunction', 51),
(6089, 'E31.9', 'Polyglandular dysfunction, unspecified', 51),
(6090, 'E32', 'Diseases of thymus', 51),
(6091, 'E32.0', 'Persistent hyperplasia of thymus', 51),
(6092, 'E32.1', 'Abscess of thymus', 51),
(6093, 'E32.8', 'Other diseases of thymus', 51),
(6094, 'E32.9', 'Disease of thymus, unspecified', 51),
(6095, 'E34', 'Other endocrine disorders', 51),
(6096, 'E34.0', 'Carcinoid syndrome', 51),
(6097, 'E34.1', 'Other hypersecretion of intestinal hormones', 51),
(6098, 'E34.2', 'Ectopic hormone secretion, not elsewhere classified', 51),
(6099, 'E34.3', 'Short stature, not elsewhere classified', 51),
(6100, 'E34.4', 'Constitutional tall stature', 51),
(6101, 'E34.5', 'Androgen resistance syndrome', 51),
(6102, 'E34.8', 'Other specified endocrine disorders', 51),
(6103, 'E34.9', 'Endocrine disorder, unspecified', 51),
(6104, 'E40', 'Kwashiorkor', 52),
(6105, 'E41', 'Nutritional marasmus', 52),
(6106, 'E42', 'Marasmic kwashiorkor', 52),
(6107, 'E43', 'Unspecified severe protein-energy malnutrition', 52),
(6108, 'E44', 'Protein-energy malnutrition of moderate and mild degree', 52),
(6109, 'E44.0', 'Moderate protein-energy malnutrition', 52),
(6110, 'E44.1', 'Mild protein-energy malnutrition', 52),
(6111, 'E45', 'Retarded development following protein-energy malnutrition', 52),
(6112, 'E46', 'Unspecified protein-energy malnutrition', 52),
(6113, 'E50', 'Vitamin A deficiency', 53),
(6114, 'E50.0', 'Vitamin A deficiency with conjunctival xerosis', 53),
(6115, 'E50.1', 'Vitamin A deficiency with Bitot\'s spot and conjunctival xerosis', 53),
(6116, 'E50.2', 'Vitamin A deficiency with corneal xerosis', 53),
(6117, 'E50.3', 'Vitamin A deficiency with corneal ulceration and xerosis', 53),
(6118, 'E50.4', 'Vitamin A deficiency with keratomalacia', 53),
(6119, 'E50.5', 'Vitamin A deficiency with night blindness', 53),
(6120, 'E50.6', 'Vitamin A deficiency with xerophthalmic scars of cornea', 53),
(6121, 'E50.7', 'Other ocular manifestations of vitamin A deficiency', 53),
(6122, 'E50.8', 'Other manifestations of vitamin A deficiency', 53),
(6123, 'E50.9', 'Vitamin A deficiency, unspecified', 53),
(6124, 'E51', 'Thiamin deficiency', 53),
(6125, 'E51.1', 'Beriberi', 53),
(6126, 'E51.2', 'Wernicke\'s encephalopathy', 53),
(6127, 'E51.8', 'Other manifestations of thiamin deficiency', 53),
(6128, 'E51.9', 'Thiamin deficiency, unspecified', 53),
(6129, 'E52', 'Niacin deficiency [pellagra]', 53),
(6130, 'E53', 'Deficiency of other B group vitamins', 53),
(6131, 'E53.0', 'Riboflavin deficiency', 53),
(6132, 'E53.1', 'Pyridoxine deficiency', 53),
(6133, 'E53.8', 'Deficiency of other specified B group vitamins', 53),
(6134, 'E53.9', 'Vitamin B deficiency, unspecified', 53),
(6135, 'E54', 'Ascorbic acid deficiency', 53),
(6136, 'E55', 'Vitamin D deficiency', 53),
(6137, 'E55.0', 'Rickets, active', 53),
(6138, 'E55.9', 'Vitamin D deficiency, unspecified', 53),
(6139, 'E56', 'Other vitamin deficiencies', 53),
(6140, 'E56.0', 'Deficiency of vitamin E', 53),
(6141, 'E56.1', 'Deficiency of vitamin K', 53),
(6142, 'E56.8', 'Deficiency of other vitamins', 53),
(6143, 'E56.9', 'Vitamin deficiency, unspecified', 53),
(6144, 'E58', 'Dietary calcium deficiency', 53),
(6145, 'E59', 'Dietary selenium deficiency', 53),
(6146, 'E60', 'Dietary zinc deficiency', 53),
(6147, 'E61', 'Deficiency of other nutrient elements', 53),
(6148, 'E61.0', 'Copper deficiency', 53),
(6149, 'E61.1', 'Iron deficiency', 53),
(6150, 'E61.2', 'Magnesium deficiency', 53),
(6151, 'E61.3', 'Manganese deficiency', 53),
(6152, 'E61.4', 'Chromium deficiency', 53),
(6153, 'E61.5', 'Molybdenum deficiency', 53),
(6154, 'E61.6', 'Vanadium deficiency', 53),
(6155, 'E61.7', 'Deficiency of multiple nutrient elements', 53),
(6156, 'E61.8', 'Deficiency of other specified nutrient elements', 53),
(6157, 'E61.9', 'Deficiency of nutrient element, unspecified', 53),
(6158, 'E63', 'Other nutritional deficiencies', 53),
(6159, 'E63.0', 'Essential fatty acid [EFA] deficiency', 53),
(6160, 'E63.1', 'Imbalance of constituents of food intake', 53),
(6161, 'E63.8', 'Other specified nutritional deficiencies', 53),
(6162, 'E63.9', 'Nutritional deficiency, unspecified', 53),
(6163, 'E64', 'Sequelae of malnutrition and other nutritional deficiencies', 53),
(6164, 'E64.0', 'Sequelae of protein-energy malnutrition', 53),
(6165, 'E64.1', 'Sequelae of vitamin A deficiency', 53),
(6166, 'E64.2', 'Sequelae of vitamin C deficiency', 53),
(6167, 'E64.3', 'Sequelae of rickets', 53),
(6168, 'E64.8', 'Sequelae of other nutritional deficiencies', 53),
(6169, 'E64.9', 'Sequelae of unspecified nutritional deficiency', 53),
(6170, 'E65', 'Localized adiposity', 54),
(6171, 'E66', 'Obesity', 54),
(6172, 'E66.0', 'Obesity due to excess calories', 54),
(6173, 'E66.1', 'Drug-induced obesity', 54),
(6174, 'E66.2', 'Extreme obesity with alveolar hypoventilation', 54),
(6175, 'E66.8', 'Other obesity', 54),
(6176, 'E66.9', 'Obesity, unspecified', 54),
(6177, 'E67', 'Other hyperalimentation', 54),
(6178, 'E67.0', 'Hypervitaminosis A', 54),
(6179, 'E67.1', 'Hypercarotenemia', 54),
(6180, 'E67.2', 'Megavitamin-B6 syndrome', 54),
(6181, 'E67.3', 'Hypervitaminosis D', 54),
(6182, 'E67.8', 'Other specified hyperalimentation', 54),
(6183, 'E68', 'Sequelae of hyperalimentation', 54),
(6184, 'E70', 'Disorders of aromatic amino-acid metabolism', 55),
(6185, 'E70.0', 'Classical phenylketonuria', 55),
(6186, 'E70.1', 'Other hyperphenylalaninemias', 55),
(6187, 'E70.2', 'Disorders of tyrosine metabolism', 55),
(6188, 'E70.3', 'Albinism', 55),
(6189, 'E70.8', 'Other disorders of aromatic amino-acid metabolism', 55),
(6190, 'E70.9', 'Disorder of aromatic amino-acid metabolism, unspecified', 55),
(6191, 'E71', 'Disorders of branched-chain amino-acid metabolism and fatty-acid metabolism', 55),
(6192, 'E71.0', 'Maple-syrup-urine disease', 55),
(6193, 'E71.1', 'Other disorders of branched-chain amino-acid metabolism', 55),
(6194, 'E71.2', 'Disorder of branched-chain amino-acid metabolism, unspecified', 55),
(6195, 'E71.3', 'Disorders of fatty-acid metabolism', 55),
(6196, 'E72', 'Other disorders of amino-acid metabolism', 55),
(6197, 'E72.0', 'Disorders of amino-acid transport', 55),
(6198, 'E72.1', 'Disorders of sulphur-bearing amino-acid metabolism', 55),
(6199, 'E72.2', 'Disorders of urea cycle metabolism', 55),
(6200, 'E72.3', 'Disorders of lysine and hydroxylysine metabolism', 55),
(6201, 'E72.4', 'Disorders of ornithine metabolism', 55),
(6202, 'E72.5', 'Disorders of glycine metabolism', 55),
(6203, 'E72.8', 'Other specified disorders of amino-acid metabolism', 55),
(6204, 'E72.9', 'Disorder of amino-acid metabolism, unspecified', 55),
(6205, 'E73', 'Lactose intolerance', 55),
(6206, 'E73.0', 'Congenital lactase deficiency', 55),
(6207, 'E73.1', 'Secondary lactase deficiency', 55),
(6208, 'E73.8', 'Other lactose intolerance', 55),
(6209, 'E73.9', 'Lactose intolerance, unspecified', 55),
(6210, 'E74', 'Other disorders of carbohydrate metabolism', 55),
(6211, 'E74.0', 'Glycogen storage disease', 55),
(6212, 'E74.1', 'Disorders of fructose metabolism', 55),
(6213, 'E74.2', 'Disorders of galactose metabolism', 55),
(6214, 'E74.3', 'Other disorders of intestinal carbohydrate absorption', 55),
(6215, 'E74.4', 'Disorders of pyruvate metabolism and gluconeogenesis', 55),
(6216, 'E74.8', 'Other specified disorders of carbohydrate metabolism', 55),
(6217, 'E74.9', 'Disorder of carbohydrate metabolism, unspecified', 55),
(6218, 'E75', 'Disorders of sphingolipid metabolism and other lipid storage disorders', 55),
(6219, 'E75.0', 'GM2 gangliosidosis', 55),
(6220, 'E75.1', 'Other gangliosidosis', 55),
(6221, 'E75.2', 'Other sphingolipidosis', 55),
(6222, 'E75.3', 'Sphingolipidosis, unspecified', 55),
(6223, 'E75.4', 'Neuronal ceroid lipofuscinosis', 55),
(6224, 'E75.5', 'Other lipid storage disorders', 55),
(6225, 'E75.6', 'Lipid storage disorder, unspecified', 55),
(6226, 'E76', 'Disorders of glycosaminoglycan metabolism', 55),
(6227, 'E76.0', 'Mucopolysaccharidosis, type I', 55),
(6228, 'E76.1', 'Mucopolysaccharidosis, type II', 55),
(6229, 'E76.2', 'Other mucopolysaccharidoses', 55),
(6230, 'E76.3', 'Mucopolysaccharidosis, unspecified', 55),
(6231, 'E76.8', 'Other disorders of glucosaminoglycan metabolism', 55),
(6232, 'E76.9', 'Disorder of glucosaminoglycan metabolism, unspecified', 55),
(6233, 'E77', 'Disorders of glycoprotein metabolism', 55),
(6234, 'E77.0', 'Defects in posttranslational modification of lysosomal enzymes', 55),
(6235, 'E77.1', 'Defects in glycoprotein degradation', 55),
(6236, 'E77.8', 'Other disorders of glycoprotein metabolism', 55),
(6237, 'E77.9', 'Disorder of glycoprotein metabolism, unspecified', 55),
(6238, 'E78', 'Disorders of lipoprotein metabolism and other lipidemias', 55),
(6239, 'E78.0', 'Pure hypercholesterolemia', 55),
(6240, 'E78.1', 'Pure hyperglyceridemia', 55),
(6241, 'E78.2', 'Mixed hyperlipidemia', 55),
(6242, 'E78.3', 'Hyperchylomicronemia', 55),
(6243, 'E78.4', 'Other hyperlipidemia', 55),
(6244, 'E78.5', 'Hyperlipidemia, unspecified', 55),
(6245, 'E78.6', 'Lipoprotein deficiency', 55),
(6246, 'E78.8', 'Other disorders of lipoprotein metabolism', 55),
(6247, 'E78.9', 'Disorder of lipoprotein metabolism, unspecified', 55),
(6248, 'E79', 'Disorders of purine and pyrimidine metabolism', 55),
(6249, 'E79.0', 'Hyperuricemia without signs of inflammatory arthritis and tophaceous disease', 55),
(6250, 'E79.1', 'Lesch-Nyhan syndrome', 55),
(6251, 'E79.8', 'Other disorders of purine and pyrimidine metabolism', 55),
(6252, 'E79.9', 'Disorder of purine and pyrimidine metabolism, unspecified', 55),
(6253, 'E80', 'Disorders of porphyrin and bilirubin metabolism', 55),
(6254, 'E80.0', 'Hereditary erythropoietic porphyria', 55),
(6255, 'E80.1', 'Porphyria cutanea tarda', 55),
(6256, 'E80.2', 'Other porphyria', 55),
(6257, 'E80.3', 'Defects of catalase and peroxydase', 55),
(6258, 'E80.4', 'Gilbert\'s syndrome', 55),
(6259, 'E80.5', 'Crigler-Najjar syndrome', 55),
(6260, 'E80.6', 'Other disorders of bilirubin metabolism', 55),
(6261, 'E80.7', 'Disorder of bilirubin metabolism, unspecified', 55),
(6262, 'E83', 'Disorders of mineral metabolism', 55),
(6263, 'E83.0', 'Disorders of copper metabolism', 55),
(6264, 'E83.1', 'Disorders of iron metabolism', 55),
(6265, 'E83.2', 'Disorders of zinc metabolism', 55),
(6266, 'E83.3', 'Disorders of phosphorus metabolism', 55),
(6267, 'E83.4', 'Disorders of magnesium metabolism', 55),
(6268, 'E83.5', 'Disorders of calcium metabolism', 55),
(6269, 'E83.8', 'Other disorders of mineral metabolism', 55),
(6270, 'E83.9', 'Disorder of mineral metabolism, unspecified', 55),
(6271, 'E84', 'Cystic fibrosis', 55),
(6272, 'E84.0', 'Cystic fibrosis with pulmonary manifestations', 55),
(6273, 'E84.1', 'Cystic fibrosis with intestinal manifestations', 55),
(6274, 'E84.8', 'Cystic fibrosis with other manifestations', 55),
(6275, 'E84.9', 'Cystic fibrosis, unspecified', 55),
(6276, 'E85', 'Amyloidosis', 55),
(6277, 'E85.0', 'Nonneuropathic heredofamilial amyloidosis', 55),
(6278, 'E85.1', 'Neuropathic heredofamilial amyloidosis', 55),
(6279, 'E85.2', 'Heredofamilial amyloidosis, unspecified', 55),
(6280, 'E85.3', 'Secondary systemic amyloidosis', 55),
(6281, 'E85.4', 'Organ-limited amyloidosis', 55),
(6282, 'E85.8', 'Other amyloidosis', 55),
(6283, 'E85.9', 'Amyloidosis, unspecified', 55),
(6284, 'E86', 'Volume depletion', 55),
(6285, 'E87', 'Other disorders of fluid, electrolyte, and acid-base balance', 55),
(6286, 'E87.0', 'Hyperosmolality and hypernatremia', 55),
(6287, 'E87.1', 'Hypo-osmolality and hyponatremia', 55),
(6288, 'E87.2', 'Acidosis', 55),
(6289, 'E87.3', 'Alkalosis', 55),
(6290, 'E87.4', 'Mixed disorder of acid-base balance', 55),
(6291, 'E87.5', 'Hyperkalemia', 55),
(6292, 'E87.6', 'Hypokalemia', 55),
(6293, 'E87.7', 'Fluid overload', 55),
(6294, 'E87.8', 'Other disorders of electrolyte and fluid balance, not elsewhere classified', 55),
(6295, 'E88', 'Other metabolic disorders', 55),
(6296, 'E88.0', 'Disorders of plasma-protein metabolism, not elsewhere classified', 55),
(6297, 'E88.1', 'Lipodystrophy, not elsewhere classified', 55),
(6298, 'E88.2', 'Lipomatosis, not elsewhere classified', 55),
(6299, 'E88.8', 'Other specified metabolic disorders', 55),
(6300, 'E88.9', 'Metabolic disorder, unspecified', 55),
(6301, 'F01', 'Vascular dementia', 56),
(6302, 'F01.0', 'Vascular dementia of acute onset', 56),
(6303, 'F01.1', 'Multi-infarct dementia', 56),
(6304, 'F01.2', 'Subcortical vascular dementia', 56),
(6305, 'F01.3', 'Mixed cortical and subcortical vascular dementia', 56),
(6306, 'F01.8', 'Other vascular dementia', 56),
(6307, 'F01.9', 'Vascular dementia, unspecified', 56),
(6308, 'F03', 'Unspecified dementia', 56),
(6309, 'F04', 'Organic amnesic syndrome, not induced by alcohol and other psychoactive substances', 56),
(6310, 'F05', 'Delirium, not induced by alcohol and other psychoactive substances', 56),
(6311, 'F05.0', 'Delirium not superimposed on dementia, so described', 56),
(6312, 'F05.1', 'Delirium superimposed on dementia', 56),
(6313, 'F05.8', 'Other delirium', 56),
(6314, 'F05.9', 'Delirium, unspecified', 56),
(6315, 'F06', 'Other mental disorders due to brain damage and dysfunction and to physical disease', 56),
(6316, 'F06.0', 'Organic hallucinosis', 56),
(6317, 'F06.1', 'Organic catatonic disorder', 56),
(6318, 'F06.2', 'Organic delusional [schizophrenia-like] disorder', 56),
(6319, 'F06.3', 'Organic mood [affective] disorders', 56),
(6320, 'F06.4', 'Organic anxiety disorder', 56),
(6321, 'F06.5', 'Organic dissociative disorder', 56),
(6322, 'F06.6', 'Organic emotionally labile [asthenic] disorder', 56),
(6323, 'F06.7', 'Mild cognitive disorder', 56),
(6324, 'F06.8', 'Other specified mental disorders due to brain damage and dysfunction and to physical disease', 56),
(6325, 'F06.9', 'Unspecified mental disorder due to brain damage and dysfunction and to physical disease', 56),
(6326, 'F07', 'Personality and behavioral disorders due to brain disease, damage, and dysfunction', 56),
(6327, 'F07.0', 'Organic personality disorder', 56),
(6328, 'F07.1', 'Postencephalitic syndrome', 56),
(6329, 'F07.2', 'Postconcussional syndrome', 56),
(6330, 'F07.8', 'Other organic personality and behavioral disorders due to brain disease, damage, and dysfunction', 56),
(6331, 'F07.9', 'Unspecified organic personality and behavioral disorder due to brain disease, damage, and dysfunction', 56),
(6332, 'F09', 'Unspecified organic or symptomatic mental disorder', 56),
(6333, 'F10', 'Mental and behavioral disorders due to use of alcohol', 57),
(6334, 'F10.0', 'Acute intoxication', 57),
(6335, 'F10.1', 'Harmful use', 57),
(6336, 'F10.2', 'Dependence syndrome', 57),
(6337, 'F10.3', 'Withdrawal state', 57),
(6338, 'F10.4', 'Withdrawal state with delirium', 57),
(6339, 'F10.5', 'Psychotic disorder', 57),
(6340, 'F10.6', 'Amnesic syndrome', 57),
(6341, 'F10.7', 'Residual and late-onset psychotic disorder', 57),
(6342, 'F10.8', 'Other mental and behavioral disorders', 57),
(6343, 'F10.9', 'Unspecified mental and behavioral disorder', 57),
(6344, 'F11', 'Mental and behavioral disorders due to use of opioids', 57),
(6345, 'F11.0', 'Acute intoxication', 57),
(6346, 'F11.1', 'Harmful use', 57),
(6347, 'F11.2', 'Dependence syndrome', 57),
(6348, 'F11.3', 'Withdrawal state', 57),
(6349, 'F11.4', 'Withdrawal state with delirium', 57),
(6350, 'F11.5', 'Psychotic disorder', 57),
(6351, 'F11.6', 'Amnesic syndrome', 57),
(6352, 'F11.7', 'Residual and late-onset psychotic disorder', 57),
(6353, 'F11.8', 'Other mental and behavioral disorders', 57),
(6354, 'F11.9', 'Unspecified mental and behavioral disorder', 57),
(6355, 'F12', 'Mental and behavioral disorders due to use of cannabinoids', 57),
(6356, 'F12.0', 'Acute intoxication', 57),
(6357, 'F12.1', 'Harmful use', 57),
(6358, 'F12.2', 'Dependence syndrome', 57),
(6359, 'F12.3', 'Withdrawal state', 57),
(6360, 'F12.4', 'Withdrawal state with delirium', 57),
(6361, 'F12.5', 'Psychotic disorder', 57),
(6362, 'F12.6', 'Amnesic syndrome', 57),
(6363, 'F12.7', 'Residual and late-onset psychotic disorder', 57),
(6364, 'F12.8', 'Other mental and behavioral disorders', 57),
(6365, 'F12.9', 'Unspecified mental and behavioral disorder', 57),
(6366, 'F13', 'Mental and behavioral disorders due to use of sedatives or hypnotics', 57),
(6367, 'F13.0', 'Acute intoxication', 57),
(6368, 'F13.1', 'Harmful use', 57),
(6369, 'F13.2', 'Dependence syndrome', 57),
(6370, 'F13.3', 'Withdrawal state', 57),
(6371, 'F13.4', 'Withdrawal state with delirium', 57),
(6372, 'F13.5', 'Psychotic disorder', 57),
(6373, 'F13.6', 'Amnesic syndrome', 57),
(6374, 'F13.7', 'Residual and late-onset psychotic disorder', 57),
(6375, 'F13.8', 'Other mental and behavioral disorders', 57),
(6376, 'F13.9', 'Unspecified mental and behavioral disorder', 57),
(6377, 'F14', 'Mental and behavioral disorders due to use of cocaine', 57),
(6378, 'F14.0', 'Acute intoxication', 57),
(6379, 'F14.1', 'Harmful use', 57),
(6380, 'F14.2', 'Dependence syndrome', 57),
(6381, 'F14.3', 'Withdrawal state', 57),
(6382, 'F14.4', 'Withdrawal state with delirium', 57),
(6383, 'F14.5', 'Psychotic disorder', 57),
(6384, 'F14.6', 'Amnesic syndrome', 57),
(6385, 'F14.7', 'Residual and late-onset psychotic disorder', 57),
(6386, 'F14.8', 'Other mental and behavioral disorders', 57),
(6387, 'F14.9', 'Unspecified mental and behavioral disorder', 57),
(6388, 'F15', 'Mental and behavioral disorders due to use of other stimulants, including caffeine', 57),
(6389, 'F15.0', 'Acute intoxication', 57),
(6390, 'F15.1', 'Harmful use', 57),
(6391, 'F15.2', 'Dependence syndrome', 57),
(6392, 'F15.3', 'Withdrawal state', 57),
(6393, 'F15.4', 'Withdrawal state with delirium', 57),
(6394, 'F15.5', 'Psychotic disorder', 57),
(6395, 'F15.6', 'Amnesic syndrome', 57),
(6396, 'F15.7', 'Residual and late-onset psychotic disorder', 57),
(6397, 'F15.8', 'Other mental and behavioral disorders', 57),
(6398, 'F15.9', 'Unspecified mental and behavioral disorder', 57),
(6399, 'F16', 'Mental and behavioral disorders due to use of hallucinogens', 57),
(6400, 'F16.0', 'Acute intoxication', 57),
(6401, 'F16.1', 'Harmful use', 57),
(6402, 'F16.2', 'Dependence syndrome', 57),
(6403, 'F16.3', 'Withdrawal state', 57),
(6404, 'F16.4', 'Withdrawal state with delirium', 57),
(6405, 'F16.5', 'Psychotic disorder', 57),
(6406, 'F16.6', 'Amnesic syndrome', 57),
(6407, 'F16.7', 'Residual and late-onset psychotic disorder', 57),
(6408, 'F16.8', 'Other mental and behavioral disorders', 57),
(6409, 'F16.9', 'Unspecified mental and behavioral disorder', 57),
(6410, 'F17', 'Mental and behavioral disorders due to use of tobacco', 57),
(6411, 'F17.0', 'Acute intoxication', 57),
(6412, 'F17.1', 'Harmful use', 57),
(6413, 'F17.2', 'Dependence syndrome', 57),
(6414, 'F17.3', 'Withdrawal state', 57),
(6415, 'F17.4', 'Withdrawal state with delirium', 57),
(6416, 'F17.5', 'Psychotic disorder', 57),
(6417, 'F17.6', 'Amnesic syndrome', 57),
(6418, 'F17.7', 'Residual and late-onset psychotic disorder', 57),
(6419, 'F17.8', 'Other mental and behavioral disorders', 57),
(6420, 'F17.9', 'Unspecified mental and behavioral disorder', 57),
(6421, 'F18', 'Mental and behavioral disorders due to use of volatile solvents', 57),
(6422, 'F18.0', 'Acute intoxication', 57),
(6423, 'F18.1', 'Harmful use', 57),
(6424, 'F18.2', 'Dependence syndrome', 57),
(6425, 'F18.3', 'Withdrawal state', 57),
(6426, 'F18.4', 'Withdrawal state with delirium', 57),
(6427, 'F18.5', 'Psychotic disorder', 57),
(6428, 'F18.6', 'Amnesic syndrome', 57),
(6429, 'F18.7', 'Residual and late-onset psychotic disorder', 57),
(6430, 'F18.8', 'Other mental and behavioral disorders', 57),
(6431, 'F18.9', 'Unspecified mental and behavioral disorder', 57),
(6432, 'F19', 'Mental and behavioral disorders due to multiple-drug use and use of other psychoactive substances', 57),
(6433, 'F19.0', 'Acute intoxication', 57),
(6434, 'F19.1', 'Harmful use', 57),
(6435, 'F19.2', 'Dependence syndrome', 57),
(6436, 'F19.3', 'Withdrawal state', 57),
(6437, 'F19.4', 'Withdrawal state with delirium', 57),
(6438, 'F19.5', 'Psychotic disorder', 57),
(6439, 'F19.6', 'Amnesic syndrome', 57),
(6440, 'F19.7', 'Residual and late-onset psychotic disorder', 57),
(6441, 'F19.8', 'Other mental and behavioral disorders', 57),
(6442, 'F19.9', 'Unspecified mental and behavioral disorder', 57),
(6443, 'F20', 'Schizophrenia', 58),
(6444, 'F20.0', 'Paranoid schizophrenia', 58),
(6445, 'F20.1', 'Hebephrenic schizophrenia', 58),
(6446, 'F20.2', 'Catatonic schizophrenia', 58),
(6447, 'F20.3', 'Undifferentiated schizophrenia', 58),
(6448, 'F20.4', 'Postschizophrenic depression', 58),
(6449, 'F20.5', 'Residual schizophrenia', 58),
(6450, 'F20.6', 'Simple schizophrenia', 58),
(6451, 'F20.8', 'Other schizophrenia', 58),
(6452, 'F20.9', 'Schizophrenia, unspecified', 58),
(6453, 'F21', 'Schizotypal disorder', 58),
(6454, 'F22', 'Persistent delusional disorders', 58),
(6455, 'F22.0', 'Delusional disorder', 58),
(6456, 'F22.8', 'Other persistent delusional disorders', 58),
(6457, 'F22.9', 'Persistent delusional disorder, unspecified', 58),
(6458, 'F23', 'Acute and transient psychotic disorders', 58),
(6459, 'F23.0', 'Acute polymorphic psychotic disorder without symptoms of schizophrenia', 58),
(6460, 'F23.1', 'Acute polymorphic psychotic disorder with symptoms of schizophrenia', 58),
(6461, 'F23.2', 'Acute schizophrenia-like psychotic disorder', 58),
(6462, 'F23.3', 'Other acute predominantly delusional psychotic disorders', 58),
(6463, 'F23.8', 'Other acute and transient psychotic disorders', 58),
(6464, 'F23.9', 'Acute and transient psychotic disorder, unspecified', 58),
(6465, 'F24', 'Induced delusional disorder', 58),
(6466, 'F25', 'Schizoaffective disorders', 58),
(6467, 'F25.0', 'Schizoaffective disorder, manic type', 58),
(6468, 'F25.1', 'Schizoaffective disorder, depressive type', 58),
(6469, 'F25.2', 'Schizoaffective disorder, mixed type', 58),
(6470, 'F25.8', 'Other schizoaffective disorders', 58),
(6471, 'F25.9', 'Schizoaffective disorder, unspecified', 58),
(6472, 'F28', 'Other nonorganic psychotic disorders', 58),
(6473, 'F29', 'Unspecified nonorganic psychosis', 58),
(6474, 'F30', 'Manic episode', 59),
(6475, 'F30.0', 'Hypomania', 59),
(6476, 'F30.1', 'Mania without psychotic symptoms', 59),
(6477, 'F30.2', 'Mania with psychotic symptoms', 59),
(6478, 'F30.8', 'Other manic episodes', 59),
(6479, 'F30.9', 'Manic episode, unspecified', 59),
(6480, 'F31', 'Bipolar affective disorder', 59),
(6481, 'F31.0', 'Bipolar affective disorder, current episode hypomanic', 59),
(6482, 'F31.1', 'Bipolar affective disorder, current episode manic without psychotic symptoms', 59),
(6483, 'F31.2', 'Bipolar affective disorder, current episode manic with psychotic symptoms', 59),
(6484, 'F31.3', 'Bipolar affective disorder, current episode mild or moderate depression', 59),
(6485, 'F31.4', 'Bipolar affective disorder, current episode severe depression without psychotic symptoms', 59),
(6486, 'F31.5', 'Bipolar affective disorder, current episode severe depression with psychotic symptoms', 59),
(6487, 'F31.6', 'Bipolar affective disorder, current episode mixed', 59),
(6488, 'F31.7', 'Bipolar affective disorder, currently in remission', 59),
(6489, 'F31.8', 'Other bipolar affective disorders', 59),
(6490, 'F31.9', 'Bipolar affective disorder, unspecified', 59),
(6491, 'F32', 'Depressive episode', 59),
(6492, 'F32.0', 'Mild depressive episode', 59),
(6493, 'F32.1', 'Moderate depressive episode', 59),
(6494, 'F32.2', 'Severe depressive episode without psychotic symptoms', 59),
(6495, 'F32.3', 'Severe depressive episode with psychotic symptoms', 59),
(6496, 'F32.8', 'Other depressive episodes', 59),
(6497, 'F32.9', 'Depressive episode, unspecified', 59),
(6498, 'F33', 'Recurrent depressive disorder', 59),
(6499, 'F33.0', 'Recurrent depressive disorder, current episode mild', 59),
(6500, 'F33.1', 'Recurrent depressive disorder, current episode moderate', 59),
(6501, 'F33.2', 'Recurrent depressive disorder, current episode severe without psychotic symptoms', 59),
(6502, 'F33.3', 'Recurrent depressive disorder, current episode severe with psychotic symptoms', 59),
(6503, 'F33.4', 'Recurrent depressive disorder, currently in remission', 59),
(6504, 'F33.8', 'Other recurrent depressive disorders', 59),
(6505, 'F33.9', 'Recurrent depressive disorder, unspecified', 59),
(6506, 'F34', 'Persistent mood [affective] disorders', 59),
(6507, 'F34.0', 'Cyclothymia', 59),
(6508, 'F34.1', 'Dysthymia', 59),
(6509, 'F34.8', 'Other persistent mood [affective] disorders', 59),
(6510, 'F34.9', 'Persistent mood [affective] disorder, unspecified', 59),
(6511, 'F38', 'Other mood [affective] disorders', 59),
(6512, 'F38.0', 'Other single mood [affective] disorders', 59),
(6513, 'F38.1', 'Other recurrent mood [affective] disorders', 59),
(6514, 'F38.8', 'Other specified mood [affective] disorders', 59),
(6515, 'F39', 'Unspecified mood [affective] disorder', 59),
(6516, 'F40', 'Phobic anxiety disorders', 60),
(6517, 'F40.0', 'Agoraphobia', 60),
(6518, 'F40.1', 'Social phobias', 60),
(6519, 'F40.2', 'Specific (isolated) phobias', 60),
(6520, 'F40.8', 'Other phobic anxiety disorders', 60),
(6521, 'F40.9', 'Phobic anxiety disorder, unspecified', 60),
(6522, 'F41', 'Other anxiety disorders', 60),
(6523, 'F41.0', 'Panic disorder [episodic paroxysmal anxiety]', 60),
(6524, 'F41.1', 'Generalized anxiety disorder', 60),
(6525, 'F41.2', 'Mixed anxiety and depressive disorder', 60),
(6526, 'F41.3', 'Other mixed anxiety disorders', 60),
(6527, 'F41.8', 'Other specified anxiety disorders', 60),
(6528, 'F41.9', 'Anxiety disorder, unspecified', 60),
(6529, 'F42', 'Obsessive-compulsive disorder', 60),
(6530, 'F42.0', 'Predominantly obsessional thoughts or ruminations', 60),
(6531, 'F42.1', 'Predominantly compulsive acts [obsessional rituals]', 60),
(6532, 'F42.2', 'Mixed obsessional thoughts and acts', 60),
(6533, 'F42.8', 'Other obsessive-compulsive disorders', 60),
(6534, 'F42.9', 'Obsessive-compulsive disorder, unspecified', 60),
(6535, 'F43', 'Reaction to severe stress, and adjustment disorders', 60),
(6536, 'F43.0', 'Acute stress reaction', 60),
(6537, 'F43.1', 'Posttraumatic stress disorder', 60),
(6538, 'F43.2', 'Adjustment disorders', 60),
(6539, 'F43.8', 'Other reactions to severe stress', 60),
(6540, 'F43.9', 'Reaction to severe stress, unspecified', 60),
(6541, 'F44', 'Dissociative [conversion] disorders', 60),
(6542, 'F44.0', 'Dissociative amnesia', 60),
(6543, 'F44.1', 'Dissociative fugue', 60),
(6544, 'F44.2', 'Dissociative stupor', 60),
(6545, 'F44.3', 'Trance and possession disorders', 60),
(6546, 'F44.4', 'Dissociative motor disorders', 60),
(6547, 'F44.5', 'Dissociative convulsions', 60),
(6548, 'F44.6', 'Dissociative anesthesia and sensory loss', 60),
(6549, 'F44.7', 'Mixed dissociative [conversion] disorders', 60),
(6550, 'F44.8', 'Other dissociative [conversion] disorders', 60),
(6551, 'F44.9', 'Dissociative [conversion] disorder, unspecified', 60),
(6552, 'F45', 'Somatoform disorders', 60),
(6553, 'F45.0', 'Somatization disorder', 60),
(6554, 'F45.1', 'Undifferentiated somatoform disorder', 60),
(6555, 'F45.2', 'Hypochondriacal disorder', 60),
(6556, 'F45.3', 'Somatoform autonomic dysfunction', 60),
(6557, 'F45.4', 'Persistent somatoform pain disorder', 60),
(6558, 'F45.8', 'Other somatoform disorders', 60),
(6559, 'F45.9', 'Somatoform disorder, unspecified', 60),
(6560, 'F48', 'Other neurotic disorders', 60),
(6561, 'F48.0', 'Neurasthenia', 60),
(6562, 'F48.1', 'Depersonalization-derealization syndrome', 60),
(6563, 'F48.8', 'Other specified neurotic disorders', 60),
(6564, 'F48.9', 'Neurotic disorder, unspecified', 60),
(6565, 'F50', 'Eating disorders', 61),
(6566, 'F50.0', 'Anorexia nervosa', 61),
(6567, 'F50.1', 'Atypical anorexia nervosa', 61),
(6568, 'F50.2', 'Bulimia nervosa', 61),
(6569, 'F50.3', 'Atypical bulimia nervosa', 61),
(6570, 'F50.4', 'Overeating associated with other psychological disturbances', 61),
(6571, 'F50.5', 'Vomiting associated with other psychological disturbances', 61),
(6572, 'F50.8', 'Other eating disorders', 61),
(6573, 'F50.9', 'Eating disorder, unspecified', 61),
(6574, 'F51', 'Nonorganic sleep disorders', 61),
(6575, 'F51.0', 'Nonorganic insomnia', 61),
(6576, 'F51.1', 'Nonorganic hypersomnia', 61),
(6577, 'F51.2', 'Nonorganic disorder of the sleep-wake schedule', 61),
(6578, 'F51.3', 'Sleepwalking [somnambulism]', 61),
(6579, 'F51.4', 'Sleep terrors [night terrors]', 61),
(6580, 'F51.5', 'Nightmares', 61),
(6581, 'F51.8', 'Other nonorganic sleep disorders', 61),
(6582, 'F51.9', 'Nonorganic sleep disorder, unspecified', 61),
(6583, 'F52', 'Sexual dysfunction, not caused by organic disorder or disease', 61),
(6584, 'F52.0', 'Lack or loss of sexual desire', 61),
(6585, 'F52.1', 'Sexual aversion and lack of sexual enjoyment', 61),
(6586, 'F52.2', 'Failure of genital response', 61),
(6587, 'F52.3', 'Orgasmic dysfunction', 61),
(6588, 'F52.4', 'Premature ejaculation', 61),
(6589, 'F52.5', 'Nonorganic vaginismus', 61),
(6590, 'F52.6', 'Nonorganic dyspareunia', 61),
(6591, 'F52.7', 'Excessive sexual drive', 61),
(6592, 'F52.8', 'Other sexual dysfunction, not caused by organic disorder or disease', 61),
(6593, 'F52.9', 'Unspecified sexual dysfunction, not caused by organic disorder or disease', 61),
(6594, 'F53', 'Mental and behavioral disorders associated with the puerperium, not elsewhere classified', 61),
(6595, 'F53.0', 'Mild mental and behavioral disorders associated with the puerperium, not elsewhere classified', 61),
(6596, 'F53.1', 'Severe mental and behavioral disorders associated with the puerperium, not elsewhere classified', 61),
(6597, 'F53.8', 'Other mental and behavioral disorders associated with the puerperium, not elsewhere classified', 61),
(6598, 'F53.9', 'Puerperal mental disorder, unspecified', 61),
(6599, 'F54', 'Psychological and behavioral factors associated with disorders or diseases classified elsewhere', 61),
(6600, 'F55', 'Abuse of non-dependence-producing substances', 61),
(6601, 'F59', 'Unspecified behavioral syndromes associated with physiological disturbances and physical factors', 61),
(6602, 'F60', 'Specific personality disorders', 62),
(6603, 'F60.0', 'Paranoid personality disorder', 62),
(6604, 'F60.1', 'Schizoid personality disorder', 62),
(6605, 'F60.2', 'Dissocial personality disorder', 62),
(6606, 'F60.3', 'Emotionally unstable personality disorder', 62),
(6607, 'F60.4', 'Histrionic personality disorder', 62),
(6608, 'F60.5', 'Anankastic personality disorder', 62),
(6609, 'F60.6', 'Anxious [avoidant] personality disorder', 62),
(6610, 'F60.7', 'Dependent personality disorder', 62),
(6611, 'F60.8', 'Other specific personality disorders', 62),
(6612, 'F60.9', 'Personality disorder, unspecified', 62),
(6613, 'F61', 'Mixed and other personality disorders', 62),
(6614, 'F62', 'Enduring personality changes, not attributable to brain damage and disease', 62),
(6615, 'F62.0', 'Enduring personality change after catastrophic experience', 62),
(6616, 'F62.1', 'Enduring personality change after psychiatric illness', 62),
(6617, 'F62.8', 'Other enduring personality changes', 62),
(6618, 'F62.9', 'Enduring personality change, unspecified', 62),
(6619, 'F63', 'Habit and impulse disorders', 62),
(6620, 'F63.0', 'Pathological gambling', 62),
(6621, 'F63.1', 'Pathological fire-setting [pyromania]', 62),
(6622, 'F63.2', 'Pathological stealing [kleptomania]', 62),
(6623, 'F63.3', 'Trichotillomania', 62),
(6624, 'F63.8', 'Other habit and impulse disorders', 62),
(6625, 'F63.9', 'Habit and impulse disorder, unspecified', 62),
(6626, 'F64', 'Gender identity disorders', 62),
(6627, 'F64.0', 'Transsexualism', 62),
(6628, 'F64.1', 'Dual-role transvestism', 62),
(6629, 'F64.2', 'Gender identity disorder of childhood', 62),
(6630, 'F64.8', 'Other gender identity disorders', 62),
(6631, 'F64.9', 'Gender identity disorder, unspecified', 62),
(6632, 'F65', 'Disorders of sexual preference', 62),
(6633, 'F65.0', 'Fetishism', 62),
(6634, 'F65.1', 'Fetishistic transvestism', 62),
(6635, 'F65.2', 'Exhibitionism', 62),
(6636, 'F65.3', 'Voyeurism', 62),
(6637, 'F65.4', 'Pedophilia', 62),
(6638, 'F65.5', 'Sadomasochism', 62),
(6639, 'F65.6', 'Multiple disorders of sexual preference', 62),
(6640, 'F65.8', 'Other disorders of sexual preference', 62),
(6641, 'F65.9', 'Disorder of sexual preference, unspecified', 62),
(6642, 'F66', 'Psychological and behavioral disorders associated with sexual development and orientation', 62),
(6643, 'F66.0', 'Sexual maturation disorder', 62),
(6644, 'F66.1', 'Egodystonic sexual orientation', 62),
(6645, 'F66.2', 'Sexual relationship disorder', 62),
(6646, 'F66.8', 'Other psychosexual development disorders', 62),
(6647, 'F66.9', 'Psychosexual development disorder, unspecified', 62),
(6648, 'F68', 'Other disorders of adult personality and behavior', 62),
(6649, 'F68.0', 'Elaboration of physical symptoms for psychological reasons', 62),
(6650, 'F68.1', 'Intentional production or feigning of symptoms or disabilities, either physical or psychological [factitious disorder]', 62),
(6651, 'F68.8', 'Other specified disorders of adult personality and behavior', 62),
(6652, 'F69', 'Unspecified disorder of adult personality and behavior', 62),
(6653, 'F70', 'Mild mental retardation', 63),
(6654, 'F71', 'Moderate mental retardation', 63),
(6655, 'F72', 'Severe mental retardation', 63),
(6656, 'F73', 'Profound mental retardation', 63),
(6657, 'F78', 'Other mental retardation', 63),
(6658, 'F79', 'Unspecified mental retardation', 63),
(6659, 'F80', 'Specific developmental disorders of speech and language', 64),
(6660, 'F80.0', 'Specific speech articulation disorder', 64),
(6661, 'F80.1', 'Expressive language disorder', 64),
(6662, 'F80.2', 'Receptive language disorder', 64),
(6663, 'F80.3', 'Acquired aphasia with epilepsy [Landau-Kleffner]', 64),
(6664, 'F80.8', 'Other developmental disorders of speech and language', 64),
(6665, 'F80.9', 'Developmental disorder of speech and language, unspecified', 64),
(6666, 'F81', 'Specific developmental disorders of scholastic skills', 64),
(6667, 'F81.0', 'Specific reading disorder', 64),
(6668, 'F81.1', 'Specific spelling disorder', 64),
(6669, 'F81.2', 'Specific disorder of arithmetical skills', 64),
(6670, 'F81.3', 'Mixed disorder of scholastic skills', 64),
(6671, 'F81.8', 'Other developmental disorders of scholastic skills', 64),
(6672, 'F81.9', 'Developmental disorder of scholastic skills, unspecified', 64),
(6673, 'F82', 'Specific developmental disorder of motor function', 64),
(6674, 'F83', 'Mixed specific developmental disorders', 64),
(6675, 'F84', 'Pervasive developmental disorders', 64),
(6676, 'F84.0', 'Childhood autism', 64),
(6677, 'F84.1', 'Atypical autism', 64),
(6678, 'F84.2', 'Rett\'s syndrome', 64),
(6679, 'F84.3', 'Other childhood disintegrative disorder', 64),
(6680, 'F84.4', 'Overactive disorder associated with mental retardation and stereotyped movements', 64),
(6681, 'F84.5', 'Asperger\'s syndrome', 64),
(6682, 'F84.8', 'Other pervasive developmental disorders', 64),
(6683, 'F84.9', 'Pervasive developmental disorder, unspecified', 64),
(6684, 'F88', 'Other disorders of psychological development', 64),
(6685, 'F89', 'Unspecified disorder of psychological development', 64),
(6686, 'F90', 'Hyperkinetic disorders', 65),
(6687, 'F90.0', 'Disturbance of activity and attention', 65),
(6688, 'F90.1', 'Hyperkinetic conduct disorder', 65),
(6689, 'F90.8', 'Other hyperkinetic disorders', 65),
(6690, 'F90.9', 'Hyperkinetic disorder, unspecified', 65),
(6691, 'F91', 'Conduct disorders', 65),
(6692, 'F91.0', 'Conduct disorder confined to the family context', 65),
(6693, 'F91.1', 'Unsocialized conduct disorder', 65),
(6694, 'F91.2', 'Socialized conduct disorder', 65),
(6695, 'F91.3', 'Oppositional defiant disorder', 65),
(6696, 'F91.8', 'Other conduct disorders', 65),
(6697, 'F91.9', 'Conduct disorder, unspecified', 65),
(6698, 'F92', 'Mixed disorders of conduct and emotions', 65),
(6699, 'F92.0', 'Depressive conduct disorder', 65),
(6700, 'F92.8', 'Other mixed disorders of conduct and emotions', 65),
(6701, 'F92.9', 'Mixed disorder of conduct and emotions, unspecified', 65),
(6702, 'F93', 'Emotional disorders with onset specific to childhood', 65),
(6703, 'F93.0', 'Separation anxiety disorder of childhood', 65),
(6704, 'F93.1', 'Phobic anxiety disorder of childhood', 65),
(6705, 'F93.2', 'Social anxiety disorder of childhood', 65),
(6706, 'F93.3', 'Sibling rivalry disorder', 65),
(6707, 'F93.8', 'Other childhood emotional disorders', 65),
(6708, 'F93.9', 'Childhood emotional disorder, unspecified', 65),
(6709, 'F94', 'Disorders of social functioning with onset specific to childhood and adolescence', 65),
(6710, 'F94.0', 'Elective mutism', 65),
(6711, 'F94.1', 'Reactive attachment disorder of childhood', 65),
(6712, 'F94.2', 'Disinhibited attachment disorder of childhood', 65),
(6713, 'F94.8', 'Other childhood disorders of social functioning', 65),
(6714, 'F94.9', 'Childhood disorder of social functioning, unspecified', 65),
(6715, 'F95', 'Tic disorders', 65),
(6716, 'F95.0', 'Transient tic disorder', 65),
(6717, 'F95.1', 'Chronic motor or vocal tic disorder', 65),
(6718, 'F95.2', 'Combined vocal and multiple motor tic disorder [de la Tourette]', 65),
(6719, 'F95.8', 'Other tic disorders', 65),
(6720, 'F95.9', 'Tic disorder, unspecified', 65),
(6721, 'F98', 'Other behavioral and emotional disorders with onset usually occurring in childhood and adolescence', 65),
(6722, 'F98.0', 'Nonorganic enuresis', 65),
(6723, 'F98.1', 'Nonorganic encopresis', 65),
(6724, 'F98.2', 'Feeding disorder of infancy and childhood', 65),
(6725, 'F98.3', 'Pica of infancy and childhood', 65),
(6726, 'F98.4', 'Stereotyped movement disorders', 65),
(6727, 'F98.5', 'Stuttering [stammering]', 65),
(6728, 'F98.6', 'Cluttering', 65),
(6729, 'F98.8', 'Other specified behavioral and emotional disorders with onset usually occurring in childhood and adolescence', 65),
(6730, 'F98.9', 'Unspecified behavioral and emotional disorders with onset usually occurring in childhood and adolescence', 65),
(6731, 'F99', 'Mental disorder, not otherwise specified', 66),
(6732, 'G00', 'Bacterial meningitis, not elsewhere classified', 67),
(6733, 'G00.0', 'Hemophilus meningitis', 67),
(6734, 'G00.1', 'Pneumococcal meningitis', 67),
(6735, 'G00.2', 'Streptococcal meningitis', 67),
(6736, 'G00.3', 'Staphylococcal meningitis', 67),
(6737, 'G00.8', 'Other bacterial meningitis', 67),
(6738, 'G00.9', 'Bacterial meningitis, unspecified', 67),
(6739, 'G03', 'Meningitis due to other and unspecified causes', 67),
(6740, 'G03.0', 'Nonpyogenic meningitis', 67),
(6741, 'G03.1', 'Chronic meningitis', 67),
(6742, 'G03.2', 'Benign recurrent meningitis [Mollaret]', 67),
(6743, 'G03.8', 'Meningitis due to other specified causes', 67),
(6744, 'G03.9', 'Meningitis, unspecified', 67),
(6745, 'G04', 'Encephalitis, myelitis, and encephalomyelitis', 67),
(6746, 'G04.0', 'Acute disseminated encephalitis', 67),
(6747, 'G04.1', 'Tropical spastic paraplegia', 67),
(6748, 'G04.2', 'Bacterial meningoencephalitis and meningomyelitis, not elsewhere classified', 67),
(6749, 'G04.8', 'Other encephalitis, myelitis, and encephalomyelitis', 67),
(6750, 'G04.9', 'Encephalitis, myelitis, and encephalomyelitis, unspecified', 67),
(6751, 'G06', 'Intracranial and intraspinal abscess and granuloma', 67),
(6752, 'G06.0', 'Intracranial abscess and granuloma', 67),
(6753, 'G06.1', 'Intraspinal abscess and granuloma', 67),
(6754, 'G06.2', 'Extradural and subdural abscess, unspecified', 67),
(6755, 'G08', 'Intracranial and intraspinal phlebitis and thrombophlebitis', 67),
(6756, 'G09', 'Sequelae of inflammatory diseases of central nervous system', 67),
(6757, 'G10', 'Huntington\'s disease', 68),
(6758, 'G11', 'Hereditary ataxia', 68),
(6759, 'G11.0', 'Congenital nonprogressive ataxia', 68),
(6760, 'G11.1', 'Early-onset cerebellar ataxia', 68),
(6761, 'G11.2', 'Late-onset cerebellar ataxia', 68),
(6762, 'G11.3', 'Cerebellar ataxia with defective DNA repair', 68),
(6763, 'G11.4', 'Hereditary spastic paraplegia', 68),
(6764, 'G11.8', 'Other hereditary ataxias', 68),
(6765, 'G11.9', 'Hereditary ataxia, unspecified', 68),
(6766, 'G12', 'Spinal muscular atrophy and related syndromes', 68),
(6767, 'G12.0', 'Infantile spinal muscular atrophy, type I [Werdnig-Hoffman]', 68),
(6768, 'G12.1', 'Other inherited spinal muscular atrophy', 68);
INSERT INTO `diseases` (`id`, `disease_code`, `disease_name`, `section_id`) VALUES
(6769, 'G12.2', 'Motor neuron disease', 68),
(6770, 'G12.8', 'Other spinal muscular atrophies and related syndromes', 68),
(6771, 'G12.9', 'Spinal muscular atrophy, unspecified', 68),
(6772, 'G20', 'Parkinson\'s disease', 69),
(6773, 'G21', 'Secondary parkinsonism', 69),
(6774, 'G21.0', 'Malignant neuroleptic syndrome', 69),
(6775, 'G21.1', 'Other drug-induced secondary parkinsonism', 69),
(6776, 'G21.2', 'Secondary parkinsonism due to other external agents', 69),
(6777, 'G21.3', 'Postencephalitic parkinsonism', 69),
(6778, 'G21.8', 'Other secondary parkinsonism', 69),
(6779, 'G21.9', 'Secondary parkinsonism, unspecified', 69),
(6780, 'G23', 'Other degenerative diseases of basal ganglia', 69),
(6781, 'G23.0', 'Hallervorden-Spatz disease', 69),
(6782, 'G23.1', 'Progressive supranuclear ophthalmoplegia [Steele-Richardson-Olszewski]', 69),
(6783, 'G23.2', 'Striatonigral degeneration', 69),
(6784, 'G23.8', 'Other specified degenerative diseases of basal ganglia', 69),
(6785, 'G23.9', 'Degenerative disease of basal ganglia, unspecified', 69),
(6786, 'G24', 'Dystonia', 69),
(6787, 'G24.0', 'Drug-induced dystonia', 69),
(6788, 'G24.1', 'Idiopathic familial dystonia', 69),
(6789, 'G24.2', 'Idiopathic nonfamilial dystonia', 69),
(6790, 'G24.3', 'Spasmodic torticollis', 69),
(6791, 'G24.4', 'Idiopathic orofacial dystonia', 69),
(6792, 'G24.5', 'Blepharospasm', 69),
(6793, 'G24.8', 'Other dystonia', 69),
(6794, 'G24.9', 'Dystonia, unspecified', 69),
(6795, 'G25', 'Other extrapyramidal and movement disorders', 69),
(6796, 'G25.0', 'Essential tremor', 69),
(6797, 'G25.1', 'Drug-induced tremor', 69),
(6798, 'G25.2', 'Other specified forms of tremor', 69),
(6799, 'G25.3', 'Myoclonus', 69),
(6800, 'G25.4', 'Drug-induced chorea', 69),
(6801, 'G25.5', 'Other chorea', 69),
(6802, 'G25.6', 'Drug-induced tics and other tics of organic origin', 69),
(6803, 'G25.8', 'Other specified extrapyramidal and movement disorders', 69),
(6804, 'G25.9', 'Extrapyramidal and movement disorder, unspecified', 69),
(6805, 'G30', 'Alzheimer\'s disease', 70),
(6806, 'G30.0', 'Alzheimer\'s disease with early onset', 70),
(6807, 'G30.1', 'Alzheimer\'s disease with late onset', 70),
(6808, 'G30.8', 'Other Alzheimer\'s disease', 70),
(6809, 'G30.9', 'Alzheimer\'s disease, unspecified', 70),
(6810, 'G31', 'Other degenerative diseases of nervous system, not elsewhere classified', 70),
(6811, 'G31.0', 'Circumscribed brain atrophy', 70),
(6812, 'G31.1', 'Senile degeneration of brain, not elsewhere classified', 70),
(6813, 'G31.2', 'Degeneration of nervous system due to alcohol', 70),
(6814, 'G31.8', 'Other specified degenerative diseases of nervous system', 70),
(6815, 'G31.9', 'Degenerative disease of nervous system, unspecified', 70),
(6816, 'G35', 'Multiple sclerosis', 71),
(6817, 'G36', 'Other acute disseminated demyelination', 71),
(6818, 'G36.0', 'Neuromyelitis optica [Devic]', 71),
(6819, 'G36.1', 'Acute and subacute hemorrhagic leukoencephalitis [Hurst]', 71),
(6820, 'G36.8', 'Other specified acute disseminated demyelination', 71),
(6821, 'G36.9', 'Acute disseminated demyelination, unspecified', 71),
(6822, 'G37', 'Other demyelinating diseases of central nervous system', 71),
(6823, 'G37.0', 'Diffuse sclerosis', 71),
(6824, 'G37.1', 'Central demyelination of corpus callosum', 71),
(6825, 'G37.2', 'Central pontine myelinolysis', 71),
(6826, 'G37.3', 'Acute transverse myelitis in demyelinating disease of central nervous system', 71),
(6827, 'G37.4', 'Subacute necrotizing myelitis', 71),
(6828, 'G37.5', 'Concentric sclerosis [Bal]', 71),
(6829, 'G37.8', 'Other specified demyelinating diseases of central nervous system', 71),
(6830, 'G37.9', 'Demyelinating disease of central nervous system, unspecified', 71),
(6831, 'G40', 'Epilepsy', 72),
(6832, 'G40.0', 'Localization-related (focal) (partial) idiopathic epilepsy and epileptic syndromes with seizures of localized onset', 72),
(6833, 'G40.1', 'Localization-related (focal) (partial) symptomatic epilepsy and epileptic syndromes with simple partial seizures', 72),
(6834, 'G40.2', 'Localization-related (focal) (partial) symptomatic epilepsy and epileptic syndromes with complex partial seizures', 72),
(6835, 'G40.3', 'Generalized idiopathic epilepsy and epileptic syndromes', 72),
(6836, 'G40.4', 'Other generalized epilepsy and epileptic syndromes', 72),
(6837, 'G40.5', 'Special epileptic syndromes', 72),
(6838, 'G40.6', 'Grand mal seizures, unspecified (with or without petit mal)', 72),
(6839, 'G40.7', 'Petit mal, unspecified, without grand mal seizures', 72),
(6840, 'G40.8', 'Other epilepsy', 72),
(6841, 'G40.9', 'Epilepsy, unspecified', 72),
(6842, 'G41', 'Status epilepticus', 72),
(6843, 'G41.0', 'Grand mal status epilepticus', 72),
(6844, 'G41.1', 'Petit mal status epilepticus', 72),
(6845, 'G41.2', 'Complex partial status epilepticus', 72),
(6846, 'G41.8', 'Other status epilepticus', 72),
(6847, 'G41.9', 'Status epilepticus, unspecified', 72),
(6848, 'G43', 'Migraine', 72),
(6849, 'G43.0', 'Migraine without aura [common migraine]', 72),
(6850, 'G43.1', 'Migraine with aura [classical migraine]', 72),
(6851, 'G43.2', 'Status migrainosus', 72),
(6852, 'G43.3', 'Complicated migraine', 72),
(6853, 'G43.8', 'Other migraine', 72),
(6854, 'G43.9', 'Migraine, unspecified', 72),
(6855, 'G44', 'Other headache syndromes', 72),
(6856, 'G44.0', 'Cluster headache syndrome', 72),
(6857, 'G44.1', 'Vascular headache, not elsewhere classified', 72),
(6858, 'G44.2', 'Tension-type headache', 72),
(6859, 'G44.3', 'Chronic posttraumatic headache', 72),
(6860, 'G44.4', 'Drug-induced headache, not elsewhere classified', 72),
(6861, 'G44.8', 'Other specified headache syndromes', 72),
(6862, 'G45', 'Transient cerebral ischemic attacks and related syndromes', 72),
(6863, 'G45.0', 'Vertebro-basilar artery syndrome', 72),
(6864, 'G45.1', 'Carotid artery syndrome (hemispheric)', 72),
(6865, 'G45.2', 'Multiple and bilateral precerebral artery syndromes', 72),
(6866, 'G45.3', 'Amaurosis fugax', 72),
(6867, 'G45.4', 'Transient global amnesia', 72),
(6868, 'G45.8', 'Other transient cerebral ischemic attacks and related syndromes', 72),
(6869, 'G45.9', 'Transient cerebral ischemic attack, unspecified', 72),
(6870, 'G47', 'Sleep disorders', 72),
(6871, 'G47.0', 'Disorders of initiating and maintaining sleep [insomnias]', 72),
(6872, 'G47.1', 'Disorders of excessive somnolence [hypersomnias]', 72),
(6873, 'G47.2', 'Disorders of the sleep-wake schedule', 72),
(6874, 'G47.3', 'Sleep apnea', 72),
(6875, 'G47.4', 'Narcolepsy and cataplexy', 72),
(6876, 'G47.8', 'Other sleep disorders', 72),
(6877, 'G47.9', 'Sleep disorder, unspecified', 72),
(6878, 'G50', 'Disorders of trigeminal nerve', 73),
(6879, 'G50.0', 'Trigeminal neuralgia', 73),
(6880, 'G50.1', 'Atypical facial pain', 73),
(6881, 'G50.8', 'Other disorders of trigeminal nerve', 73),
(6882, 'G50.9', 'Disorder of trigeminal nerve, unspecified', 73),
(6883, 'G51', 'Facial nerve disorders', 73),
(6884, 'G51.0', 'Bell\'s palsy', 73),
(6885, 'G51.1', 'Geniculate ganglionitis', 73),
(6886, 'G51.2', 'Melkersson\'s syndrome', 73),
(6887, 'G51.3', 'Clonic hemifacial spasm', 73),
(6888, 'G51.4', 'Facial myokymia', 73),
(6889, 'G51.8', 'Other disorders of facial nerve', 73),
(6890, 'G51.9', 'Disorder of facial nerve, unspecified', 73),
(6891, 'G52', 'Disorders of other cranial nerves', 73),
(6892, 'G52.0', 'Disorders of olfactory nerve', 73),
(6893, 'G52.1', 'Disorders of glossopharyngeal nerve', 73),
(6894, 'G52.2', 'Disorders of vagus nerve', 73),
(6895, 'G52.3', 'Disorders of hypoglossal nerve', 73),
(6896, 'G52.7', 'Disorders of multiple cranial nerves', 73),
(6897, 'G52.8', 'Disorders of other specified cranial nerves', 73),
(6898, 'G52.9', 'Cranial nerve disorder, unspecified', 73),
(6899, 'G54', 'Nerve root and plexus disorders', 73),
(6900, 'G54.0', 'Brachial plexus disorders', 73),
(6901, 'G54.1', 'Lumbosacral plexus disorders', 73),
(6902, 'G54.2', 'Cervical root disorders, not elsewhere classified', 73),
(6903, 'G54.3', 'Thoracic root disorders, not elsewhere classified', 73),
(6904, 'G54.4', 'Lumbosacral root disorders, not elsewhere classified', 73),
(6905, 'G54.5', 'Neuralgic amyotrophy', 73),
(6906, 'G54.6', 'Phantom limb syndrome with pain', 73),
(6907, 'G54.7', 'Phantom limb syndrome without pain', 73),
(6908, 'G54.8', 'Other nerve root and plexus disorders', 73),
(6909, 'G54.9', 'Nerve root and plexus disorder, unspecified', 73),
(6910, 'G56', 'Mononeuropathies of upper limb', 73),
(6911, 'G56.0', 'Carpal tunnel syndrome', 73),
(6912, 'G56.1', 'Other lesions of median nerve', 73),
(6913, 'G56.2', 'Lesion of ulnar nerve', 73),
(6914, 'G56.3', 'Lesion of radial nerve', 73),
(6915, 'G56.4', 'Causalgia', 73),
(6916, 'G56.8', 'Other mononeuropathies of upper limb', 73),
(6917, 'G56.9', 'Mononeuropathy of upper limb, unspecified', 73),
(6918, 'G57', 'Mononeuropathies of lower limb', 73),
(6919, 'G57.0', 'Lesion of sciatic nerve', 73),
(6920, 'G57.1', 'Meralgia paresthetica', 73),
(6921, 'G57.2', 'Lesion of femoral nerve', 73),
(6922, 'G57.3', 'Lesion of lateral popliteal nerve', 73),
(6923, 'G57.4', 'Lesion of medial popliteal nerve', 73),
(6924, 'G57.5', 'Tarsal tunnel syndrome', 73),
(6925, 'G57.6', 'Lesion of plantar nerve', 73),
(6926, 'G57.8', 'Other mononeuropathies of lower limb', 73),
(6927, 'G57.9', 'Mononeuropathy of lower limb, unspecified', 73),
(6928, 'G58', 'Other mononeuropathies', 73),
(6929, 'G58.0', 'Intercostal neuropathy', 73),
(6930, 'G58.7', 'Mononeuritis multiplex', 73),
(6931, 'G58.8', 'Other specified mononeuropathies', 73),
(6932, 'G58.9', 'Mononeuropathy, unspecified', 73),
(6933, 'G60', 'Hereditary and idiopathic neuropathy', 74),
(6934, 'G60.0', 'Hereditary motor and sensory neuropathy', 74),
(6935, 'G60.1', 'Refsum\'s disease', 74),
(6936, 'G60.2', 'Neuropathy in association with hereditary ataxia', 74),
(6937, 'G60.3', 'Idiopathic progressive neuropathy', 74),
(6938, 'G60.8', 'Other hereditary and idiopathic neuropathies', 74),
(6939, 'G60.9', 'Hereditary and idiopathic neuropathy, unspecified', 74),
(6940, 'G61', 'Inflammatory polyneuropathy', 74),
(6941, 'G61.0', 'Guillain-Barr syndrome', 74),
(6942, 'G61.1', 'Serum neuropathy', 74),
(6943, 'G61.8', 'Other inflammatory polyneuropathies', 74),
(6944, 'G61.9', 'Inflammatory polyneuropathy, unspecified', 74),
(6945, 'G62', 'Other polyneuropathies', 74),
(6946, 'G62.0', 'Drug-induced polyneuropathy', 74),
(6947, 'G62.1', 'Alcoholic polyneuropathy', 74),
(6948, 'G62.2', 'Polyneuropathy due to other toxic agents', 74),
(6949, 'G62.8', 'Other specified polyneuropathies', 74),
(6950, 'G62.9', 'Polyneuropathy, unspecified', 74),
(6951, 'G64', 'Other disorders of peripheral nervous system', 74),
(6952, 'G70', 'Myasthenia gravis and other myoneural disorders', 75),
(6953, 'G70.0', 'Myasthenia gravis', 75),
(6954, 'G70.1', 'Toxic myoneural disorders', 75),
(6955, 'G70.2', 'Congenital and developmental myasthenia', 75),
(6956, 'G70.8', 'Other specified myoneural disorders', 75),
(6957, 'G70.9', 'Myoneural disorder, unspecified', 75),
(6958, 'G71', 'Primary disorders of muscles', 75),
(6959, 'G71.0', 'Muscular dystrophy', 75),
(6960, 'G71.1', 'Myotonic disorders', 75),
(6961, 'G71.2', 'Congenital myopathies', 75),
(6962, 'G71.3', 'Mitochondrial myopathy, not elsewhere classified', 75),
(6963, 'G71.8', 'Other primary disorders of muscles', 75),
(6964, 'G71.9', 'Primary disorder of muscle, unspecified', 75),
(6965, 'G72', 'Other myopathies', 75),
(6966, 'G72.0', 'Drug-induced myopathy', 75),
(6967, 'G72.1', 'Alcoholic myopathy', 75),
(6968, 'G72.2', 'Myopathy due to other toxic agents', 75),
(6969, 'G72.3', 'Periodic paralysis', 75),
(6970, 'G72.4', 'Inflammatory myopathy, not elsewhere classified', 75),
(6971, 'G72.8', 'Other specified myopathies', 75),
(6972, 'G72.9', 'Myopathy, unspecified', 75),
(6973, 'G80', 'Infantile cerebral palsy', 76),
(6974, 'G80.0', 'Spastic cerebral palsy', 76),
(6975, 'G80.1', 'Spastic diplegia', 76),
(6976, 'G80.2', 'Infantile hemiplegia', 76),
(6977, 'G80.3', 'Dyskinetic cerebral palsy', 76),
(6978, 'G80.4', 'Ataxic cerebral palsy', 76),
(6979, 'G80.8', 'Other infantile cerebral palsy', 76),
(6980, 'G80.9', 'Infantile cerebral palsy, unspecified', 76),
(6981, 'G81', 'Hemiplegia', 76),
(6982, 'G81.0', 'Flaccid hemiplegia', 76),
(6983, 'G81.1', 'Spastic hemiplegia', 76),
(6984, 'G81.9', 'Hemiplegia, unspecified', 76),
(6985, 'G82', 'Paraplegia and tetraplegia', 76),
(6986, 'G82.0', 'Flaccid paraplegia', 76),
(6987, 'G82.1', 'Spastic paraplegia', 76),
(6988, 'G82.2', 'Paraplegia, unspecified', 76),
(6989, 'G82.3', 'Flaccid tetraplegia', 76),
(6990, 'G82.4', 'Spastic tetraplegia', 76),
(6991, 'G82.5', 'Tetraplegia, unspecified', 76),
(6992, 'G83', 'Other paralytic syndromes', 76),
(6993, 'G83.0', 'Diplegia of upper limbs', 76),
(6994, 'G83.1', 'Monoplegia of lower limb', 76),
(6995, 'G83.2', 'Monoplegia of upper limb', 76),
(6996, 'G83.3', 'Monoplegia, unspecified', 76),
(6997, 'G83.4', 'Cauda equina syndrome', 76),
(6998, 'G83.8', 'Other specified paralytic syndromes', 76),
(6999, 'G83.9', 'Paralytic syndrome, unspecified', 76),
(7000, 'G90', 'Disorders of autonomic nervous system', 77),
(7001, 'G90.0', 'Idiopathic peripheral autonomic neuropathy', 77),
(7002, 'G90.1', 'Familial dysautonomia [Riley-Day]', 77),
(7003, 'G90.2', 'Horner\'s syndrome', 77),
(7004, 'G90.3', 'Multisystem degeneration', 77),
(7005, 'G90.8', 'Other disorders of autonomic nervous system', 77),
(7006, 'G90.9', 'Disorder of autonomic nervous system, unspecified', 77),
(7007, 'G91', 'Hydrocephalus', 77),
(7008, 'G91.0', 'Communicating hydrocephalus', 77),
(7009, 'G91.1', 'Obstructive hydrocephalus', 77),
(7010, 'G91.2', 'Normal-pressure hydrocephalus', 77),
(7011, 'G91.3', 'Posttraumatic hydrocephalus, unspecified', 77),
(7012, 'G91.8', 'Other hydrocephalus', 77),
(7013, 'G91.9', 'Hydrocephalus, unspecified', 77),
(7014, 'G92', 'Toxic encephalopathy', 77),
(7015, 'G93', 'Other disorders of brain', 77),
(7016, 'G93.0', 'Cerebral cysts', 77),
(7017, 'G93.1', 'Anoxic brain damage, not elsewhere classified', 77),
(7018, 'G93.2', 'Benign intracranial hypertension', 77),
(7019, 'G93.3', 'Postviral fatigue syndrome', 77),
(7020, 'G93.4', 'Encephalopathy, unspecified', 77),
(7021, 'G93.5', 'Compression of brain', 77),
(7022, 'G93.6', 'Cerebral edema', 77),
(7023, 'G93.7', 'Reye\'s syndrome', 77),
(7024, 'G93.8', 'Other specified disorders of brain', 77),
(7025, 'G93.9', 'Disorder of brain, unspecified', 77),
(7026, 'G95', 'Other diseases of spinal cord', 77),
(7027, 'G95.0', 'Syringomyelia and syringobulbia', 77),
(7028, 'G95.1', 'Vascular myelopathies', 77),
(7029, 'G95.2', 'Cord compression, unspecified', 77),
(7030, 'G95.8', 'Other specified diseases of spinal cord', 77),
(7031, 'G95.9', 'Disease of spinal cord, unspecified', 77),
(7032, 'G96', 'Other disorders of central nervous system', 77),
(7033, 'G96.0', 'Cerebrospinal fluid leak', 77),
(7034, 'G96.1', 'Disorders of meninges, not elsewhere classified', 77),
(7035, 'G96.8', 'Other specified disorders of central nervous system', 77),
(7036, 'G96.9', 'Disorder of central nervous system, unspecified', 77),
(7037, 'G98', 'Other disorders of nervous system, not elsewhere classified', 77),
(7038, 'H00', 'Hordeolum and chalazion', 78),
(7039, 'H00.0', 'Hordeolum and other deep inflammation of eyelid', 78),
(7040, 'H00.1', 'Chalazion', 78),
(7041, 'H01', 'Other inflammation of eyelid', 78),
(7042, 'H01.0', 'Blepharitis', 78),
(7043, 'H01.1', 'Noninfectious dermatoses of eyelid', 78),
(7044, 'H01.8', 'Other specified inflammation of eyelid', 78),
(7045, 'H01.9', 'Inflammation of eyelid, unspecified', 78),
(7046, 'H02', 'Other disorders of eyelid', 78),
(7047, 'H02.0', 'Entropion and trichiasis of eyelid', 78),
(7048, 'H02.1', 'Ectropion of eyelid', 78),
(7049, 'H02.2', 'Lagophthalmos', 78),
(7050, 'H02.3', 'Blepharochalasis', 78),
(7051, 'H02.4', 'Ptosis of eyelid', 78),
(7052, 'H02.5', 'Other disorders affecting eyelid function', 78),
(7053, 'H02.6', 'Xanthelasma of eyelid', 78),
(7054, 'H02.7', 'Other degenerative disorders of eyelid and periocular area', 78),
(7055, 'H02.8', 'Other specified disorders of eyelid', 78),
(7056, 'H02.9', 'Disorder of eyelid, unspecified', 78),
(7057, 'H04', 'Disorders of lacrimal system', 78),
(7058, 'H04.0', 'Dacryoadenitis', 78),
(7059, 'H04.1', 'Other disorders of lacrimal gland', 78),
(7060, 'H04.2', 'Epiphora', 78),
(7061, 'H04.3', 'Acute and unspecified inflammation of lacrimal passages', 78),
(7062, 'H04.4', 'Chronic inflammation of lacrimal passages', 78),
(7063, 'H04.5', 'Stenosis and insufficiency of lacrimal passages', 78),
(7064, 'H04.6', 'Other changes in lacrimal passages', 78),
(7065, 'H04.8', 'Other disorders of lacrimal system', 78),
(7066, 'H04.9', 'Disorder of lacrimal system, unspecified', 78),
(7067, 'H05', 'Disorders of orbit', 78),
(7068, 'H05.0', 'Acute inflammation of orbit', 78),
(7069, 'H05.1', 'Chronic inflammatory disorders of orbit', 78),
(7070, 'H05.2', 'Exophthalmic conditions', 78),
(7071, 'H05.3', 'Deformity of orbit', 78),
(7072, 'H05.4', 'Enophthalmos', 78),
(7073, 'H05.5', 'Retained (old) foreign body following penetrating wound of orbit', 78),
(7074, 'H05.8', 'Other disorders of orbit', 78),
(7075, 'H05.9', 'Disorder of orbit, unspecified', 78),
(7076, 'H10', 'Conjunctivitis', 79),
(7077, 'H10.0', 'Mucopurulent conjunctivitis', 79),
(7078, 'H10.1', 'Acute atopic conjunctivitis', 79),
(7079, 'H10.2', 'Other acute conjunctivitis', 79),
(7080, 'H10.3', 'Acute conjunctivitis, unspecified', 79),
(7081, 'H10.4', 'Chronic conjunctivitis', 79),
(7082, 'H10.5', 'Blepharoconjunctivitis', 79),
(7083, 'H10.8', 'Other conjunctivitis', 79),
(7084, 'H10.9', 'Conjunctivitis, unspecified', 79),
(7085, 'H11', 'Other disorders of conjunctiva', 79),
(7086, 'H11.0', 'Pterygium', 79),
(7087, 'H11.1', 'Conjunctival degenerations and deposits', 79),
(7088, 'H11.2', 'Conjunctival scars', 79),
(7089, 'H11.3', 'Conjunctival hemorrhage', 79),
(7090, 'H11.4', 'Other conjunctival vascular disorders and cysts', 79),
(7091, 'H11.8', 'Other specified disorders of conjunctiva', 79),
(7092, 'H11.9', 'Disorder of conjunctiva, unspecified', 79),
(7093, 'H15', 'Disorders of sclera', 80),
(7094, 'H15.0', 'Scleritis', 80),
(7095, 'H15.1', 'Episcleritis', 80),
(7096, 'H15.8', 'Other disorders of sclera', 80),
(7097, 'H15.9', 'Disorder of sclera, unspecified', 80),
(7098, 'H16', 'Keratitis', 80),
(7099, 'H16.0', 'Corneal ulcer', 80),
(7100, 'H16.1', 'Other superficial keratitis without conjunctivitis', 80),
(7101, 'H16.2', 'Keratoconjunctivitis', 80),
(7102, 'H16.3', 'Interstitial and deep keratitis', 80),
(7103, 'H16.4', 'Corneal neovascularization', 80),
(7104, 'H16.8', 'Other keratitis', 80),
(7105, 'H16.9', 'Keratitis, unspecified', 80),
(7106, 'H17', 'Corneal scars and opacities', 80),
(7107, 'H17.0', 'Adherent leukoma', 80),
(7108, 'H17.1', 'Other central corneal opacity', 80),
(7109, 'H17.8', 'Other corneal scars and opacities', 80),
(7110, 'H17.9', 'Corneal scar and opacity, unspecified', 80),
(7111, 'H18', 'Other disorders of cornea', 80),
(7112, 'H18.0', 'Corneal pigmentations and deposits', 80),
(7113, 'H18.1', 'Bullous keratopathy', 80),
(7114, 'H18.2', 'Other corneal edema', 80),
(7115, 'H18.3', 'Changes in corneal membranes', 80),
(7116, 'H18.4', 'Corneal degeneration', 80),
(7117, 'H18.5', 'Hereditary corneal dystrophies', 80),
(7118, 'H18.6', 'Keratoconus', 80),
(7119, 'H18.7', 'Other corneal deformities', 80),
(7120, 'H18.8', 'Other specified disorders of cornea', 80),
(7121, 'H18.9', 'Disorder of cornea, unspecified', 80),
(7122, 'H20', 'Iridocyclitis', 80),
(7123, 'H20.0', 'Acute and subacute iridocyclitis', 80),
(7124, 'H20.1', 'Chronic iridocyclitis', 80),
(7125, 'H20.2', 'Lens-induced iridocyclitis', 80),
(7126, 'H20.8', 'Other iridocyclitis', 80),
(7127, 'H20.9', 'Iridocyclitis, unspecified', 80),
(7128, 'H21', 'Other disorders of iris and ciliary body', 80),
(7129, 'H21.0', 'Hyphema', 80),
(7130, 'H21.1', 'Other vascular disorders of iris and ciliary body', 80),
(7131, 'H21.2', 'Degeneration of iris and ciliary body', 80),
(7132, 'H21.3', 'Cyst of iris, ciliary body, and anterior chamber', 80),
(7133, 'H21.4', 'Pupillary membranes', 80),
(7134, 'H21.5', 'Other adhesions and disruptions of iris and ciliary body', 80),
(7135, 'H21.8', 'Other specified disorders of iris and ciliary body', 80),
(7136, 'H21.9', 'Disorder of iris and ciliary body, unspecified', 80),
(7137, 'H25', 'Senile cataract', 81),
(7138, 'H25.0', 'Senile incipient cataract', 81),
(7139, 'H25.1', 'Senile nuclear cataract', 81),
(7140, 'H25.2', 'Senile cataract, morgagnian type', 81),
(7141, 'H25.8', 'Other senile cataract', 81),
(7142, 'H25.9', 'Senile cataract, unspecified', 81),
(7143, 'H26', 'Other cataract', 81),
(7144, 'H26.0', 'Infantile, juvenile, and presenile cataract', 81),
(7145, 'H26.1', 'Traumatic cataract', 81),
(7146, 'H26.2', 'Complicated cataract', 81),
(7147, 'H26.3', 'Drug-induced cataract', 81),
(7148, 'H26.4', 'After-cataract', 81),
(7149, 'H26.8', 'Other specified cataract', 81),
(7150, 'H26.9', 'Cataract, unspecified', 81),
(7151, 'H27', 'Other disorders of lens', 81),
(7152, 'H27.0', 'Aphakia', 81),
(7153, 'H27.1', 'Dislocation of lens', 81),
(7154, 'H27.8', 'Other specified disorders of lens', 81),
(7155, 'H27.9', 'Disorder of lens, unspecified', 81),
(7156, 'H30', 'Chorioretinal inflammation', 82),
(7157, 'H30.0', 'Focal chorioretinal inflammation', 82),
(7158, 'H30.1', 'Disseminated chorioretinal inflammation', 82),
(7159, 'H30.2', 'Posterior cyclitis', 82),
(7160, 'H30.8', 'Other chorioretinal inflammations', 82),
(7161, 'H30.9', 'Chorioretinal inflammation, unspecified', 82),
(7162, 'H31', 'Other disorders of choroid', 82),
(7163, 'H31.0', 'Chorioretinal scars', 82),
(7164, 'H31.1', 'Choroidal degeneration', 82),
(7165, 'H31.2', 'Hereditary choroidal dystrophy', 82),
(7166, 'H31.3', 'Choroidal hemorrhage and rupture', 82),
(7167, 'H31.4', 'Choroidal detachment', 82),
(7168, 'H31.8', 'Other specified disorders of choroid', 82),
(7169, 'H31.9', 'Disorder of choroid, unspecified', 82),
(7170, 'H33', 'Retinal detachments and breaks', 82),
(7171, 'H33.0', 'Retinal detachment with retinal break', 82),
(7172, 'H33.1', 'Retinoschisis and retinal cysts', 82),
(7173, 'H33.2', 'Serous retinal detachment', 82),
(7174, 'H33.3', 'Retinal breaks without detachment', 82),
(7175, 'H33.4', 'Traction detachment of retina', 82),
(7176, 'H33.5', 'Other retinal detachments', 82),
(7177, 'H34', 'Retinal vascular occlusions', 82),
(7178, 'H34.0', 'Transient retinal artery occlusion', 82),
(7179, 'H34.1', 'Central retinal artery occlusion', 82),
(7180, 'H34.2', 'Other retinal artery occlusions', 82),
(7181, 'H34.8', 'Other retinal vascular occlusions', 82),
(7182, 'H34.9', 'Retinal vascular occlusion, unspecified', 82),
(7183, 'H35', 'Other retinal disorders', 82),
(7184, 'H35.0', 'Background retinopathy and retinal vascular changes', 82),
(7185, 'H35.1', 'Retinopathy of prematurity', 82),
(7186, 'H35.2', 'Other proliferative retinopathy', 82),
(7187, 'H35.3', 'Degeneration of macula and posterior pole', 82),
(7188, 'H35.4', 'Peripheral retinal degeneration', 82),
(7189, 'H35.5', 'Hereditary retinal dystrophy', 82),
(7190, 'H35.6', 'Retinal hemorrhage', 82),
(7191, 'H35.7', 'Separation of retinal layers', 82),
(7192, 'H35.8', 'Other specified retinal disorders', 82),
(7193, 'H35.9', 'Retinal disorder, unspecified', 82),
(7194, 'H40', 'Glaucoma', 83),
(7195, 'H40.0', 'Glaucoma suspect', 83),
(7196, 'H40.1', 'Primary open-angle glaucoma', 83),
(7197, 'H40.2', 'Primary angle-closure glaucoma', 83),
(7198, 'H40.3', 'Glaucoma secondary to eye trauma', 83),
(7199, 'H40.4', 'Glaucoma secondary to eye inflammation', 83),
(7200, 'H40.5', 'Glaucoma secondary to other eye disorders', 83),
(7201, 'H40.6', 'Glaucoma secondary to drugs', 83),
(7202, 'H40.8', 'Other glaucoma', 83),
(7203, 'H40.9', 'Glaucoma, unspecified', 83),
(7204, 'H43', 'Disorders of vitreous body', 84),
(7205, 'H43.0', 'Vitreous prolapse', 84),
(7206, 'H43.1', 'Vitreous hemorrhage', 84),
(7207, 'H43.2', 'Crystalline deposits in vitreous body', 84),
(7208, 'H43.3', 'Other vitreous opacities', 84),
(7209, 'H43.8', 'Other disorders of vitreous body', 84),
(7210, 'H43.9', 'Disorder of vitreous body, unspecified', 84),
(7211, 'H44', 'Disorders of globe', 84),
(7212, 'H44.0', 'Purulent endophthalmitis', 84),
(7213, 'H44.1', 'Other endophthalmitis', 84),
(7214, 'H44.2', 'Degenerative myopia', 84),
(7215, 'H44.3', 'Other degenerative disorders of globe', 84),
(7216, 'H44.4', 'Hypotony of eye', 84),
(7217, 'H44.5', 'Degenerated conditions of globe', 84),
(7218, 'H44.6', 'Retained (old) intraocular foreign body, magnetic', 84),
(7219, 'H44.7', 'Retained (old) intraocular foreign body, nonmagnetic', 84),
(7220, 'H44.8', 'Other disorders of globe', 84),
(7221, 'H44.9', 'Disorder of globe, unspecified', 84),
(7222, 'H46', 'Optic neuritis', 85),
(7223, 'H47', 'Other disorders of optic [second] nerve and visual pathways', 85),
(7224, 'H47.0', 'Disorders of optic nerve, not elsewhere classified', 85),
(7225, 'H47.1', 'Papilledema, unspecified', 85),
(7226, 'H47.2', 'Optic atrophy', 85),
(7227, 'H47.3', 'Other disorders of optic disc', 85),
(7228, 'H47.4', 'Disorders of optic chiasm', 85),
(7229, 'H47.5', 'Disorders of other visual pathways', 85),
(7230, 'H47.6', 'Disorders of visual cortex', 85),
(7231, 'H47.7', 'Disorder of visual pathways, unspecified', 85),
(7232, 'H49', 'Paralytic strabismus', 86),
(7233, 'H49.0', 'Third [oculomotor] nerve palsy', 86),
(7234, 'H49.1', 'Fourth [trochlear] nerve palsy', 86),
(7235, 'H49.2', 'Sixth [abducent] nerve palsy', 86),
(7236, 'H49.3', 'Total (external) ophthalmoplegia', 86),
(7237, 'H49.4', 'Progressive external ophthalmoplegia', 86),
(7238, 'H49.8', 'Other paralytic strabismus', 86),
(7239, 'H49.9', 'Paralytic strabismus, unspecified', 86),
(7240, 'H50', 'Other strabismus', 86),
(7241, 'H50.0', 'Convergent concomitant strabismus', 86),
(7242, 'H50.1', 'Divergent concomitant strabismus', 86),
(7243, 'H50.2', 'Vertical strabismus', 86),
(7244, 'H50.3', 'Intermittent heterotropia', 86),
(7245, 'H50.4', 'Other and unspecified heterotropia', 86),
(7246, 'H50.5', 'Heterophoria', 86),
(7247, 'H50.6', 'Mechanical strabismus', 86),
(7248, 'H50.8', 'Other specified strabismus', 86),
(7249, 'H50.9', 'Strabismus, unspecified', 86),
(7250, 'H51', 'Other disorders of binocular movement', 86),
(7251, 'H51.0', 'Palsy of conjugate gaze', 86),
(7252, 'H51.1', 'Convergence insufficiency and excess', 86),
(7253, 'H51.2', 'Internuclear ophthalmoplegia', 86),
(7254, 'H51.8', 'Other specified disorders of binocular movement', 86),
(7255, 'H51.9', 'Disorder of binocular movement, unspecified', 86),
(7256, 'H52', 'Disorders of refraction and accommodation', 86),
(7257, 'H52.0', 'Hypermetropia', 86),
(7258, 'H52.1', 'Myopia', 86),
(7259, 'H52.2', 'Astigmatism', 86),
(7260, 'H52.3', 'Anisometropia and aniseikonia', 86),
(7261, 'H52.4', 'Presbyopia', 86),
(7262, 'H52.5', 'Disorders of accommodation', 86),
(7263, 'H52.6', 'Other disorders of refraction', 86),
(7264, 'H52.7', 'Disorder of refraction, unspecified', 86),
(7265, 'H53', 'Visual disturbances', 87),
(7266, 'H53.0', 'Amblyopia ex anopsia', 87),
(7267, 'H53.1', 'Subjective visual disturbances', 87),
(7268, 'H53.2', 'Diplopia', 87),
(7269, 'H53.3', 'Other disorders of binocular vision', 87),
(7270, 'H53.4', 'Visual field defects', 87),
(7271, 'H53.5', 'Color vision deficiencies', 87),
(7272, 'H53.6', 'Night blindness', 87),
(7273, 'H53.8', 'Other visual disturbances', 87),
(7274, 'H53.9', 'Visual disturbance, unspecified', 87),
(7275, 'H54', 'Blindness and low vision', 87),
(7276, 'H54.0', 'Blindness, both eyes', 87),
(7277, 'H54.1', 'Blindness, one eye, low vision, other eye', 87),
(7278, 'H54.2', 'Low vision, both eyes', 87),
(7279, 'H54.3', 'Unqualified visual loss, both eyes', 87),
(7280, 'H54.4', 'Blindness, one eye', 87),
(7281, 'H54.5', 'Low vision, one eye', 87),
(7282, 'H54.6', 'Unqualified visual loss, one eye', 87),
(7283, 'H54.7', 'Unspecified visual loss', 87),
(7284, 'H55', 'Nystagmus and other irregular eye movements', 88),
(7285, 'H57', 'Other disorders of eye and adnexa', 88),
(7286, 'H57.0', 'Anomalies of pupillary function', 88),
(7287, 'H57.1', 'Ocular pain', 88),
(7288, 'H57.8', 'Other specified disorders of eye and adnexa', 88),
(7289, 'H57.9', 'Disorder of eye and adnexa, unspecified', 88),
(7290, 'H60', 'Otitis externa', 89),
(7291, 'H60.0', 'Abscess of external ear', 89),
(7292, 'H60.1', 'Cellulitis of external ear', 89),
(7293, 'H60.2', 'Malignant otitis externa', 89),
(7294, 'H60.3', 'Other infective otitis externa', 89),
(7295, 'H60.4', 'Cholesteatoma of external ear', 89),
(7296, 'H60.5', 'Acute otitis externa, noninfective', 89),
(7297, 'H60.8', 'Other otitis externa', 89),
(7298, 'H60.9', 'Otitis externa, unspecified', 89),
(7299, 'H61', 'Other disorders of external ear', 89),
(7300, 'H61.0', 'Perichondritis of external ear', 89),
(7301, 'H61.1', 'Noninfective disorders of pinna', 89),
(7302, 'H61.2', 'Impacted cerumen', 89),
(7303, 'H61.3', 'Acquired stenosis of external ear canal', 89),
(7304, 'H61.8', 'Other specified disorders of external ear', 89),
(7305, 'H61.9', 'Disorder of external ear, unspecified', 89),
(7306, 'H65', 'Nonsuppurative otitis media', 90),
(7307, 'H65.0', 'Acute serous otitis media', 90),
(7308, 'H65.1', 'Other acute nonsuppurative otitis media', 90),
(7309, 'H65.2', 'Chronic serous otitis media', 90),
(7310, 'H65.3', 'Chronic mucoid otitis media', 90),
(7311, 'H65.4', 'Other chronic nonsuppurative otitis media', 90),
(7312, 'H65.9', 'Nonsuppurative otitis media, unspecified', 90),
(7313, 'H66', 'Suppurative and unspecified otitis media', 90),
(7314, 'H66.0', 'Acute suppurative otitis media', 90),
(7315, 'H66.1', 'Chronic tubotympanic suppurative otitis media', 90),
(7316, 'H66.2', 'Chronic atticoantral suppurative otitis media', 90),
(7317, 'H66.3', 'Other chronic suppurative otitis media', 90),
(7318, 'H66.4', 'Suppurative otitis media, unspecified', 90),
(7319, 'H66.9', 'Otitis media, unspecified', 90),
(7320, 'H68', 'Eustachian salpingitis and obstruction', 90),
(7321, 'H68.0', 'Eustachian salpingitis', 90),
(7322, 'H68.1', 'Obstruction of Eustachian tube', 90),
(7323, 'H69', 'Other disorders of Eustachian tube', 90),
(7324, 'H69.0', 'Patulous Eustachian tube', 90),
(7325, 'H69.8', 'Other specified disorders of Eustachian tube', 90),
(7326, 'H69.9', 'Eustachian tube disorder, unspecified', 90),
(7327, 'H70', 'Mastoiditis and related conditions', 90),
(7328, 'H70.0', 'Acute mastoiditis', 90),
(7329, 'H70.1', 'Chronic mastoiditis', 90),
(7330, 'H70.2', 'Petrositis', 90),
(7331, 'H70.8', 'Other mastoiditis and related conditions', 90),
(7332, 'H70.9', 'Mastoiditis, unspecified', 90),
(7333, 'H71', 'Cholesteatoma of middle ear', 90),
(7334, 'H72', 'Perforation of tympanic membrane', 90),
(7335, 'H72.0', 'Central perforation of tympanic membrane', 90),
(7336, 'H72.1', 'Attic perforation of tympanic membrane', 90),
(7337, 'H72.2', 'Other marginal perforations of tympanic membrane', 90),
(7338, 'H72.8', 'Other perforations of tympanic membrane', 90),
(7339, 'H72.9', 'Perforation of tympanic membrane, unspecified', 90),
(7340, 'H73', 'Other disorders of tympanic membrane', 90),
(7341, 'H73.0', 'Acute myringitis', 90),
(7342, 'H73.1', 'Chronic myringitis', 90),
(7343, 'H73.8', 'Other specified disorders of tympanic membrane', 90),
(7344, 'H73.9', 'Disorder of tympanic membrane, unspecified', 90),
(7345, 'H74', 'Other disorders of middle ear and mastoid', 90),
(7346, 'H74.0', 'Tympanosclerosis', 90),
(7347, 'H74.1', 'Adhesive middle ear disease', 90),
(7348, 'H74.2', 'Discontinuity and dislocation of ear ossicles', 90),
(7349, 'H74.3', 'Other acquired abnormalities of ear ossicles', 90),
(7350, 'H74.4', 'Polyp of middle ear', 90),
(7351, 'H74.8', 'Other specified disorders of middle ear and mastoid', 90),
(7352, 'H74.9', 'Disorder of middle ear and mastoid, unspecified', 90),
(7353, 'H80', 'Otosclerosis', 91),
(7354, 'H80.0', 'Otosclerosis involving oval window, nonobliterative', 91),
(7355, 'H80.1', 'Otosclerosis involving oval window, obliterative', 91),
(7356, 'H80.2', 'Cochlear otosclerosis', 91),
(7357, 'H80.8', 'Other otosclerosis', 91),
(7358, 'H80.9', 'Otosclerosis, unspecified', 91),
(7359, 'H81', 'Disorders of vestibular function', 91),
(7360, 'H81.0', 'Mnire\'s disease', 91),
(7361, 'H81.1', 'Benign paroxysmal vertigo', 91),
(7362, 'H81.2', 'Vestibular neuronitis', 91),
(7363, 'H81.3', 'Other peripheral vertigo', 91),
(7364, 'H81.4', 'Vertigo of central origin', 91),
(7365, 'H81.8', 'Other disorders of vestibular function', 91),
(7366, 'H81.9', 'Disorder of vestibular function, unspecified', 91),
(7367, 'H83', 'Other diseases of inner ear', 91),
(7368, 'H83.0', 'Labyrinthitis', 91),
(7369, 'H83.1', 'Labyrinthine fistula', 91),
(7370, 'H83.2', 'Labyrinthine dysfunction', 91),
(7371, 'H83.3', 'Noise effects on inner ear', 91),
(7372, 'H83.8', 'Other specified diseases of inner ear', 91),
(7373, 'H83.9', 'Disease of inner ear, unspecified', 91),
(7374, 'H90', 'Conductive and sensorineural hearing loss', 92),
(7375, 'H90.0', 'Conductive hearing loss, bilateral', 92),
(7376, 'H90.1', 'Conductive hearing loss, unilateral with unrestricted hearing on the contralateral side', 92),
(7377, 'H90.2', 'Conductive hearing loss, unspecified', 92),
(7378, 'H90.3', 'Sensorineural hearing loss, bilateral', 92),
(7379, 'H90.4', 'Sensorineural hearing loss, unilateral with unrestricted hearing on the contralateral side', 92),
(7380, 'H90.5', 'Sensorineural hearing loss, unspecified', 92),
(7381, 'H90.6', 'Mixed conductive and sensorineural hearing loss, bilateral', 92),
(7382, 'H90.7', 'Mixed conductive and sensorineural hearing loss, unilateral with unrestricted hearing on the contralateral side', 92),
(7383, 'H90.8', 'Mixed conductive and sensorineural hearing loss, unspecified', 92),
(7384, 'H91', 'Other hearing loss', 92),
(7385, 'H91.0', 'Ototoxic hearing loss', 92),
(7386, 'H91.1', 'Presbycusis', 92),
(7387, 'H91.2', 'Sudden idiopathic hearing loss', 92),
(7388, 'H91.3', 'Deaf mutism, not elsewhere classified', 92),
(7389, 'H91.8', 'Other specified hearing loss', 92),
(7390, 'H91.9', 'Hearing loss, unspecified', 92),
(7391, 'H92', 'Otalgia and effusion of ear', 92),
(7392, 'H92.0', 'Otalgia', 92),
(7393, 'H92.1', 'Otorrhea', 92),
(7394, 'H92.2', 'Otorrhagia', 92),
(7395, 'H93', 'Other disorders of ear, not elsewhere classified', 92),
(7396, 'H93.0', 'Degenerative and vascular disorders of ear', 92),
(7397, 'H93.1', 'Tinnitus', 92),
(7398, 'H93.2', 'Other abnormal auditory perceptions', 92),
(7399, 'H93.3', 'Disorders of acoustic nerve', 92),
(7400, 'H93.8', 'Other specified disorders of ear', 92),
(7401, 'H93.9', 'Disorder of ear, unspecified', 92),
(7402, 'I00', 'Rheumatic fever without mention of heart involvement', 93),
(7403, 'I01', 'Rheumatic fever with heart involvement', 93),
(7404, 'I01.0', 'Acute rheumatic pericarditis', 93),
(7405, 'I01.1', 'Acute rheumatic endocarditis', 93),
(7406, 'I01.2', 'Acute rheumatic myocarditis', 93),
(7407, 'I01.8', 'Other acute rheumatic heart disease', 93),
(7408, 'I01.9', 'Acute rheumatic heart disease, unspecified', 93),
(7409, 'I02', 'Rheumatic chorea', 93),
(7410, 'I02.0', 'Rheumatic chorea with heart involvement', 93),
(7411, 'I02.9', 'Rheumatic chorea without heart involvement', 93),
(7412, 'I05', 'Rheumatic mitral valve diseases', 94),
(7413, 'I05.0', 'Mitral stenosis', 94),
(7414, 'I05.1', 'Rheumatic mitral insufficiency', 94),
(7415, 'I05.2', 'Mitral stenosis with insufficiency', 94),
(7416, 'I05.8', 'Other mitral valve diseases', 94),
(7417, 'I05.9', 'Mitral valve disease, unspecified', 94),
(7418, 'I06', 'Rheumatic aortic valve diseases', 94),
(7419, 'I06.0', 'Rheumatic aortic stenosis', 94),
(7420, 'I06.1', 'Rheumatic aortic insufficiency', 94),
(7421, 'I06.2', 'Rheumatic aortic stenosis with insufficiency', 94),
(7422, 'I06.8', 'Other rheumatic aortic valve diseases', 94),
(7423, 'I06.9', 'Rheumatic aortic valve disease, unspecified', 94),
(7424, 'I07', 'Rheumatic tricuspid valve diseases', 94),
(7425, 'I07.0', 'Tricuspid stenosis', 94),
(7426, 'I07.1', 'Tricuspid insufficiency', 94),
(7427, 'I07.2', 'Tricuspid stenosis with insufficiency', 94),
(7428, 'I07.8', 'Other tricuspid valve diseases', 94),
(7429, 'I07.9', 'Tricuspid valve disease, unspecified', 94),
(7430, 'I08', 'Multiple valve diseases', 94),
(7431, 'I08.0', 'Disorders of both mitral and aortic valves', 94),
(7432, 'I08.1', 'Disorders of both mitral and tricuspid valves', 94),
(7433, 'I08.2', 'Disorders of both aortic and tricuspid valves', 94),
(7434, 'I08.3', 'Combined disorders of mitral, aortic, and tricuspid valves', 94),
(7435, 'I08.8', 'Other multiple valve diseases', 94),
(7436, 'I08.9', 'Multiple valve disease, unspecified', 94),
(7437, 'I09', 'Other rheumatic heart diseases', 94),
(7438, 'I09.0', 'Rheumatic myocarditis', 94),
(7439, 'I09.1', 'Rheumatic diseases of endocardium, valve unspecified', 94),
(7440, 'I09.2', 'Chronic rheumatic pericarditis', 94),
(7441, 'I09.8', 'Other specified rheumatic heart diseases', 94),
(7442, 'I09.9', 'Rheumatic heart disease, unspecified', 94),
(7443, 'I10', 'Essential (primary) hypertension', 95),
(7444, 'I11', 'Hypertensive heart disease', 95),
(7445, 'I11.0', 'Hypertensive heart disease with (congestive) heart failure', 95),
(7446, 'I11.9', 'Hypertensive heart disease without (congestive) heart failure', 95),
(7447, 'I12', 'Hypertensive renal disease', 95),
(7448, 'I12.0', 'Hypertensive renal disease with renal failure', 95),
(7449, 'I12.9', 'Hypertensive renal disease without renal failure', 95),
(7450, 'I13', 'Hypertensive heart and renal disease', 95),
(7451, 'I13.0', 'Hypertensive heart and renal disease with (congestive) heart failure', 95),
(7452, 'I13.1', 'Hypertensive heart and renal disease with renal failure', 95),
(7453, 'I13.2', 'Hypertensive heart and renal disease with both (congestive) heart failure and renal failure', 95),
(7454, 'I13.9', 'Hypertensive heart and renal disease, unspecified', 95),
(7455, 'I20', 'Angina pectoris', 96),
(7456, 'I20.0', 'Unstable angina', 96),
(7457, 'I20.1', 'Angina pectoris with documented spasm', 96),
(7458, 'I20.8', 'Other forms of angina pectoris', 96),
(7459, 'I20.9', 'Angina pectoris, unspecified', 96),
(7460, 'I21', 'Acute myocardial infarction', 96),
(7461, 'I21.0', 'Acute transmural myocardial infarction of anterior wall', 96),
(7462, 'I21.1', 'Acute transmural myocardial infarction of inferior wall', 96),
(7463, 'I21.2', 'Acute transmural myocardial infarction of other sites', 96),
(7464, 'I21.3', 'Acute transmural myocardial infarction of unspecified site', 96),
(7465, 'I21.4', 'Acute subendocardial myocardial infarction', 96),
(7466, 'I21.9', 'Acute myocardial infarction, unspecified', 96),
(7467, 'I22', 'Subsequent myocardial infarction', 96),
(7468, 'I22.0', 'Subsequent myocardial infarction of anterior wall', 96),
(7469, 'I22.1', 'Subsequent myocardial infarction of inferior wall', 96),
(7470, 'I22.8', 'Subsequent myocardial infarction of other sites', 96),
(7471, 'I22.9', 'Subsequent myocardial infarction of unspecified site', 96),
(7472, 'I24', 'Other acute ischemic heart diseases', 96),
(7473, 'I24.1', 'Dressler\'s syndrome', 96),
(7474, 'I24.8', 'Other forms of acute ischemic heart disease', 96),
(7475, 'I24.9', 'Acute ischemic heart disease, unspecified', 96),
(7476, 'I25', 'Chronic ischemic heart disease', 96),
(7477, 'I25.0', 'Atherosclerotic cardiovascular disease, so described', 96),
(7478, 'I25.1', 'Atherosclerotic heart disease', 96),
(7479, 'I25.2', 'Old myocardial infarction', 96),
(7480, 'I25.3', 'Aneurysm of heart', 96),
(7481, 'I25.4', 'Coronary artery aneurysm', 96),
(7482, 'I25.5', 'Ischemic cardiomyopathy', 96),
(7483, 'I25.6', 'Silent myocardial ischemia', 96),
(7484, 'I25.8', 'Other forms of chronic ischemic heart disease', 96),
(7485, 'I25.9', 'Chronic ischemic heart disease, unspecified', 96),
(7486, 'I26', 'Pulmonary embolism', 97),
(7487, 'I26.0', 'Pulmonary embolism with mention of acute cor pulmonale', 97),
(7488, 'I26.9', 'Pulmonary embolism without mention of acute cor pulmonale', 97),
(7489, 'I27', 'Other pulmonary heart diseases', 97),
(7490, 'I27.0', 'Primary pulmonary hypertension', 97),
(7491, 'I27.1', 'Kyphoscoliotic heart disease', 97),
(7492, 'I27.8', 'Other specified pulmonary heart diseases', 97),
(7493, 'I27.9', 'Pulmonary heart disease, unspecified', 97),
(7494, 'I28', 'Other diseases of pulmonary vessels', 97),
(7495, 'I28.0', 'Arteriovenous fistula of pulmonary vessels', 97),
(7496, 'I28.1', 'Aneurysm of pulmonary artery', 97),
(7497, 'I28.8', 'Other specified diseases of pulmonary vessels', 97),
(7498, 'I28.9', 'Disease of pulmonary vessels, unspecified', 97),
(7499, 'I30', 'Acute pericarditis', 98),
(7500, 'I30.0', 'Acute nonspecific idiopathic pericarditis', 98),
(7501, 'I30.1', 'Infective pericarditis', 98),
(7502, 'I30.8', 'Other forms of acute pericarditis', 98),
(7503, 'I30.9', 'Acute pericarditis, unspecified', 98),
(7504, 'I31', 'Other diseases of pericardium', 98),
(7505, 'I31.0', 'Chronic adhesive pericarditis', 98),
(7506, 'I31.1', 'Chronic constrictive pericarditis', 98),
(7507, 'I31.2', 'Hemopericardium, not elsewhere classified', 98),
(7508, 'I31.3', 'Pericardial effusion (noninflammatory)', 98),
(7509, 'I31.8', 'Other specified diseases of pericardium', 98),
(7510, 'I31.9', 'Disease of pericardium, unspecified', 98),
(7511, 'I33', 'Acute and subacute endocarditis', 98),
(7512, 'I33.0', 'Acute and subacute infective endocarditis', 98),
(7513, 'I33.9', 'Acute endocarditis, unspecified', 98),
(7514, 'I34', 'Nonrheumatic mitral valve disorders', 98),
(7515, 'I34.0', 'Mitral (valve) insufficiency', 98),
(7516, 'I34.1', 'Mitral (valve) prolapse', 98),
(7517, 'I34.2', 'Nonrheumatic mitral (valve) stenosis', 98),
(7518, 'I34.8', 'Other nonrheumatic mitral valve disorders', 98),
(7519, 'I34.9', 'Nonrheumatic mitral valve disorder, unspecified', 98),
(7520, 'I35', 'Nonrheumatic aortic valve disorders', 98),
(7521, 'I35.0', 'Aortic (valve) stenosis', 98),
(7522, 'I35.1', 'Aortic (valve) insufficiency', 98),
(7523, 'I35.2', 'Aortic (valve) stenosis with insufficiency', 98),
(7524, 'I35.8', 'Other aortic valve disorders', 98),
(7525, 'I35.9', 'Aortic valve disorder, unspecified', 98),
(7526, 'I36', 'Nonrheumatic tricuspid valve disorders', 98),
(7527, 'I36.0', 'Nonrheumatic tricuspid (valve) stenosis', 98),
(7528, 'I36.1', 'Nonrheumatic tricuspid (valve) insufficiency', 98),
(7529, 'I36.2', 'Nonrheumatic tricuspid (valve) stenosis with insufficiency', 98),
(7530, 'I36.8', 'Other nonrheumatic tricuspid valve disorders', 98),
(7531, 'I36.9', 'Nonrheumatic tricuspid valve disorder, unspecified', 98),
(7532, 'I37', 'Pulmonary valve disorders', 98),
(7533, 'I37.0', 'Pulmonary valve stenosis', 98),
(7534, 'I37.1', 'Pulmonary valve insufficiency', 98),
(7535, 'I37.2', 'Pulmonary valve stenosis with insufficiency', 98),
(7536, 'I37.8', 'Other pulmonary valve disorders', 98),
(7537, 'I37.9', 'Pulmonary valve disorder, unspecified', 98),
(7538, 'I38', 'Endocarditis, valve unspecified', 98),
(7539, 'I40', 'Acute myocarditis', 98),
(7540, 'I40.0', 'Infective myocarditis', 98),
(7541, 'I40.1', 'Isolated myocarditis', 98),
(7542, 'I40.8', 'Other acute myocarditis', 98),
(7543, 'I40.9', 'Acute myocarditis, unspecified', 98),
(7544, 'I42', 'Cardiomyopathy', 98),
(7545, 'I42.0', 'Dilated cardiomyopathy', 98),
(7546, 'I42.1', 'Obstructive hypertrophic cardiomyopathy', 98),
(7547, 'I42.2', 'Other hypertrophic cardiomyopathy', 98),
(7548, 'I42.3', 'Endomyocardial (eosinophilic) disease', 98),
(7549, 'I42.4', 'Endocardial fibroelastosis', 98),
(7550, 'I42.5', 'Other restrictive cardiomyopathy', 98),
(7551, 'I42.6', 'Alcoholic cardiomyopathy', 98),
(7552, 'I42.7', 'Cardiomyopathy due to drugs and other external agents', 98),
(7553, 'I42.8', 'Other cardiomyopathies', 98),
(7554, 'I42.9', 'Cardiomyopathy, unspecified', 98),
(7555, 'I44', 'Atrioventricular and left bundle-branch block', 98),
(7556, 'I44.0', 'Atrioventricular block, first degree', 98),
(7557, 'I44.1', 'Atrioventricular block, second degree', 98),
(7558, 'I44.2', 'Atrioventricular block, complete', 98),
(7559, 'I44.3', 'Other and unspecified atrioventricular block', 98),
(7560, 'I44.4', 'Left anterior fascicular block', 98),
(7561, 'I44.5', 'Left posterior fascicular block', 98),
(7562, 'I44.6', 'Other and unspecified fascicular block', 98),
(7563, 'I44.7', 'Left bundle-branch block, unspecified', 98),
(7564, 'I45', 'Other conduction disorders', 98),
(7565, 'I45.0', 'Right fascicular block', 98),
(7566, 'I45.1', 'Other and unspecified right bundle-branch block', 98),
(7567, 'I45.2', 'Bifascicular block', 98),
(7568, 'I45.3', 'Trifascicular block', 98),
(7569, 'I45.4', 'Nonspecific intraventricular block', 98),
(7570, 'I45.5', 'Other specified heart block', 98),
(7571, 'I45.6', 'Preexcitation syndrome', 98),
(7572, 'I45.8', 'Other specified conduction disorders', 98),
(7573, 'I45.9', 'Conduction disorder, unspecified', 98),
(7574, 'I46', 'Cardiac arrest', 98),
(7575, 'I46.0', 'Cardiac arrest with successful resuscitation', 98),
(7576, 'I46.1', 'Sudden cardiac death, so described', 98),
(7577, 'I46.9', 'Cardiac arrest, unspecified', 98),
(7578, 'I47', 'Paroxysmal tachycardia', 98),
(7579, 'I47.0', 'Reentry ventricular arrhythmia', 98),
(7580, 'I47.1', 'Supraventricular tachycardia', 98),
(7581, 'I47.2', 'Ventricular tachycardia', 98),
(7582, 'I47.9', 'Paroxysmal tachycardia, unspecified', 98),
(7583, 'I48', 'Atrial fibrillation and flutter', 98),
(7584, 'I49', 'Other cardiac arrhythmias', 98),
(7585, 'I49.0', 'Ventricular fibrillation and flutter', 98),
(7586, 'I49.1', 'Atrial premature depolarization', 98),
(7587, 'I49.2', 'Junctional premature depolarization', 98),
(7588, 'I49.3', 'Ventricular premature depolarization', 98),
(7589, 'I49.4', 'Other and unspecified premature depolarization', 98),
(7590, 'I49.5', 'Sick sinus syndrome', 98),
(7591, 'I49.8', 'Other specified cardiac arrhythmias', 98),
(7592, 'I49.9', 'Cardiac arrhythmia, unspecified', 98),
(7593, 'I50', 'Heart failure', 98),
(7594, 'I50.0', 'Congestive heart failure', 98),
(7595, 'I50.1', 'Left ventricular failure', 98),
(7596, 'I50.9', 'Heart failure, unspecified', 98),
(7597, 'I51', 'Complications and ill-defined descriptions of heart disease', 98),
(7598, 'I51.0', 'Cardiac septal defect, acquired', 98),
(7599, 'I51.1', 'Rupture of chordae tendineae, not elsewhere classified', 98),
(7600, 'I51.2', 'Rupture of papillary muscle, not elsewhere classified', 98),
(7601, 'I51.3', 'Intracardiac thrombosis, not elsewhere classified', 98),
(7602, 'I51.4', 'Myocarditis, unspecified', 98),
(7603, 'I51.5', 'Myocardial degeneration', 98),
(7604, 'I51.6', 'Cardiovascular disease, unspecified', 98),
(7605, 'I51.7', 'Cardiomegaly', 98),
(7606, 'I51.8', 'Other ill-defined heart diseases', 98),
(7607, 'I51.9', 'Heart disease, unspecified', 98),
(7608, 'I60', 'Subarachnoid hemorrhage', 99),
(7609, 'I60.0', 'Subarachnoid hemorrhage from carotid siphon and bifurcation', 99),
(7610, 'I60.1', 'Subarachnoid hemorrhage from middle cerebral artery', 99),
(7611, 'I60.2', 'Subarachnoid hemorrhage from anterior communicating artery', 99),
(7612, 'I60.3', 'Subarachnoid hemorrhage from posterior communicating artery', 99),
(7613, 'I60.4', 'Subarachnoid hemorrhage from basilar artery', 99),
(7614, 'I60.5', 'Subarachnoid hemorrhage from vertebral artery', 99),
(7615, 'I60.6', 'Subarachnoid hemorrhage from other intracranial arteries', 99),
(7616, 'I60.7', 'Subarachnoid hemorrhage from intracranial artery, unspecified', 99),
(7617, 'I60.8', 'Other subarachnoid hemorrhage', 99),
(7618, 'I60.9', 'Subarachnoid hemorrhage, unspecified', 99),
(7619, 'I61', 'Intracerebral hemorrhage', 99),
(7620, 'I61.0', 'Intracerebral hemorrhage in hemisphere, subcortical', 99),
(7621, 'I61.1', 'Intracerebral hemorrhage in hemisphere, cortical', 99),
(7622, 'I61.2', 'Intracerebral hemorrhage in hemisphere, unspecified', 99),
(7623, 'I61.3', 'Intracerebral hemorrhage in brain stem', 99),
(7624, 'I61.4', 'Intracerebral hemorrhage in cerebellum', 99),
(7625, 'I61.5', 'Intracerebral hemorrhage, intraventricular', 99),
(7626, 'I61.6', 'Intracerebral hemorrhage, multiple localized', 99),
(7627, 'I61.8', 'Other intracerebral hemorrhage', 99),
(7628, 'I61.9', 'Intracerebral hemorrhage, unspecified', 99),
(7629, 'I62', 'Other nontraumatic intracranial hemorrhage', 99),
(7630, 'I62.0', 'Subdural hemorrhage (acute) (nontraumatic)', 99),
(7631, 'I62.1', 'Nontraumatic extradural hemorrhage', 99),
(7632, 'I62.9', 'Intracranial hemorrhage (nontraumatic), unspecified', 99),
(7633, 'I63', 'Cerebral infarction', 99),
(7634, 'I63.0', 'Cerebral infarction due to thrombosis of precerebral arteries', 99),
(7635, 'I63.1', 'Cerebral infarction due to embolism of precerebral arteries', 99),
(7636, 'I63.2', 'Cerebral infarction due to unspecified occlusion or stenosis of precerebral arteries', 99),
(7637, 'I63.3', 'Cerebral infarction due to thrombosis of cerebral arteries', 99),
(7638, 'I63.4', 'Cerebral infarction due to embolism of cerebral arteries', 99),
(7639, 'I63.5', 'Cerebral infarction due to unspecified occlusion or stenosis of cerebral arteries', 99),
(7640, 'I63.6', 'Cerebral infarction due to cerebral venous thrombosis, nonpyogenic', 99),
(7641, 'I63.8', 'Other cerebral infarction', 99),
(7642, 'I63.9', 'Cerebral infarction, unspecified', 99),
(7643, 'I64', 'Stroke, not specified as hemorrhage or infarction', 99),
(7644, 'I67', 'Other cerebrovascular diseases', 99),
(7645, 'I67.0', 'Dissection of cerebral arteries, nonruptured', 99),
(7646, 'I67.1', 'Cerebral aneurysm, nonruptured', 99),
(7647, 'I67.2', 'Cerebral atherosclerosis', 99),
(7648, 'I67.3', 'Progressive vascular leukoencephalopathy', 99),
(7649, 'I67.4', 'Hypertensive encephalopathy', 99),
(7650, 'I67.5', 'Moyamoya disease', 99),
(7651, 'I67.6', 'Nonpyogenic thrombosis of intracranial venous system', 99),
(7652, 'I67.7', 'Cerebral arteritis, not elsewhere classified', 99),
(7653, 'I67.8', 'Other specified cerebrovascular diseases', 99),
(7654, 'I67.9', 'Cerebrovascular disease, unspecified', 99),
(7655, 'I69', 'Sequelae of cerebrovascular disease', 99),
(7656, 'I69.0', 'Sequelae of subarachnoid hemorrhage', 99),
(7657, 'I69.1', 'Sequelae of intracerebral hemorrhage', 99),
(7658, 'I69.2', 'Sequelae of other nontraumatic intracranial hemorrhage', 99),
(7659, 'I69.3', 'Sequelae of cerebral infarction', 99),
(7660, 'I69.4', 'Sequelae of stroke, not specified as hemorrhage or infarction', 99),
(7661, 'I69.8', 'Sequelae of other and unspecified cerebrovascular diseases', 99),
(7662, 'I70', 'Atherosclerosis', 100),
(7663, 'I70.0', 'Atherosclerosis of aorta', 100),
(7664, 'I70.1', 'Atherosclerosis of renal artery', 100),
(7665, 'I70.2', 'Atherosclerosis of arteries of the extremities', 100),
(7666, 'I70.8', 'Atherosclerosis of other arteries', 100),
(7667, 'I70.9', 'Generalized and unspecified atherosclerosis', 100),
(7668, 'I71', 'Aortic aneurysm and dissection', 100),
(7669, 'I71.0', 'Dissection of aorta [any part]', 100),
(7670, 'I71.1', 'Thoracic aortic aneurysm, ruptured', 100),
(7671, 'I71.2', 'Thoracic aortic aneurysm, without mention of rupture', 100),
(7672, 'I71.3', 'Abdominal aortic aneurysm, ruptured', 100),
(7673, 'I71.4', 'Abdominal aortic aneurysm, without mention of rupture', 100),
(7674, 'I71.5', 'Thoracoabdominal aortic aneurysm, ruptured', 100),
(7675, 'I71.6', 'Thoracoabdominal aortic aneurysm, without mention of rupture', 100),
(7676, 'I71.8', 'Aortic aneurysm of unspecified site, ruptured', 100);
INSERT INTO `diseases` (`id`, `disease_code`, `disease_name`, `section_id`) VALUES
(7677, 'I71.9', 'Aortic aneurysm of unspecified site, without mention of rupture', 100),
(7678, 'I72', 'Other aneurysm', 100),
(7679, 'I72.0', 'Aneurysm of carotid artery', 100),
(7680, 'I72.1', 'Aneurysm of artery of upper extremity', 100),
(7681, 'I72.2', 'Aneurysm of renal artery', 100),
(7682, 'I72.3', 'Aneurysm of iliac artery', 100),
(7683, 'I72.4', 'Aneurysm of artery of lower extremity', 100),
(7684, 'I72.8', 'Aneurysm of other specified arteries', 100),
(7685, 'I72.9', 'Aneurysm of unspecified site', 100),
(7686, 'I73', 'Other peripheral vascular diseases', 100),
(7687, 'I73.0', 'Raynaud\'s syndrome', 100),
(7688, 'I73.1', 'Thromboangiitis obliterans [Buerger]', 100),
(7689, 'I73.8', 'Other specified peripheral vascular diseases', 100),
(7690, 'I73.9', 'Peripheral vascular disease, unspecified', 100),
(7691, 'I74', 'Arterial embolism and thrombosis', 100),
(7692, 'I74.0', 'Embolism and thrombosis of abdominal aorta', 100),
(7693, 'I74.1', 'Embolism and thrombosis of other and unspecified parts of aorta', 100),
(7694, 'I74.2', 'Embolism and thrombosis of arteries of the upper extremities', 100),
(7695, 'I74.3', 'Embolism and thrombosis of arteries of the lower extremities', 100),
(7696, 'I74.4', 'Embolism and thrombosis of arteries of extremities, unspecified', 100),
(7697, 'I74.5', 'Embolism and thrombosis of iliac artery', 100),
(7698, 'I74.8', 'Embolism and thrombosis of other arteries', 100),
(7699, 'I74.9', 'Embolism and thrombosis of unspecified artery', 100),
(7700, 'I77', 'Other disorders of arteries and arterioles', 100),
(7701, 'I77.0', 'Arteriovenous fistula, acquired', 100),
(7702, 'I77.1', 'Stricture of artery', 100),
(7703, 'I77.2', 'Rupture of artery', 100),
(7704, 'I77.3', 'Arterial fibromuscular dysplasia', 100),
(7705, 'I77.4', 'Celiac artery compression syndrome', 100),
(7706, 'I77.5', 'Necrosis of artery', 100),
(7707, 'I77.6', 'Arteritis, unspecified', 100),
(7708, 'I77.8', 'Other specified disorders of arteries and arterioles', 100),
(7709, 'I77.9', 'Disorder of arteries and arterioles, unspecified', 100),
(7710, 'I78', 'Diseases of capillaries', 100),
(7711, 'I78.0', 'Hereditary hemorrhagic telangiectasia', 100),
(7712, 'I78.1', 'Nevus, nonneoplastic', 100),
(7713, 'I78.8', 'Other diseases of capillaries', 100),
(7714, 'I78.9', 'Disease of capillaries, unspecified', 100),
(7715, 'I80', 'Phlebitis and thrombophlebitis', 101),
(7716, 'I80.0', 'Phlebitis and thrombophlebitis of superficial vessels of lower extremities', 101),
(7717, 'I80.1', 'Phlebitis and thrombophlebitis of femoral vein', 101),
(7718, 'I80.2', 'Phlebitis and thrombophlebitis of other deep vessels of lower extremities', 101),
(7719, 'I80.3', 'Phlebitis and thrombophlebitis of lower extremities, unspecified', 101),
(7720, 'I80.8', 'Phlebitis and thrombophlebitis of other sites', 101),
(7721, 'I80.9', 'Phlebitis and thrombophlebitis of unspecified site', 101),
(7722, 'I81', 'Portal vein thrombosis', 101),
(7723, 'I82', 'Other venous embolism and thrombosis', 101),
(7724, 'I82.0', 'Budd-Chiari syndrome', 101),
(7725, 'I82.1', 'Thrombophlebitis migrans', 101),
(7726, 'I82.2', 'Embolism and thrombosis of vena cava', 101),
(7727, 'I82.3', 'Embolism and thrombosis of renal vein', 101),
(7728, 'I82.8', 'Embolism and thrombosis of other specified veins', 101),
(7729, 'I82.9', 'Embolism and thrombosis of unspecified vein', 101),
(7730, 'I83', 'Varicose veins of lower extremities', 101),
(7731, 'I83.0', 'Varicose veins of lower extremities with ulcer', 101),
(7732, 'I83.1', 'Varicose veins of lower extremities with inflammation', 101),
(7733, 'I83.2', 'Varicose veins of lower extremities with both ulcer and inflammation', 101),
(7734, 'I83.9', 'Varicose veins of lower extremities without ulcer or inflammation', 101),
(7735, 'I84', 'Hemorrhoids', 101),
(7736, 'I84.0', 'Internal thrombosed hemorrhoids', 101),
(7737, 'I84.1', 'Internal hemorrhoids with other complications', 101),
(7738, 'I84.2', 'Internal hemorrhoids without complication', 101),
(7739, 'I84.3', 'External thrombosed hemorrhoids', 101),
(7740, 'I84.4', 'External hemorrhoids with other complications', 101),
(7741, 'I84.5', 'External hemorrhoids without complication', 101),
(7742, 'I84.6', 'Residual hemorrhoidal skin tags', 101),
(7743, 'I84.7', 'Unspecified thrombosed hemorrhoids', 101),
(7744, 'I84.8', 'Unspecified hemorrhoids with other complications', 101),
(7745, 'I84.9', 'Unspecified hemorrhoids without complication', 101),
(7746, 'I85', 'Esophageal varices', 101),
(7747, 'I85.0', 'Esophageal varices with bleeding', 101),
(7748, 'I85.9', 'Esophageal varices without bleeding', 101),
(7749, 'I86', 'Varicose veins of other sites', 101),
(7750, 'I86.0', 'Sublingual varices', 101),
(7751, 'I86.1', 'Scrotal varices', 101),
(7752, 'I86.2', 'Pelvic varices', 101),
(7753, 'I86.3', 'Vulval varices', 101),
(7754, 'I86.4', 'Gastric varices', 101),
(7755, 'I86.8', 'Varicose veins of other specified sites', 101),
(7756, 'I87', 'Other disorders of veins', 101),
(7757, 'I87.0', 'Postphlebitic syndrome', 101),
(7758, 'I87.1', 'Compression of vein', 101),
(7759, 'I87.2', 'Venous insufficiency (chronic) (peripheral)', 101),
(7760, 'I87.8', 'Other specified disorders of veins', 101),
(7761, 'I87.9', 'Disorder of vein, unspecified', 101),
(7762, 'I88', 'Nonspecific lymphadenitis', 101),
(7763, 'I88.0', 'Nonspecific mesenteric lymphadenitis', 101),
(7764, 'I88.1', 'Chronic lymphadenitis, except mesenteric', 101),
(7765, 'I88.8', 'Other nonspecific lymphadenitis', 101),
(7766, 'I88.9', 'Nonspecific lymphadenitis, unspecified', 101),
(7767, 'I89', 'Other noninfective disorders of lymphatic vessels and lymph nodes', 101),
(7768, 'I89.0', 'Lymphedema, not elsewhere classified', 101),
(7769, 'I89.1', 'Lymphangitis', 101),
(7770, 'I89.8', 'Other specified noninfective disorders of lymphatic vessels and lymph nodes', 101),
(7771, 'I89.9', 'Noninfective disorder of lymphatic vessels and lymph nodes, unspecified', 101),
(7772, 'I95', 'Hypotension', 102),
(7773, 'I95.0', 'Idiopathic hypotension', 102),
(7774, 'I95.1', 'Orthostatic hypotension', 102),
(7775, 'I95.2', 'Hypotension due to drugs', 102),
(7776, 'I95.8', 'Other hypotension', 102),
(7777, 'I95.9', 'Hypotension, unspecified', 102),
(7778, 'I99', 'Other and unspecified disorders of circulatory system', 102),
(7779, 'J00', 'Acute nasopharyngitis [common cold]', 103),
(7780, 'J01', 'Acute sinusitis', 103),
(7781, 'J01.0', 'Acute maxillary sinusitis', 103),
(7782, 'J01.1', 'Acute frontal sinusitis', 103),
(7783, 'J01.2', 'Acute ethmoidal sinusitis', 103),
(7784, 'J01.3', 'Acute sphenoidal sinusitis', 103),
(7785, 'J01.4', 'Acute pansinusitis', 103),
(7786, 'J01.8', 'Other acute sinusitis', 103),
(7787, 'J01.9', 'Acute sinusitis, unspecified', 103),
(7788, 'J02', 'Acute pharyngitis', 103),
(7789, 'J02.0', 'Streptococcal pharyngitis', 103),
(7790, 'J02.8', 'Acute pharyngitis due to other specified organisms', 103),
(7791, 'J02.9', 'Acute pharyngitis, unspecified', 103),
(7792, 'J03', 'Acute tonsillitis', 103),
(7793, 'J03.0', 'Streptococcal tonsillitis', 103),
(7794, 'J03.8', 'Acute tonsillitis due to other specified organisms', 103),
(7795, 'J03.9', 'Acute tonsillitis, unspecified', 103),
(7796, 'J04', 'Acute laryngitis and tracheitis', 103),
(7797, 'J04.0', 'Acute laryngitis', 103),
(7798, 'J04.1', 'Acute tracheitis', 103),
(7799, 'J04.2', 'Acute laryngotracheitis', 103),
(7800, 'J05', 'Acute obstructive laryngitis [croup] and epiglottitis', 103),
(7801, 'J05.0', 'Acute obstructive laryngitis [croup]', 103),
(7802, 'J05.1', 'Acute epiglottitis', 103),
(7803, 'J06', 'Acute upper respiratory infections of multiple and unspecified sites', 103),
(7804, 'J06.0', 'Acute laryngopharyngitis', 103),
(7805, 'J06.8', 'Other acute upper respiratory infections of multiple sites', 103),
(7806, 'J06.9', 'Acute upper respiratory infection, unspecified', 103),
(7807, 'J10', 'Influenza due to identified influenza virus', 104),
(7808, 'J10.0', 'Influenza with pneumonia, influenza virus identified', 104),
(7809, 'J10.1', 'Influenza with other respiratory manifestations, influenza virus identified', 104),
(7810, 'J10.8', 'Influenza with other manifestations, influenza virus identified', 104),
(7811, 'J11', 'Influenza, virus not identified', 104),
(7812, 'J11.0', 'Influenza with pneumonia, virus not identified', 104),
(7813, 'J11.1', 'Influenza with other respiratory manifestations, virus not identified', 104),
(7814, 'J11.8', 'Influenza with other manifestations, virus not identified', 104),
(7815, 'J12', 'Viral pneumonia, not elsewhere classified', 104),
(7816, 'J12.0', 'Adenoviral pneumonia', 104),
(7817, 'J12.1', 'Respiratory syncytial virus pneumonia', 104),
(7818, 'J12.2', 'Parainfluenza virus pneumonia', 104),
(7819, 'J12.8', 'Other viral pneumonia', 104),
(7820, 'J12.9', 'Viral pneumonia, unspecified', 104),
(7821, 'J13', 'Pneumonia due to Streptococcus pneumoniae', 104),
(7822, 'J14', 'Pneumonia due to Hemophilus influenzae', 104),
(7823, 'J15', 'Bacterial pneumonia, not elsewhere classified', 104),
(7824, 'J15.0', 'Pneumonia due to Klebsiella pneumoniae', 104),
(7825, 'J15.1', 'Pneumonia due to Pseudomonas', 104),
(7826, 'J15.2', 'Pneumonia due to staphylococcus', 104),
(7827, 'J15.3', 'Pneumonia due to streptococcus, group B', 104),
(7828, 'J15.4', 'Pneumonia due to other streptococci', 104),
(7829, 'J15.5', 'Pneumonia due to Escherichia coli', 104),
(7830, 'J15.6', 'Pneumonia due to other aerobic Gram-negative bacteria', 104),
(7831, 'J15.7', 'Pneumonia due to Mycoplasma pneumoniae', 104),
(7832, 'J15.8', 'Other bacterial pneumonia', 104),
(7833, 'J15.9', 'Bacterial pneumonia, unspecified', 104),
(7834, 'J16', 'Pneumonia due to other infectious organisms, not elsewhere classified', 104),
(7835, 'J16.0', 'Chlamydial pneumonia', 104),
(7836, 'J16.8', 'Pneumonia due to other specified infectious organisms', 104),
(7837, 'J18', 'Pneumonia, organism unspecified', 104),
(7838, 'J18.0', 'Bronchopneumonia, unspecified', 104),
(7839, 'J18.1', 'Lobar pneumonia, unspecified', 104),
(7840, 'J18.2', 'Hypostatic pneumonia, unspecified', 104),
(7841, 'J18.8', 'Other pneumonia, organism unspecified', 104),
(7842, 'J18.9', 'Pneumonia, unspecified', 104),
(7843, 'J20', 'Acute bronchitis', 105),
(7844, 'J20.0', 'Acute bronchitis due to Mycoplasma pneumoniae', 105),
(7845, 'J20.1', 'Acute bronchitis due to Hemophilus influenzae', 105),
(7846, 'J20.2', 'Acute bronchitis due to streptococcus', 105),
(7847, 'J20.3', 'Acute bronchitis due to coxsackie virus', 105),
(7848, 'J20.4', 'Acute bronchitis due to parainfluenza virus', 105),
(7849, 'J20.5', 'Acute bronchitis due to respiratory syncytial virus', 105),
(7850, 'J20.6', 'Acute bronchitis due to rhinovirus', 105),
(7851, 'J20.7', 'Acute bronchitis due to echovirus', 105),
(7852, 'J20.8', 'Acute bronchitis due to other specified organisms', 105),
(7853, 'J20.9', 'Acute bronchitis, unspecified', 105),
(7854, 'J21', 'Acute bronchiolitis', 105),
(7855, 'J21.0', 'Acute bronchiolitis due to respiratory syncytial virus', 105),
(7856, 'J21.8', 'Acute bronchiolitis due to other specified organisms', 105),
(7857, 'J21.9', 'Acute bronchiolitis, unspecified', 105),
(7858, 'J22', 'Unspecified acute lower respiratory infection', 105),
(7859, 'J30', 'Vasomotor and allergic rhinitis', 106),
(7860, 'J30.0', 'Vasomotor rhinitis', 106),
(7861, 'J30.1', 'Allergic rhinitis due to pollen', 106),
(7862, 'J30.2', 'Other seasonal allergic rhinitis', 106),
(7863, 'J30.3', 'Other allergic rhinitis', 106),
(7864, 'J30.4', 'Allergic rhinitis, unspecified', 106),
(7865, 'J31', 'Chronic rhinitis, nasopharyngitis, and pharyngitis', 106),
(7866, 'J31.0', 'Chronic rhinitis', 106),
(7867, 'J31.1', 'Chronic nasopharyngitis', 106),
(7868, 'J31.2', 'Chronic pharyngitis', 106),
(7869, 'J32', 'Chronic sinusitis', 106),
(7870, 'J32.0', 'Chronic maxillary sinusitis', 106),
(7871, 'J32.1', 'Chronic frontal sinusitis', 106),
(7872, 'J32.2', 'Chronic ethmoidal sinusitis', 106),
(7873, 'J32.3', 'Chronic sphenoidal sinusitis', 106),
(7874, 'J32.4', 'Chronic pansinusitis', 106),
(7875, 'J32.8', 'Other chronic sinusitis', 106),
(7876, 'J32.9', 'Chronic sinusitis, unspecified', 106),
(7877, 'J33', 'Nasal polyp', 106),
(7878, 'J33.0', 'Polyp of nasal cavity', 106),
(7879, 'J33.1', 'Polypoid sinus degeneration', 106),
(7880, 'J33.8', 'Other polyp of sinus', 106),
(7881, 'J33.9', 'Nasal polyp, unspecified', 106),
(7882, 'J34', 'Other disorders of nose and nasal sinuses', 106),
(7883, 'J34.0', 'Abscess, furuncle, and carbuncle of nose', 106),
(7884, 'J34.1', 'Cyst and mucocele of nose and nasal sinus', 106),
(7885, 'J34.2', 'Deviated nasal septum', 106),
(7886, 'J34.3', 'Hypertrophy of nasal turbinates', 106),
(7887, 'J34.8', 'Other specified disorders of nose and nasal sinuses', 106),
(7888, 'J35', 'Chronic diseases of tonsils and adenoids', 106),
(7889, 'J35.0', 'Chronic tonsillitis', 106),
(7890, 'J35.1', 'Hypertrophy of tonsils', 106),
(7891, 'J35.2', 'Hypertrophy of adenoids', 106),
(7892, 'J35.3', 'Hypertrophy of tonsils with hypertrophy of adenoids', 106),
(7893, 'J35.8', 'Other chronic diseases of tonsils and adenoids', 106),
(7894, 'J35.9', 'Chronic disease of tonsils and adenoids, unspecified', 106),
(7895, 'J36', 'Peritonsillar abscess', 106),
(7896, 'J37', 'Chronic laryngitis and laryngotracheitis', 106),
(7897, 'J37.0', 'Chronic laryngitis', 106),
(7898, 'J37.1', 'Chronic laryngotracheitis', 106),
(7899, 'J38', 'Diseases of vocal cords and larynx, not elsewhere classified', 106),
(7900, 'J38.0', 'Paralysis of vocal cords and larynx', 106),
(7901, 'J38.1', 'Polyp of vocal cord and larynx', 106),
(7902, 'J38.2', 'Nodules of vocal cords', 106),
(7903, 'J38.3', 'Other diseases of vocal cords', 106),
(7904, 'J38.4', 'Edema of larynx', 106),
(7905, 'J38.5', 'Laryngeal spasm', 106),
(7906, 'J38.6', 'Stenosis of larynx', 106),
(7907, 'J38.7', 'Other diseases of larynx', 106),
(7908, 'J39', 'Other diseases of upper respiratory tract', 106),
(7909, 'J39.0', 'Retropharyngeal and parapharyngeal abscess', 106),
(7910, 'J39.1', 'Other abscess of pharynx', 106),
(7911, 'J39.2', 'Other diseases of pharynx', 106),
(7912, 'J39.3', 'Upper respiratory tract hypersensitivity reaction, site unspecified', 106),
(7913, 'J39.8', 'Other specified diseases of upper respiratory tract', 106),
(7914, 'J39.9', 'Disease of upper respiratory tract, unspecified', 106),
(7915, 'J40', 'Bronchitis, not specified as acute or chronic', 107),
(7916, 'J41', 'Simple and mucopurulent chronic bronchitis', 107),
(7917, 'J41.0', 'Simple chronic bronchitis', 107),
(7918, 'J41.1', 'Mucopurulent chronic bronchitis', 107),
(7919, 'J41.8', 'Mixed simple and mucopurulent chronic bronchitis', 107),
(7920, 'J42', 'Unspecified chronic bronchitis', 107),
(7921, 'J43', 'Emphysema', 107),
(7922, 'J43.0', 'MacLeod\'s syndrome', 107),
(7923, 'J43.1', 'Panlobular emphysema', 107),
(7924, 'J43.2', 'Centrilobular emphysema', 107),
(7925, 'J43.8', 'Other emphysema', 107),
(7926, 'J43.9', 'Emphysema, unspecified', 107),
(7927, 'J44', 'Other chronic obstructive pulmonary disease', 107),
(7928, 'J44.0', 'Chronic obstructive pulmonary disease with acute lower respiratory infection', 107),
(7929, 'J44.1', 'Chronic obstructive pulmonary disease with acute exacerbation, unspecified', 107),
(7930, 'J44.8', 'Other specified chronic obstructive pulmonary disease', 107),
(7931, 'J44.9', 'Chronic obstructive pulmonary disease, unspecified', 107),
(7932, 'J45', 'Asthma', 107),
(7933, 'J45.0', 'Predominantly allergic asthma', 107),
(7934, 'J45.1', 'Nonallergic asthma', 107),
(7935, 'J45.8', 'Mixed asthma', 107),
(7936, 'J45.9', 'Asthma, unspecified', 107),
(7937, 'J46', 'Status asthmaticus', 107),
(7938, 'J47', 'Bronchiectasis', 107),
(7939, 'J60', 'Coalworker\'s pneumoconiosis', 108),
(7940, 'J61', 'Pneumoconiosis due to asbestos and other mineral fibers', 108),
(7941, 'J62', 'Pneumoconiosis due to dust containing silica', 108),
(7942, 'J62.0', 'Pneumoconiosis due to talc dust', 108),
(7943, 'J62.8', 'Pneumoconiosis due to other dust containing silica', 108),
(7944, 'J63', 'Pneumoconiosis due to other inorganic dusts', 108),
(7945, 'J63.0', 'Aluminosis (of lung)', 108),
(7946, 'J63.1', 'Bauxite fibrosis (of lung)', 108),
(7947, 'J63.2', 'Berylliosis', 108),
(7948, 'J63.3', 'Graphite fibrosis (of lung)', 108),
(7949, 'J63.4', 'Siderosis', 108),
(7950, 'J63.5', 'Stannosis', 108),
(7951, 'J63.8', 'Pneumoconiosis due to other specified inorganic dusts', 108),
(7952, 'J64', 'Unspecified pneumoconiosis', 108),
(7953, 'J65', 'Pneumoconiosis associated with tuberculosis', 108),
(7954, 'J66', 'Airway disease due to specific organic dust', 108),
(7955, 'J66.0', 'Byssinosis', 108),
(7956, 'J66.1', 'Flax-dresser\'s disease', 108),
(7957, 'J66.2', 'Cannabinosis', 108),
(7958, 'J66.8', 'Airway disease due to other specific organic dusts', 108),
(7959, 'J67', 'Hypersensitivity pneumonitis due to organic dust', 108),
(7960, 'J67.0', 'Farmer\'s lung', 108),
(7961, 'J67.1', 'Bagassosis', 108),
(7962, 'J67.2', 'Bird fancier\'s lung', 108),
(7963, 'J67.3', 'Suberosis', 108),
(7964, 'J67.4', 'Maltworker\'s lung', 108),
(7965, 'J67.5', 'Mushroom-worker\'s lung', 108),
(7966, 'J67.6', 'Maple-bark-stripper\'s lung', 108),
(7967, 'J67.7', 'Air-conditioner and humidifier lung', 108),
(7968, 'J67.8', 'Hypersensitivity pneumonitis due to other organic dusts', 108),
(7969, 'J67.9', 'Hypersensitivity pneumonitis due to unspecified organic dust', 108),
(7970, 'J68', 'Respiratory conditions due to inhalation of chemicals, gases, fumes, and vapors', 108),
(7971, 'J68.0', 'Bronchitis and pneumonitis due to chemicals, gases, fumes, and vapors', 108),
(7972, 'J68.1', 'Acute pulmonary edema due to chemicals, gases, fumes, and vapors', 108),
(7973, 'J68.2', 'Upper respiratory inflammation due to chemicals, gases, fumes, and vapors, not elsewhere classified', 108),
(7974, 'J68.3', 'Other acute and subacute respiratory conditions due to chemicals, gases, fumes, and vapors', 108),
(7975, 'J68.4', 'Chronic respiratory conditions due to chemicals, gases, fumes, and vapors', 108),
(7976, 'J68.8', 'Other respiratory conditions due to chemicals, gases, fumes, and vapors', 108),
(7977, 'J68.9', 'Unspecified respiratory condition due to chemicals, gases, fumes, and vapors', 108),
(7978, 'J69', 'Pneumonitis due to solids and liquids', 108),
(7979, 'J69.0', 'Pneumonitis due to food and vomit', 108),
(7980, 'J69.1', 'Pneumonitis due to oils and essences', 108),
(7981, 'J69.8', 'Pneumonitis due to other solids and liquids', 108),
(7982, 'J70', 'Respiratory conditions due to other external agents', 108),
(7983, 'J70.0', 'Acute pulmonary manifestations due to radiation', 108),
(7984, 'J70.1', 'Chronic and other pulmonary manifestations due to radiation', 108),
(7985, 'J70.2', 'Acute drug-induced interstitial lung disorders', 108),
(7986, 'J70.3', 'Chronic drug-induced interstitial lung disorders', 108),
(7987, 'J70.4', 'Drug-induced interstitial lung disorder, unspecified', 108),
(7988, 'J70.8', 'Respiratory conditions due to other specified external agents', 108),
(7989, 'J70.9', 'Respiratory conditions due to unspecified external agent', 108),
(7990, 'J80', 'Adult respiratory distress syndrome', 109),
(7991, 'J81', 'Pulmonary edema', 109),
(7992, 'J82', 'Pulmonary eosinophilia, not elsewhere classified', 109),
(7993, 'J84', 'Other interstitial pulmonary diseases', 109),
(7994, 'J84.0', 'Alveolar and parietoalveolar conditions', 109),
(7995, 'J84.1', 'Other interstitial pulmonary diseases with fibrosis', 109),
(7996, 'J84.8', 'Other specified interstitial pulmonary diseases', 109),
(7997, 'J84.9', 'Interstitial pulmonary disease, unspecified', 109),
(7998, 'J85', 'Abscess of lung and mediastinum', 110),
(7999, 'J85.0', 'Gangrene and necrosis of lung', 110),
(8000, 'J85.1', 'Abscess of lung with pneumonia', 110),
(8001, 'J85.2', 'Abscess of lung without pneumonia', 110),
(8002, 'J85.3', 'Abscess of mediastinum', 110),
(8003, 'J86', 'Pyothorax', 110),
(8004, 'J86.0', 'Pyothorax with fistula', 110),
(8005, 'J86.9', 'Pyothorax without fistula', 110),
(8006, 'J90', 'Pleural effusion, not elsewhere classified', 111),
(8007, 'J92', 'Pleural plaque', 111),
(8008, 'J92.0', 'Pleural plaque with presence of asbestos', 111),
(8009, 'J92.9', 'Pleural plaque without asbestos', 111),
(8010, 'J93', 'Pneumothorax', 111),
(8011, 'J93.0', 'Spontaneous tension pneumothorax', 111),
(8012, 'J93.1', 'Other spontaneous pneumothorax', 111),
(8013, 'J93.8', 'Other pneumothorax', 111),
(8014, 'J93.9', 'Pneumothorax, unspecified', 111),
(8015, 'J94', 'Other pleural conditions', 111),
(8016, 'J94.0', 'Chylous effusion', 111),
(8017, 'J94.1', 'Fibrothorax', 111),
(8018, 'J94.2', 'Hemothorax', 111),
(8019, 'J94.8', 'Other specified pleural conditions', 111),
(8020, 'J94.9', 'Pleural condition, unspecified', 111),
(8021, 'J96', 'Respiratory failure, not elsewhere classified', 112),
(8022, 'J96.0', 'Acute respiratory failure', 112),
(8023, 'J96.1', 'Chronic respiratory failure', 112),
(8024, 'J96.9', 'Respiratory failure, unspecified', 112),
(8025, 'J98', 'Other respiratory disorders', 112),
(8026, 'J98.0', 'Diseases of bronchus, not elsewhere classified', 112),
(8027, 'J98.1', 'Pulmonary collapse', 112),
(8028, 'J98.2', 'Interstitial emphysema', 112),
(8029, 'J98.3', 'Compensatory emphysema', 112),
(8030, 'J98.4', 'Other disorders of lung', 112),
(8031, 'J98.5', 'Diseases of mediastinum, not elsewhere classified', 112),
(8032, 'J98.6', 'Disorders of diaphragm', 112),
(8033, 'J98.8', 'Other specified respiratory disorders', 112),
(8034, 'J98.9', 'Respiratory disorder, unspecified', 112),
(8035, 'K00', 'Disorders of tooth development and eruption', 113),
(8036, 'K00.0', 'Anodontia', 113),
(8037, 'K00.1', 'Supernumerary teeth', 113),
(8038, 'K00.2', 'Abnormalities of size and form of teeth', 113),
(8039, 'K00.3', 'Mottled teeth', 113),
(8040, 'K00.4', 'Disturbances in tooth formation', 113),
(8041, 'K00.5', 'Hereditary disturbances in tooth structure, not elsewhere classified', 113),
(8042, 'K00.6', 'Disturbances in tooth eruption', 113),
(8043, 'K00.7', 'Teething syndrome', 113),
(8044, 'K00.8', 'Other disorders of tooth development', 113),
(8045, 'K00.9', 'Disorder of tooth development, unspecified', 113),
(8046, 'K01', 'Embedded and impacted teeth', 113),
(8047, 'K01.0', 'Embedded teeth', 113),
(8048, 'K01.1', 'Impacted teeth', 113),
(8049, 'K02', 'Dental caries', 113),
(8050, 'K02.0', 'Caries limited to enamel', 113),
(8051, 'K02.1', 'Caries of dentin', 113),
(8052, 'K02.2', 'Caries of cementum', 113),
(8053, 'K02.3', 'Arrested dental caries', 113),
(8054, 'K02.4', 'Odontoclasia', 113),
(8055, 'K02.8', 'Other dental caries', 113),
(8056, 'K02.9', 'Dental caries, unspecified', 113),
(8057, 'K03', 'Other diseases of hard tissues of teeth', 113),
(8058, 'K03.0', 'Excessive attrition of teeth', 113),
(8059, 'K03.1', 'Abrasion of teeth', 113),
(8060, 'K03.2', 'Erosion of teeth', 113),
(8061, 'K03.3', 'Pathological resorption of teeth', 113),
(8062, 'K03.4', 'Hypercementosis', 113),
(8063, 'K03.5', 'Ankylosis of teeth', 113),
(8064, 'K03.6', 'Deposits [accretions] on teeth', 113),
(8065, 'K03.7', 'Posteruptive color changes of dental hard tissues', 113),
(8066, 'K03.8', 'Other specified diseases of hard tissues of teeth', 113),
(8067, 'K03.9', 'Disease of hard tissues of teeth, unspecified', 113),
(8068, 'K04', 'Diseases of pulp and periapical tissues', 113),
(8069, 'K04.0', 'Pulpitis', 113),
(8070, 'K04.1', 'Necrosis of pulp', 113),
(8071, 'K04.2', 'Pulp degeneration', 113),
(8072, 'K04.3', 'Abnormal hard tissue formation in pulp', 113),
(8073, 'K04.4', 'Acute apical periodontitis of pulpal origin', 113),
(8074, 'K04.5', 'Chronic apical periodontitis', 113),
(8075, 'K04.6', 'Periapical abscess with sinus', 113),
(8076, 'K04.7', 'Periapical abscess without sinus', 113),
(8077, 'K04.8', 'Radicular cyst', 113),
(8078, 'K04.9', 'Other and unspecified diseases of pulp and periapical tissues', 113),
(8079, 'K05', 'Gingivitis and periodontal diseases', 113),
(8080, 'K05.0', 'Acute gingivitis', 113),
(8081, 'K05.1', 'Chronic gingivitis', 113),
(8082, 'K05.2', 'Acute periodontitis', 113),
(8083, 'K05.3', 'Chronic periodontitis', 113),
(8084, 'K05.4', 'Periodontosis', 113),
(8085, 'K05.5', 'Other periodontal diseases', 113),
(8086, 'K05.6', 'Periodontal disease, unspecified', 113),
(8087, 'K06', 'Other disorders of gingiva and edentulous alveolar ridge', 113),
(8088, 'K06.0', 'Gingival recession', 113),
(8089, 'K06.1', 'Gingival enlargement', 113),
(8090, 'K06.2', 'Gingival and edentulous alveolar ridge lesions associated with trauma', 113),
(8091, 'K06.8', 'Other specified disorders of gingiva and edentulous alveolar ridge', 113),
(8092, 'K06.9', 'Disorder of gingiva and edentulous alveolar ridge, unspecified', 113),
(8093, 'K07', 'Dentofacial anomalies [including malocclusion]', 113),
(8094, 'K07.0', 'Major anomalies of jaw size', 113),
(8095, 'K07.1', 'Anomalies of jaw-cranial base relationship', 113),
(8096, 'K07.2', 'Anomalies of dental arch relationship', 113),
(8097, 'K07.3', 'Anomalies of tooth position', 113),
(8098, 'K07.4', 'Malocclusion, unspecified', 113),
(8099, 'K07.5', 'Dentofacial functional abnormalities', 113),
(8100, 'K07.6', 'Temporomandibular joint disorders', 113),
(8101, 'K07.8', 'Other dentofacial anomalies', 113),
(8102, 'K07.9', 'Dentofacial anomaly, unspecified', 113),
(8103, 'K08', 'Other disorders of the teeth and supporting structures', 113),
(8104, 'K08.0', 'Exfoliation of teeth due to systemic causes', 113),
(8105, 'K08.1', 'Loss of teeth due to accident, extraction, or local periodontal disease', 113),
(8106, 'K08.2', 'Atrophy of edentulous alveolar ridge', 113),
(8107, 'K08.3', 'Retained dental root', 113),
(8108, 'K08.8', 'Other specified disorders of teeth and supporting structures', 113),
(8109, 'K08.9', 'Disorder of teeth and supporting structures, unspecified', 113),
(8110, 'K09', 'Cysts of oral region, not elsewhere classified', 113),
(8111, 'K09.0', 'Developmental odontogenic cysts', 113),
(8112, 'K09.1', 'Developmental (nonodontogenic) cysts of oral region', 113),
(8113, 'K09.2', 'Other cysts of jaw', 113),
(8114, 'K09.8', 'Other cysts of oral region, not elsewhere classified', 113),
(8115, 'K09.9', 'Cyst of oral region, unspecified', 113),
(8116, 'K10', 'Other diseases of jaws', 113),
(8117, 'K10.0', 'Developmental disorders of jaws', 113),
(8118, 'K10.1', 'Giant cell granuloma, central', 113),
(8119, 'K10.2', 'Inflammatory conditions of jaws', 113),
(8120, 'K10.3', 'Alveolitis of jaws', 113),
(8121, 'K10.8', 'Other specified diseases of jaws', 113),
(8122, 'K10.9', 'Disease of jaws, unspecified', 113),
(8123, 'K11', 'Diseases of salivary glands', 113),
(8124, 'K11.0', 'Atrophy of salivary gland', 113),
(8125, 'K11.1', 'Hypertrophy of salivary gland', 113),
(8126, 'K11.2', 'Sialoadenitis', 113),
(8127, 'K11.3', 'Abscess of salivary gland', 113),
(8128, 'K11.4', 'Fistula of salivary gland', 113),
(8129, 'K11.5', 'Sialolithiasis', 113),
(8130, 'K11.6', 'Mucocele of salivary gland', 113),
(8131, 'K11.7', 'Disturbances of salivary secretion', 113),
(8132, 'K11.8', 'Other diseases of salivary glands', 113),
(8133, 'K11.9', 'Disease of salivary gland, unspecified', 113),
(8134, 'K12', 'Stomatitis and related lesions', 113),
(8135, 'K12.0', 'Recurrent oral aphthae', 113),
(8136, 'K12.1', 'Other forms of stomatitis', 113),
(8137, 'K12.2', 'Cellulitis and abscess of mouth', 113),
(8138, 'K13', 'Other diseases of lip and oral mucosa', 113),
(8139, 'K13.0', 'Diseases of lips', 113),
(8140, 'K13.1', 'Cheek and lip biting', 113),
(8141, 'K13.2', 'Leukoplakia and other disturbances of oral epithelium, including tongue', 113),
(8142, 'K13.3', 'Hairy leukoplakia', 113),
(8143, 'K13.4', 'Granuloma and granuloma-like lesions of oral mucosa', 113),
(8144, 'K13.5', 'Oral submucous fibrosis', 113),
(8145, 'K13.6', 'Irritative hyperplasia of oral mucosa', 113),
(8146, 'K13.7', 'Other and unspecified lesions of oral mucosa', 113),
(8147, 'K14', 'Diseases of tongue', 113),
(8148, 'K14.0', 'Glossitis', 113),
(8149, 'K14.1', 'Geographic tongue', 113),
(8150, 'K14.2', 'Median rhomboid glossitis', 113),
(8151, 'K14.3', 'Hypertrophy of tongue papillae', 113),
(8152, 'K14.4', 'Atrophy of tongue papillae', 113),
(8153, 'K14.5', 'Plicated tongue', 113),
(8154, 'K14.6', 'Glossodynia', 113),
(8155, 'K14.8', 'Other diseases of tongue', 113),
(8156, 'K14.9', 'Disease of tongue, unspecified', 113),
(8157, 'K20', 'Esophagitis', 114),
(8158, 'K21', 'Gastroesophageal reflux disease', 114),
(8159, 'K21.0', 'Gastroesophageal reflux disease with esophagitis', 114),
(8160, 'K21.9', 'Gastroesophageal reflux disease without esophagitis', 114),
(8161, 'K22', 'Other diseases of esophagus', 114),
(8162, 'K22.0', 'Achalasia of cardia', 114),
(8163, 'K22.1', 'Ulcer of esophagus', 114),
(8164, 'K22.2', 'Esophageal obstruction', 114),
(8165, 'K22.3', 'Perforation of esophagus', 114),
(8166, 'K22.4', 'Dyskinesia of esophagus', 114),
(8167, 'K22.5', 'Diverticulum of esophagus, acquired', 114),
(8168, 'K22.6', 'Gastroesophageal laceration-hemorrhage syndrome', 114),
(8169, 'K22.8', 'Other specified diseases of esophagus', 114),
(8170, 'K22.9', 'Disease of esophagus, unspecified', 114),
(8171, 'K25', 'Gastric ulcer', 114),
(8172, 'K26', 'Duodenal ulcer', 114),
(8173, 'K27', 'Peptic ulcer, site unspecified', 114),
(8174, 'K28', 'Gastrojejunal ulcer', 114),
(8175, 'K29', 'Gastritis and duodenitis', 114),
(8176, 'K29.0', 'Acute hemorrhagic gastritis', 114),
(8177, 'K29.1', 'Other acute gastritis', 114),
(8178, 'K29.2', 'Alcoholic gastritis', 114),
(8179, 'K29.3', 'Chronic superficial gastritis', 114),
(8180, 'K29.4', 'Chronic atrophic gastritis', 114),
(8181, 'K29.5', 'Chronic gastritis, unspecified', 114),
(8182, 'K29.6', 'Other gastritis', 114),
(8183, 'K29.7', 'Gastritis, unspecified', 114),
(8184, 'K29.8', 'Duodenitis', 114),
(8185, 'K29.9', 'Gastroduodenitis, unspecified', 114),
(8186, 'K30', 'Dyspepsia', 114),
(8187, 'K31', 'Other diseases of stomach and duodenum', 114),
(8188, 'K31.0', 'Acute dilatation of stomach', 114),
(8189, 'K31.1', 'Adult hypertrophic pyloric stenosis', 114),
(8190, 'K31.2', 'Hourglass stricture and stenosis of stomach', 114),
(8191, 'K31.3', 'Pylorospasm, not elsewhere classified', 114),
(8192, 'K31.4', 'Gastric diverticulum', 114),
(8193, 'K31.5', 'Obstruction of duodenum', 114),
(8194, 'K31.6', 'Fistula of stomach and duodenum', 114),
(8195, 'K31.8', 'Other specified diseases of stomach and duodenum', 114),
(8196, 'K31.9', 'Disease of stomach and duodenum, unspecified', 114),
(8197, 'K35', 'Acute appendicitis', 115),
(8198, 'K35.0', 'Acute appendicitis with generalized peritonitis', 115),
(8199, 'K35.1', 'Acute appendicitis with peritoneal abscess', 115),
(8200, 'K35.9', 'Acute appendicitis, unspecified', 115),
(8201, 'K36', 'Other appendicitis', 115),
(8202, 'K37', 'Unspecified appendicitis', 115),
(8203, 'K38', 'Other diseases of appendix', 115),
(8204, 'K38.0', 'Hyperplasia of appendix', 115),
(8205, 'K38.1', 'Appendicular concretions', 115),
(8206, 'K38.2', 'Diverticulum of appendix', 115),
(8207, 'K38.3', 'Fistula of appendix', 115),
(8208, 'K38.8', 'Other specified diseases of appendix', 115),
(8209, 'K38.9', 'Disease of appendix, unspecified', 115),
(8210, 'K40', 'Inguinal hernia', 116),
(8211, 'K40.0', 'Bilateral inguinal hernia, with obstruction, without gangrene', 116),
(8212, 'K40.1', 'Bilateral inguinal hernia, with gangrene', 116),
(8213, 'K40.2', 'Bilateral inguinal hernia, without obstruction or gangrene', 116),
(8214, 'K40.3', 'Unilateral or unspecified inguinal hernia, with obstruction, without gangrene', 116),
(8215, 'K40.4', 'Unilateral or unspecified inguinal hernia, with gangrene', 116),
(8216, 'K40.9', 'Unilateral or unspecified inguinal hernia, without obstruction or gangrene', 116),
(8217, 'K41', 'Femoral hernia', 116),
(8218, 'K41.0', 'Bilateral femoral hernia, with obstruction, without gangrene', 116),
(8219, 'K41.1', 'Bilateral femoral hernia, with gangrene', 116),
(8220, 'K41.2', 'Bilateral femoral hernia, without obstruction or gangrene', 116),
(8221, 'K41.3', 'Unilateral or unspecified femoral hernia, with obstruction, without gangrene', 116),
(8222, 'K41.4', 'Unilateral or unspecified femoral hernia, with gangrene', 116),
(8223, 'K41.9', 'Unilateral or unspecified femoral hernia, without obstruction or gangrene', 116),
(8224, 'K42', 'Umbilical hernia', 116),
(8225, 'K42.0', 'Umbilical hernia with obstruction, without gangrene', 116),
(8226, 'K42.1', 'Umbilical hernia with gangrene', 116),
(8227, 'K42.9', 'Umbilical hernia without obstruction or gangrene', 116),
(8228, 'K43', 'Ventral hernia', 116),
(8229, 'K43.0', 'Ventral hernia with obstruction, without gangrene', 116),
(8230, 'K43.1', 'Ventral hernia with gangrene', 116),
(8231, 'K43.9', 'Ventral hernia without obstruction or gangrene', 116),
(8232, 'K44', 'Diaphragmatic hernia', 116),
(8233, 'K44.0', 'Diaphragmatic hernia with obstruction, without gangrene', 116),
(8234, 'K44.1', 'Diaphragmatic hernia with gangrene', 116),
(8235, 'K44.9', 'Diaphragmatic hernia without obstruction or gangrene', 116),
(8236, 'K45', 'Other abdominal hernia', 116),
(8237, 'K45.0', 'Other specified abdominal hernia with obstruction, without gangrene', 116),
(8238, 'K45.1', 'Other specified abdominal hernia with gangrene', 116),
(8239, 'K45.8', 'Other specified abdominal hernia without obstruction or gangrene', 116),
(8240, 'K46', 'Unspecified abdominal hernia', 116),
(8241, 'K46.0', 'Unspecified abdominal hernia with obstruction, without gangrene', 116),
(8242, 'K46.1', 'Unspecified abdominal hernia with gangrene', 116),
(8243, 'K46.9', 'Unspecified abdominal hernia without obstruction or gangrene', 116),
(8244, 'K50', 'Crohn\'s disease [regional enteritis]', 117),
(8245, 'K50.0', 'Crohn\'s disease of small intestine', 117),
(8246, 'K50.1', 'Crohn\'s disease of large intestine', 117),
(8247, 'K50.8', 'Other Crohn\'s disease', 117),
(8248, 'K50.9', 'Crohn\'s disease, unspecified', 117),
(8249, 'K51', 'Ulcerative colitis', 117),
(8250, 'K51.0', 'Ulcerative (chronic) enterocolitis', 117),
(8251, 'K51.1', 'Ulcerative (chronic) ileocolitis', 117),
(8252, 'K51.2', 'Ulcerative (chronic) proctitis', 117),
(8253, 'K51.3', 'Ulcerative (chronic) rectosigmoiditis', 117),
(8254, 'K51.4', 'Pseudopolyposis of colon', 117),
(8255, 'K51.5', 'Mucosal proctocolitis', 117),
(8256, 'K51.8', 'Other ulcerative colitis', 117),
(8257, 'K51.9', 'Ulcerative colitis, unspecified', 117),
(8258, 'K52', 'Other noninfective gastroenteritis and colitis', 117),
(8259, 'K52.0', 'Gastroenteritis and colitis due to radiation', 117),
(8260, 'K52.1', 'Toxic gastroenteritis and colitis', 117),
(8261, 'K52.2', 'Allergic and dietetic gastroenteritis and colitis', 117),
(8262, 'K52.8', 'Other specified noninfective gastroenteritis and colitis', 117),
(8263, 'K52.9', 'Noninfective gastroenteritis and colitis, unspecified', 117),
(8264, 'K55', 'Vascular disorders of intestine', 118),
(8265, 'K55.0', 'Acute vascular disorders of intestine', 118),
(8266, 'K55.1', 'Chronic vascular disorders of intestine', 118),
(8267, 'K55.2', 'Angiodysplasia of colon', 118),
(8268, 'K55.8', 'Other vascular disorders of intestine', 118),
(8269, 'K55.9', 'Vascular disorder of intestine, unspecified', 118),
(8270, 'K56', 'Paralytic ileus and intestinal obstruction without hernia', 118),
(8271, 'K56.0', 'Paralytic ileus', 118),
(8272, 'K56.1', 'Intussusception', 118),
(8273, 'K56.2', 'Volvulus', 118),
(8274, 'K56.3', 'Gallstone ileus', 118),
(8275, 'K56.4', 'Other impaction of intestine', 118),
(8276, 'K56.5', 'Intestinal adhesions [bands] with obstruction', 118),
(8277, 'K56.6', 'Other and unspecified intestinal obstruction', 118),
(8278, 'K56.7', 'Ileus, unspecified', 118),
(8279, 'K57', 'Diverticular disease of intestine', 118),
(8280, 'K57.0', 'Diverticular disease of small intestine with perforation and abscess', 118),
(8281, 'K57.1', 'Diverticular disease of small intestine without perforation or abscess', 118),
(8282, 'K57.2', 'Diverticular disease of large intestine with perforation and abscess', 118),
(8283, 'K57.3', 'Diverticular disease of large intestine without perforation or abscess', 118),
(8284, 'K57.4', 'Diverticular disease of both small and large intestine with perforation and abscess', 118),
(8285, 'K57.5', 'Diverticular disease of both small and large intestine without perforation or abscess', 118),
(8286, 'K57.8', 'Diverticular disease of intestine, part unspecified, with perforation and abscess', 118),
(8287, 'K57.9', 'Diverticular disease of intestine, part unspecified, without perforation or abscess', 118),
(8288, 'K58', 'Irritable bowel syndrome', 118),
(8289, 'K58.0', 'Irritable bowel syndrome with diarrhea', 118),
(8290, 'K58.9', 'Irritable bowel syndrome without diarrhea', 118),
(8291, 'K59', 'Other functional intestinal disorders', 118),
(8292, 'K59.0', 'Constipation', 118),
(8293, 'K59.1', 'Functional diarrhea', 118),
(8294, 'K59.2', 'Neurogenic bowel, not elsewhere classified', 118),
(8295, 'K59.3', 'Megacolon, not elsewhere classified', 118),
(8296, 'K59.4', 'Anal spasm', 118),
(8297, 'K59.8', 'Other specified functional intestinal disorders', 118),
(8298, 'K59.9', 'Functional intestinal disorder, unspecified', 118),
(8299, 'K60', 'Fissure and fistula of anal and rectal regions', 118),
(8300, 'K60.0', 'Acute anal fissure', 118),
(8301, 'K60.1', 'Chronic anal fissure', 118),
(8302, 'K60.2', 'Anal fissure, unspecified', 118),
(8303, 'K60.3', 'Anal fistula', 118),
(8304, 'K60.4', 'Rectal fistula', 118),
(8305, 'K60.5', 'Anorectal fistula', 118),
(8306, 'K61', 'Abscess of anal and rectal regions', 118),
(8307, 'K61.0', 'Anal abscess', 118),
(8308, 'K61.1', 'Rectal abscess', 118),
(8309, 'K61.2', 'Anorectal abscess', 118),
(8310, 'K61.3', 'Ischiorectal abscess', 118),
(8311, 'K61.4', 'Intrasphincteric abscess', 118),
(8312, 'K62', 'Other diseases of anus and rectum', 118),
(8313, 'K62.0', 'Anal polyp', 118),
(8314, 'K62.1', 'Rectal polyp', 118),
(8315, 'K62.2', 'Anal prolapse', 118),
(8316, 'K62.3', 'Rectal prolapse', 118),
(8317, 'K62.4', 'Stenosis of anus and rectum', 118),
(8318, 'K62.5', 'Hemorrhage of anus and rectum', 118),
(8319, 'K62.6', 'Ulcer of anus and rectum', 118),
(8320, 'K62.7', 'Radiation proctitis', 118),
(8321, 'K62.8', 'Other specified diseases of anus and rectum', 118),
(8322, 'K62.9', 'Disease of anus and rectum, unspecified', 118),
(8323, 'K63', 'Other diseases of intestine', 118),
(8324, 'K63.0', 'Abscess of intestine', 118),
(8325, 'K63.1', 'Perforation of intestine (nontraumatic)', 118),
(8326, 'K63.2', 'Fistula of intestine', 118),
(8327, 'K63.3', 'Ulcer of intestine', 118),
(8328, 'K63.4', 'Enteroptosis', 118),
(8329, 'K63.8', 'Other specified diseases of intestine', 118),
(8330, 'K63.9', 'Disease of intestine, unspecified', 118),
(8331, 'K65', 'Peritonitis', 119),
(8332, 'K65.0', 'Acute peritonitis', 119),
(8333, 'K65.8', 'Other peritonitis', 119),
(8334, 'K65.9', 'Peritonitis, unspecified', 119),
(8335, 'K66', 'Other disorders of peritoneum', 119),
(8336, 'K66.0', 'Peritoneal adhesions', 119),
(8337, 'K66.1', 'Hemoperitoneum', 119),
(8338, 'K66.8', 'Other specified disorders of peritoneum', 119),
(8339, 'K66.9', 'Disorder of peritoneum, unspecified', 119),
(8340, 'K70', 'Alcoholic liver disease', 120),
(8341, 'K70.0', 'Alcoholic fatty liver', 120),
(8342, 'K70.1', 'Alcoholic hepatitis', 120),
(8343, 'K70.2', 'Alcoholic fibrosis and sclerosis of liver', 120),
(8344, 'K70.3', 'Alcoholic cirrhosis of liver', 120),
(8345, 'K70.4', 'Alcoholic hepatic failure', 120),
(8346, 'K70.9', 'Alcoholic liver disease, unspecified', 120),
(8347, 'K71', 'Toxic liver disease', 120),
(8348, 'K71.0', 'Toxic liver disease with cholestasis', 120),
(8349, 'K71.1', 'Toxic liver disease with hepatic necrosis', 120),
(8350, 'K71.2', 'Toxic liver disease with acute hepatitis', 120),
(8351, 'K71.3', 'Toxic liver disease with chronic persistent hepatitis', 120),
(8352, 'K71.4', 'Toxic liver disease with chronic lobular hepatitis', 120),
(8353, 'K71.5', 'Toxic liver disease with chronic active hepatitis', 120),
(8354, 'K71.6', 'Toxic liver disease with hepatitis, not elsewhere classified', 120),
(8355, 'K71.7', 'Toxic liver disease with fibrosis and cirrhosis of liver', 120),
(8356, 'K71.8', 'Toxic liver disease with other disorders of liver', 120),
(8357, 'K71.9', 'Toxic liver disease, unspecified', 120),
(8358, 'K72', 'Hepatic failure, not elsewhere classified', 120),
(8359, 'K72.0', 'Acute and subacute hepatic failure', 120),
(8360, 'K72.1', 'Chronic hepatic failure', 120),
(8361, 'K72.9', 'Hepatic failure, unspecified', 120),
(8362, 'K73', 'Chronic hepatitis, not elsewhere classified', 120),
(8363, 'K73.0', 'Chronic persistent hepatitis, not elsewhere classified', 120),
(8364, 'K73.1', 'Chronic lobular hepatitis, not elsewhere classified', 120),
(8365, 'K73.2', 'Chronic active hepatitis, not elsewhere classified', 120),
(8366, 'K73.8', 'Other chronic hepatitis, not elsewhere classified', 120),
(8367, 'K73.9', 'Chronic hepatitis, unspecified', 120),
(8368, 'K74', 'Fibrosis and cirrhosis of liver', 120),
(8369, 'K74.0', 'Hepatic fibrosis', 120),
(8370, 'K74.1', 'Hepatic sclerosis', 120),
(8371, 'K74.2', 'Hepatic fibrosis with hepatic sclerosis', 120),
(8372, 'K74.3', 'Primary biliary cirrhosis', 120),
(8373, 'K74.4', 'Secondary biliary cirrhosis', 120),
(8374, 'K74.5', 'Biliary cirrhosis, unspecified', 120),
(8375, 'K74.6', 'Other and unspecified cirrhosis of liver', 120),
(8376, 'K75', 'Other inflammatory liver diseases', 120),
(8377, 'K75.0', 'Abscess of liver', 120),
(8378, 'K75.1', 'Phlebitis of portal vein', 120),
(8379, 'K75.2', 'Nonspecific reactive hepatitis', 120),
(8380, 'K75.3', 'Granulomatous hepatitis, not elsewhere classified', 120),
(8381, 'K75.8', 'Other specified inflammatory liver diseases', 120),
(8382, 'K75.9', 'Inflammatory liver disease, unspecified', 120),
(8383, 'K76', 'Other diseases of liver', 120),
(8384, 'K76.0', 'Fatty (change of) liver, not elsewhere classified', 120),
(8385, 'K76.1', 'Chronic passive congestion of liver', 120),
(8386, 'K76.2', 'Central hemorrhagic necrosis of liver', 120),
(8387, 'K76.3', 'Infarction of liver', 120),
(8388, 'K76.4', 'Peliosis hepatis', 120),
(8389, 'K76.5', 'Hepatic veno-occlusive disease', 120),
(8390, 'K76.6', 'Portal hypertension', 120),
(8391, 'K76.7', 'Hepatorenal syndrome', 120),
(8392, 'K76.8', 'Other specified diseases of liver', 120),
(8393, 'K76.9', 'Liver disease, unspecified', 120),
(8394, 'K80', 'Cholelithiasis', 121),
(8395, 'K80.0', 'Calculus of gallbladder with acute cholecystitis', 121),
(8396, 'K80.1', 'Calculus of gallbladder with other cholecystitis', 121),
(8397, 'K80.2', 'Calculus of gallbladder without cholecystitis', 121),
(8398, 'K80.3', 'Calculus of bile duct with cholangitis', 121),
(8399, 'K80.4', 'Calculus of bile duct with cholecystitis', 121),
(8400, 'K80.5', 'Calculus of bile duct without cholangitis or cholecystitis', 121),
(8401, 'K80.8', 'Other cholelithiasis', 121),
(8402, 'K81', 'Cholecystitis', 121),
(8403, 'K81.0', 'Acute cholecystitis', 121),
(8404, 'K81.1', 'Chronic cholecystitis', 121),
(8405, 'K81.8', 'Other cholecystitis', 121),
(8406, 'K81.9', 'Cholecystitis, unspecified', 121),
(8407, 'K82', 'Other diseases of gallbladder', 121),
(8408, 'K82.0', 'Obstruction of gallbladder', 121),
(8409, 'K82.1', 'Hydrops of gallbladder', 121),
(8410, 'K82.2', 'Perforation of gallbladder', 121),
(8411, 'K82.3', 'Fistula of gallbladder', 121),
(8412, 'K82.4', 'Cholesterolosis of gallbladder', 121),
(8413, 'K82.8', 'Other specified diseases of gallbladder', 121),
(8414, 'K82.9', 'Disease of gallbladder, unspecified', 121),
(8415, 'K83', 'Other diseases of biliary tract', 121),
(8416, 'K83.0', 'Cholangitis', 121),
(8417, 'K83.1', 'Obstruction of bile duct', 121),
(8418, 'K83.2', 'Perforation of bile duct', 121),
(8419, 'K83.3', 'Fistula of bile duct', 121),
(8420, 'K83.4', 'Spasm of sphincter of Oddi', 121),
(8421, 'K83.5', 'Biliary cyst', 121),
(8422, 'K83.8', 'Other specified diseases of biliary tract', 121),
(8423, 'K83.9', 'Disease of biliary tract, unspecified', 121),
(8424, 'K85', 'Acute pancreatitis', 121),
(8425, 'K86', 'Other diseases of pancreas', 121),
(8426, 'K86.0', 'Alcohol-induced chronic pancreatitis', 121),
(8427, 'K86.1', 'Other chronic pancreatitis', 121),
(8428, 'K86.2', 'Cyst of pancreas', 121),
(8429, 'K86.3', 'Pseudocyst of pancreas', 121),
(8430, 'K86.8', 'Other specified diseases of pancreas', 121),
(8431, 'K86.9', 'Disease of pancreas, unspecified', 121),
(8432, 'K90', 'Intestinal malabsorption', 122),
(8433, 'K90.0', 'Celiac disease', 122),
(8434, 'K90.1', 'Tropical sprue', 122),
(8435, 'K90.2', 'Blind loop syndrome, not elsewhere classified', 122),
(8436, 'K90.3', 'Pancreatic steatorrhea', 122),
(8437, 'K90.4', 'Malabsorption due to intolerance, not elsewhere classified', 122),
(8438, 'K90.8', 'Other intestinal malabsorption', 122),
(8439, 'K90.9', 'Intestinal malabsorption, unspecified', 122),
(8440, 'K92', 'Other diseases of the digestive system', 122),
(8441, 'K92.0', 'Hematemesis', 122),
(8442, 'K92.1', 'Melena', 122),
(8443, 'K92.2', 'Gastrointestinal hemorrhage, unspecified', 122),
(8444, 'K92.8', 'Other specified diseases of digestive system', 122),
(8445, 'K92.9', 'Disease of digestive system, unspecified', 122),
(8446, 'L00', 'Staphylococcal scalded skin syndrome', 123),
(8447, 'L01', 'Impetigo', 123),
(8448, 'L01.0', 'Impetigo [any organism] [any site]', 123),
(8449, 'L01.1', 'Impetiginization of other dermatoses', 123),
(8450, 'L02', 'Cutaneous abscess, furuncle, and carbuncle', 123),
(8451, 'L02.0', 'Cutaneous abscess, furuncle, and carbuncle of face', 123),
(8452, 'L02.1', 'Cutaneous abscess, furuncle, and carbuncle of neck', 123),
(8453, 'L02.2', 'Cutaneous abscess, furuncle, and carbuncle of trunk', 123),
(8454, 'L02.3', 'Cutaneous abscess, furuncle, and carbuncle of buttock', 123),
(8455, 'L02.4', 'Cutaneous abscess, furuncle, and carbuncle of limb', 123),
(8456, 'L02.8', 'Cutaneous abscess, furuncle, and carbuncle of other sites', 123),
(8457, 'L02.9', 'Cutaneous abscess, furuncle, and carbuncle, unspecified', 123),
(8458, 'L03', 'Cellulitis', 123),
(8459, 'L03.0', 'Cellulitis of finger and toe', 123),
(8460, 'L03.1', 'Cellulitis of other parts of limb', 123),
(8461, 'L03.2', 'Cellulitis of face', 123),
(8462, 'L03.3', 'Cellulitis of trunk', 123),
(8463, 'L03.8', 'Cellulitis of other sites', 123),
(8464, 'L03.9', 'Cellulitis, unspecified', 123),
(8465, 'L04', 'Acute lymphadenitis', 123),
(8466, 'L04.0', 'Acute lymphadenitis of face, head, and neck', 123),
(8467, 'L04.1', 'Acute lymphadenitis of trunk', 123),
(8468, 'L04.2', 'Acute lymphadenitis of upper limb', 123),
(8469, 'L04.3', 'Acute lymphadenitis of lower limb', 123),
(8470, 'L04.8', 'Acute lymphadenitis of other sites', 123),
(8471, 'L04.9', 'Acute lymphadenitis, unspecified', 123),
(8472, 'L05', 'Pilonidal cyst', 123),
(8473, 'L05.0', 'Pilonidal cyst with abscess', 123),
(8474, 'L05.9', 'Pilonidal cyst without abscess', 123),
(8475, 'L08', 'Other local infections of skin and subcutaneous tissue', 123),
(8476, 'L08.0', 'Pyoderma', 123),
(8477, 'L08.1', 'Erythrasma', 123),
(8478, 'L08.8', 'Other specified local infections of skin and subcutaneous tissue', 123),
(8479, 'L08.9', 'Local infection of skin and subcutaneous tissue, unspecified', 123),
(8480, 'L10', 'Pemphigus', 124),
(8481, 'L10.0', 'Pemphigus vulgaris', 124),
(8482, 'L10.1', 'Pemphigus vegetans', 124),
(8483, 'L10.2', 'Pemphigus foliaceus', 124),
(8484, 'L10.3', 'Brazilian pemphigus [fogo selvagem]', 124),
(8485, 'L10.4', 'Pemphigus erythematosus', 124),
(8486, 'L10.5', 'Drug-induced pemphigus', 124),
(8487, 'L10.8', 'Other pemphigus', 124),
(8488, 'L10.9', 'Pemphigus, unspecified', 124),
(8489, 'L11', 'Other acantholytic disorders', 124),
(8490, 'L11.0', 'Acquired keratosis follicularis', 124),
(8491, 'L11.1', 'Transient acantholytic dermatosis [Grover]', 124),
(8492, 'L11.8', 'Other specified acantholytic disorders', 124),
(8493, 'L11.9', 'Acantholytic disorder, unspecified', 124),
(8494, 'L12', 'Pemphigoid', 124),
(8495, 'L12.0', 'Bullous pemphigoid', 124),
(8496, 'L12.1', 'Cicatricial pemphigoid', 124),
(8497, 'L12.2', 'Chronic bullous disease of childhood', 124),
(8498, 'L12.3', 'Acquired epidermolysis bullosa', 124),
(8499, 'L12.8', 'Other pemphigoid', 124),
(8500, 'L12.9', 'Pemphigoid, unspecified', 124),
(8501, 'L13', 'Other bullous disorders', 124),
(8502, 'L13.0', 'Dermatitis herpetiformis', 124),
(8503, 'L13.1', 'Subcorneal pustular dermatitis', 124),
(8504, 'L13.8', 'Other specified bullous disorders', 124),
(8505, 'L13.9', 'Bullous disorder, unspecified', 124),
(8506, 'L20', 'Atopic dermatitis', 125),
(8507, 'L20.0', 'Besnier\'s prurigo', 125),
(8508, 'L20.8', 'Other atopic dermatitis', 125),
(8509, 'L20.9', 'Atopic dermatitis, unspecified', 125),
(8510, 'L21', 'Seborrheic dermatitis', 125),
(8511, 'L21.0', 'Seborrhea capitis', 125),
(8512, 'L21.1', 'Seborrheic infantile dermatitis', 125),
(8513, 'L21.8', 'Other seborrheic dermatitis', 125),
(8514, 'L21.9', 'Seborrheic dermatitis, unspecified', 125),
(8515, 'L22', 'Diaper [napkin] dermatitis', 125),
(8516, 'L23', 'Allergic contact dermatitis', 125),
(8517, 'L23.0', 'Allergic contact dermatitis due to metals', 125),
(8518, 'L23.1', 'Allergic contact dermatitis due to adhesives', 125),
(8519, 'L23.2', 'Allergic contact dermatitis due to cosmetics', 125),
(8520, 'L23.3', 'Allergic contact dermatitis due to drugs in contact with the skin', 125),
(8521, 'L23.4', 'Allergic contact dermatitis due to dyes', 125),
(8522, 'L23.5', 'Allergic contact dermatitis due to other chemical products', 125),
(8523, 'L23.6', 'Allergic contact dermatitis due to food in contact with the skin', 125),
(8524, 'L23.7', 'Allergic contact dermatitis due to plants, except food', 125),
(8525, 'L23.8', 'Allergic contact dermatitis due to other agents', 125),
(8526, 'L23.9', 'Allergic contact dermatitis, unspecified cause', 125),
(8527, 'L24', 'Irritant contact dermatitis', 125),
(8528, 'L24.0', 'Irritant contact dermatitis due to detergents', 125),
(8529, 'L24.1', 'Irritant contact dermatitis due to oils and greases', 125),
(8530, 'L24.2', 'Irritant contact dermatitis due to solvents', 125),
(8531, 'L24.3', 'Irritant contact dermatitis due to cosmetics', 125),
(8532, 'L24.4', 'Irritant contact dermatitis due to drugs in contact with the skin', 125),
(8533, 'L24.5', 'Irritant contact dermatitis due to other chemical products', 125),
(8534, 'L24.6', 'Irritant contact dermatitis due to food in contact with the skin', 125),
(8535, 'L24.7', 'Irritant contact dermatitis due to plants, except food', 125),
(8536, 'L24.8', 'Irritant contact dermatitis due to other agents', 125),
(8537, 'L24.9', 'Irritant contact dermatitis, unspecified cause', 125),
(8538, 'L25', 'Unspecified contact dermatitis', 125),
(8539, 'L25.0', 'Unspecified contact dermatitis due to cosmetics', 125),
(8540, 'L25.1', 'Unspecified contact dermatitis due to drugs in contact with the skin', 125),
(8541, 'L25.2', 'Unspecified contact dermatitis due to dyes', 125),
(8542, 'L25.3', 'Unspecified contact dermatitis due to other chemical products', 125),
(8543, 'L25.4', 'Unspecified contact dermatitis due to food in contact with the skin', 125),
(8544, 'L25.5', 'Unspecified contact dermatitis due to plants, except food', 125),
(8545, 'L25.8', 'Unspecified contact dermatitis due to other agents', 125),
(8546, 'L25.9', 'Unspecified contact dermatitis, unspecified cause', 125),
(8547, 'L26', 'Exfoliative dermatitis', 125),
(8548, 'L27', 'Dermatitis due to substances taken internally', 125);
INSERT INTO `diseases` (`id`, `disease_code`, `disease_name`, `section_id`) VALUES
(8549, 'L27.0', 'Generalized skin eruption due to drugs and medicaments', 125),
(8550, 'L27.1', 'Localized skin eruption due to drugs and medicaments', 125),
(8551, 'L27.2', 'Dermatitis due to ingested food', 125),
(8552, 'L27.8', 'Dermatitis due to other substances taken internally', 125),
(8553, 'L27.9', 'Dermatitis due to unspecified substance taken internally', 125),
(8554, 'L28', 'Lichen simplex chronicus and prurigo', 125),
(8555, 'L28.0', 'Lichen simplex chronicus', 125),
(8556, 'L28.1', 'Prurigo nodularis', 125),
(8557, 'L28.2', 'Other prurigo', 125),
(8558, 'L29', 'Pruritus', 125),
(8559, 'L29.0', 'Pruritus ani', 125),
(8560, 'L29.1', 'Pruritus scroti', 125),
(8561, 'L29.2', 'Pruritus vulvae', 125),
(8562, 'L29.3', 'Anogenital pruritus, unspecified', 125),
(8563, 'L29.8', 'Other pruritus', 125),
(8564, 'L29.9', 'Pruritus, unspecified', 125),
(8565, 'L30', 'Other dermatitis', 125),
(8566, 'L30.0', 'Nummular dermatitis', 125),
(8567, 'L30.1', 'Dyshidrosis [pompholyx]', 125),
(8568, 'L30.2', 'Cutaneous autosensitization', 125),
(8569, 'L30.3', 'Infective dermatitis', 125),
(8570, 'L30.4', 'Erythema intertrigo', 125),
(8571, 'L30.5', 'Pityriasis alba', 125),
(8572, 'L30.8', 'Other specified dermatitis', 125),
(8573, 'L30.9', 'Dermatitis, unspecified', 125),
(8574, 'L40', 'Psoriasis', 126),
(8575, 'L40.0', 'Psoriasis vulgaris', 126),
(8576, 'L40.1', 'Generalized pustular psoriasis', 126),
(8577, 'L40.2', 'Acrodermatitis continua', 126),
(8578, 'L40.3', 'Pustulosis palmaris et plantaris', 126),
(8579, 'L40.4', 'Guttate psoriasis', 126),
(8580, 'L40.5', 'Arthropathic psoriasis', 126),
(8581, 'L40.8', 'Other psoriasis', 126),
(8582, 'L40.9', 'Psoriasis, unspecified', 126),
(8583, 'L41', 'Parapsoriasis', 126),
(8584, 'L41.0', 'Pityriasis lichenoides et varioliformis acuta', 126),
(8585, 'L41.1', 'Pityriasis lichenoides chronica', 126),
(8586, 'L41.2', 'Lymphomatoid papulosis', 126),
(8587, 'L41.3', 'Small plaque parapsoriasis', 126),
(8588, 'L41.4', 'Large plaque parapsoriasis', 126),
(8589, 'L41.5', 'Retiform parapsoriasis', 126),
(8590, 'L41.8', 'Other parapsoriasis', 126),
(8591, 'L41.9', 'Parapsoriasis, unspecified', 126),
(8592, 'L42', 'Pityriasis rosea', 126),
(8593, 'L43', 'Lichen planus', 126),
(8594, 'L43.0', 'Hypertrophic lichen planus', 126),
(8595, 'L43.1', 'Bullous lichen planus', 126),
(8596, 'L43.2', 'Lichenoid drug reaction', 126),
(8597, 'L43.3', 'Subacute (active) lichen planus', 126),
(8598, 'L43.8', 'Other lichen planus', 126),
(8599, 'L43.9', 'Lichen planus, unspecified', 126),
(8600, 'L44', 'Other papulosquamous disorders', 126),
(8601, 'L44.0', 'Pityriasis rubra pilaris', 126),
(8602, 'L44.1', 'Lichen nitidus', 126),
(8603, 'L44.2', 'Lichen striatus', 126),
(8604, 'L44.3', 'Lichen ruber moniliformis', 126),
(8605, 'L44.4', 'Infantile papular acrodermatitis [Giannotti-Crosti]', 126),
(8606, 'L44.8', 'Other specified papulosquamous disorders', 126),
(8607, 'L44.9', 'Papulosquamous disorder, unspecified', 126),
(8608, 'L50', 'Urticaria', 127),
(8609, 'L50.0', 'Allergic urticaria', 127),
(8610, 'L50.1', 'Idiopathic urticaria', 127),
(8611, 'L50.2', 'Urticaria due to cold and heat', 127),
(8612, 'L50.3', 'Dermatographic urticaria', 127),
(8613, 'L50.4', 'Vibratory urticaria', 127),
(8614, 'L50.5', 'Cholinergic urticaria', 127),
(8615, 'L50.6', 'Contact urticaria', 127),
(8616, 'L50.8', 'Other urticaria', 127),
(8617, 'L50.9', 'Urticaria, unspecified', 127),
(8618, 'L51', 'Erythema multiforme', 127),
(8619, 'L51.0', 'Nonbullous erythema multiforme', 127),
(8620, 'L51.1', 'Bullous erythema multiforme', 127),
(8621, 'L51.2', 'Toxic epidermal necrolysis [Lyell]', 127),
(8622, 'L51.8', 'Other erythema multiforme', 127),
(8623, 'L51.9', 'Erythema multiforme, unspecified', 127),
(8624, 'L52', 'Erythema nodosum', 127),
(8625, 'L53', 'Other erythematous conditions', 127),
(8626, 'L53.0', 'Toxic erythema', 127),
(8627, 'L53.1', 'Erythema annulare centrifugum', 127),
(8628, 'L53.2', 'Erythema marginatum', 127),
(8629, 'L53.3', 'Other chronic figurate erythema', 127),
(8630, 'L53.8', 'Other specified erythematous conditions', 127),
(8631, 'L53.9', 'Erythematous condition, unspecified', 127),
(8632, 'L55', 'Sunburn', 128),
(8633, 'L55.0', 'Sunburn of first degree', 128),
(8634, 'L55.1', 'Sunburn of second degree', 128),
(8635, 'L55.2', 'Sunburn of third degree', 128),
(8636, 'L55.8', 'Other sunburn', 128),
(8637, 'L55.9', 'Sunburn, unspecified', 128),
(8638, 'L56', 'Other acute skin changes due to ultraviolet radiation', 128),
(8639, 'L56.0', 'Drug phototoxic response', 128),
(8640, 'L56.1', 'Drug photoallergic response', 128),
(8641, 'L56.2', 'Photocontact dermatitis [berloque dermatitis]', 128),
(8642, 'L56.3', 'Solar urticaria', 128),
(8643, 'L56.4', 'Polymorphous light eruption', 128),
(8644, 'L56.8', 'Other specified acute skin changes due to ultraviolet radiation', 128),
(8645, 'L56.9', 'Acute skin change due to ultraviolet radiation, unspecified', 128),
(8646, 'L57', 'Skin changes due to chronic exposure to nonionizing radiation', 128),
(8647, 'L57.0', 'Actinic keratosis', 128),
(8648, 'L57.1', 'Actinic reticuloid', 128),
(8649, 'L57.2', 'Cutis rhomboidalis nuchae', 128),
(8650, 'L57.3', 'Poikiloderma of Civatte', 128),
(8651, 'L57.4', 'Cutis laxa senilis', 128),
(8652, 'L57.5', 'Actinic granuloma', 128),
(8653, 'L57.8', 'Other skin changes due to chronic exposure to nonionizing radiation', 128),
(8654, 'L57.9', 'Skin changes due to chronic exposure to nonionizing radiation, unspecified', 128),
(8655, 'L58', 'Radiodermatitis', 128),
(8656, 'L58.0', 'Acute radiodermatitis', 128),
(8657, 'L58.1', 'Chronic radiodermatitis', 128),
(8658, 'L58.9', 'Radiodermatitis, unspecified', 128),
(8659, 'L59', 'Other disorders of skin and subcutaneous tissue related to radiation', 128),
(8660, 'L59.0', 'Erythema ab igne [dermatitis ab igne]', 128),
(8661, 'L59.8', 'Other specified disorders of skin and subcutaneous tissue related to radiation', 128),
(8662, 'L59.9', 'Disorder of skin and subcutaneous tissue related to radiation, unspecified', 128),
(8663, 'L60', 'Nail disorders', 129),
(8664, 'L60.0', 'Ingrowing nail', 129),
(8665, 'L60.1', 'Onycholysis', 129),
(8666, 'L60.2', 'Onychogryphosis', 129),
(8667, 'L60.3', 'Nail dystrophy', 129),
(8668, 'L60.4', 'Beau\'s lines', 129),
(8669, 'L60.5', 'Yellow nail syndrome', 129),
(8670, 'L60.8', 'Other nail disorders', 129),
(8671, 'L60.9', 'Nail disorder, unspecified', 129),
(8672, 'L63', 'Alopecia areata', 129),
(8673, 'L63.0', 'Alopecia (capitis) totalis', 129),
(8674, 'L63.1', 'Alopecia universalis', 129),
(8675, 'L63.2', 'Ophiasis', 129),
(8676, 'L63.8', 'Other alopecia areata', 129),
(8677, 'L63.9', 'Alopecia areata, unspecified', 129),
(8678, 'L64', 'Androgenic alopecia', 129),
(8679, 'L64.0', 'Drug-induced androgenic alopecia', 129),
(8680, 'L64.8', 'Other androgenic alopecia', 129),
(8681, 'L64.9', 'Androgenic alopecia, unspecified', 129),
(8682, 'L65', 'Other nonscarring hair loss', 129),
(8683, 'L65.0', 'Telogen effluvium', 129),
(8684, 'L65.1', 'Anagen effluvium', 129),
(8685, 'L65.2', 'Alopecia mucinosa', 129),
(8686, 'L65.8', 'Other specified nonscarring hair loss', 129),
(8687, 'L65.9', 'Nonscarring hair loss, unspecified', 129),
(8688, 'L66', 'Cicatricial alopecia [scarring hair loss]', 129),
(8689, 'L66.0', 'Pseudopelade', 129),
(8690, 'L66.1', 'Lichen planopilaris', 129),
(8691, 'L66.2', 'Folliculitis decalvans', 129),
(8692, 'L66.3', 'Perifolliculitis capitis abscedens', 129),
(8693, 'L66.4', 'Folliculitis ulerythematosa reticulata', 129),
(8694, 'L66.8', 'Other cicatricial alopecia', 129),
(8695, 'L66.9', 'Cicatricial alopecia, unspecified', 129),
(8696, 'L67', 'Hair color and hair shaft abnormalities', 129),
(8697, 'L67.0', 'Trichorrhexis nodosa', 129),
(8698, 'L67.1', 'Variations in hair color', 129),
(8699, 'L67.8', 'Other hair color and hair shaft abnormalities', 129),
(8700, 'L67.9', 'Hair color and hair shaft abnormality, unspecified', 129),
(8701, 'L68', 'Hypertrichosis', 129),
(8702, 'L68.0', 'Hirsutism', 129),
(8703, 'L68.1', 'Acquired hypertrichosis lanuginosa', 129),
(8704, 'L68.2', 'Localized hypertrichosis', 129),
(8705, 'L68.3', 'Polytrichia', 129),
(8706, 'L68.8', 'Other hypertrichosis', 129),
(8707, 'L68.9', 'Hypertrichosis, unspecified', 129),
(8708, 'L70', 'Acne', 129),
(8709, 'L70.0', 'Acne vulgaris', 129),
(8710, 'L70.1', 'Acne conglobata', 129),
(8711, 'L70.2', 'Acne varioliformis', 129),
(8712, 'L70.3', 'Acne tropica', 129),
(8713, 'L70.4', 'Infantile acne', 129),
(8714, 'L70.5', 'Acn excorie des jeunes filles', 129),
(8715, 'L70.8', 'Other acne', 129),
(8716, 'L70.9', 'Acne, unspecified', 129),
(8717, 'L71', 'Rosacea', 129),
(8718, 'L71.0', 'Perioral dermatitis', 129),
(8719, 'L71.1', 'Rhinophyma', 129),
(8720, 'L71.8', 'Other rosacea', 129),
(8721, 'L71.9', 'Rosacea, unspecified', 129),
(8722, 'L72', 'Follicular cysts of skin and subcutaneous tissue', 129),
(8723, 'L72.0', 'Epidermal cyst', 129),
(8724, 'L72.1', 'Trichilemmal cyst', 129),
(8725, 'L72.2', 'Steatocystoma multiplex', 129),
(8726, 'L72.8', 'Other follicular cysts of skin and subcutaneous tissue', 129),
(8727, 'L72.9', 'Follicular cyst of skin and subcutaneous tissue, unspecified', 129),
(8728, 'L73', 'Other follicular disorders', 129),
(8729, 'L73.0', 'Acne keloid', 129),
(8730, 'L73.1', 'Pseudofolliculitis barbae', 129),
(8731, 'L73.2', 'Hidradenitis suppurativa', 129),
(8732, 'L73.8', 'Other specified follicular disorders', 129),
(8733, 'L73.9', 'Follicular disorder, unspecified', 129),
(8734, 'L74', 'Eccrine sweat disorders', 129),
(8735, 'L74.0', 'Miliaria rubra', 129),
(8736, 'L74.1', 'Miliaria crystallina', 129),
(8737, 'L74.2', 'Miliaria profunda', 129),
(8738, 'L74.3', 'Miliaria, unspecified', 129),
(8739, 'L74.4', 'Anhidrosis', 129),
(8740, 'L74.8', 'Other eccrine sweat disorders', 129),
(8741, 'L74.9', 'Eccrine sweat disorder, unspecified', 129),
(8742, 'L75', 'Apocrine sweat disorders', 129),
(8743, 'L75.0', 'Bromhidrosis', 129),
(8744, 'L75.1', 'Chromhidrosis', 129),
(8745, 'L75.2', 'Apocrine miliaria', 129),
(8746, 'L75.8', 'Other apocrine sweat disorders', 129),
(8747, 'L75.9', 'Apocrine sweat disorder, unspecified', 129),
(8748, 'L80', 'Vitiligo', 130),
(8749, 'L81', 'Other disorders of pigmentation', 130),
(8750, 'L81.0', 'Postinflammatory hyperpigmentation', 130),
(8751, 'L81.1', 'Chloasma', 130),
(8752, 'L81.2', 'Freckles', 130),
(8753, 'L81.3', 'Caf au lait spots', 130),
(8754, 'L81.4', 'Other melanin hyperpigmentation', 130),
(8755, 'L81.5', 'Leukoderma, not elsewhere classified', 130),
(8756, 'L81.6', 'Other disorders of diminished melanin formation', 130),
(8757, 'L81.7', 'Pigmented purpuric dermatosis', 130),
(8758, 'L81.8', 'Other specified disorders of pigmentation', 130),
(8759, 'L81.9', 'Disorder of pigmentation, unspecified', 130),
(8760, 'L82', 'Seborrheic keratosis', 130),
(8761, 'L83', 'Acanthosis nigricans', 130),
(8762, 'L84', 'Corns and callousities', 130),
(8763, 'L85', 'Other epidermal thickening', 130),
(8764, 'L85.0', 'Acquired ichthyosis', 130),
(8765, 'L85.1', 'Acquired keratosis [keratoderma] palmaris et plantaris', 130),
(8766, 'L85.2', 'Keratosis punctata (palmaris et plantaris)', 130),
(8767, 'L85.3', 'Xerosis cutis', 130),
(8768, 'L85.8', 'Other specified epidermal thickening', 130),
(8769, 'L85.9', 'Epidermal thickening, unspecified', 130),
(8770, 'L87', 'Transepidermal elimination disorders', 130),
(8771, 'L87.0', 'Keratosis follicularis et parafollicularis in cutem penetrans [Kyrle]', 130),
(8772, 'L87.1', 'Reactive perforating collagenosis', 130),
(8773, 'L87.2', 'Elastosis perforans serpiginosa', 130),
(8774, 'L87.8', 'Other transepidermal elimination disorders', 130),
(8775, 'L87.9', 'Transepidermal elimination disorder, unspecified', 130),
(8776, 'L88', 'Pyoderma gangrenosum', 130),
(8777, 'L89', 'Decubitus ulcer', 130),
(8778, 'L90', 'Atrophic disorders of the skin', 130),
(8779, 'L90.0', 'Lichen sclerosus et atrophicus', 130),
(8780, 'L90.1', 'Anetoderma of Schweninger-Buzzi', 130),
(8781, 'L90.2', 'Anetoderma of Jadassohn-Pellizzari', 130),
(8782, 'L90.3', 'Atrophoderma of Pasini and Pierini', 130),
(8783, 'L90.4', 'Acrodermatitis chronica atrophicans', 130),
(8784, 'L90.5', 'Scar conditions and fibrosis of skin', 130),
(8785, 'L90.6', 'Striae atrophicae', 130),
(8786, 'L90.8', 'Other atrophic disorders of skin', 130),
(8787, 'L90.9', 'Atrophic disorder of skin, unspecified', 130),
(8788, 'L91', 'Hypertrophic disorders of the skin', 130),
(8789, 'L91.0', 'Keloid scar', 130),
(8790, 'L91.8', 'Other hypertrophic disorders of skin', 130),
(8791, 'L91.9', 'Hypertrophic disorder of skin, unspecified', 130),
(8792, 'L92', 'Granulomatous disorders of skin and subcutaneous tissue', 130),
(8793, 'L92.0', 'Granuloma annulare', 130),
(8794, 'L92.1', 'Necrobiosis lipoidica, not elsewhere classified', 130),
(8795, 'L92.2', 'Granuloma faciale [eosinophilic granuloma of skin]', 130),
(8796, 'L92.3', 'Foreign body granuloma of skin and subcutaneous tissue', 130),
(8797, 'L92.8', 'Other granulomatous disorders of skin and subcutaneous tissue', 130),
(8798, 'L92.9', 'Granulomatous disorder of skin and subcutaneous tissue, unspecified', 130),
(8799, 'L93', 'Lupus erythematosus', 130),
(8800, 'L93.0', 'Discoid lupus erythematosus', 130),
(8801, 'L93.1', 'Subacute cutaneous lupus erythematosus', 130),
(8802, 'L93.2', 'Other local lupus erythematosus', 130),
(8803, 'L94', 'Other localized connective tissue disorders', 130),
(8804, 'L94.0', 'Localized scleroderma [morphea]', 130),
(8805, 'L94.1', 'Linear scleroderma', 130),
(8806, 'L94.2', 'Calcinosis cutis', 130),
(8807, 'L94.3', 'Sclerodactyly', 130),
(8808, 'L94.4', 'Gottron\'s papules', 130),
(8809, 'L94.5', 'Poikiloderma vasculare atrophicans', 130),
(8810, 'L94.6', 'Ainhum', 130),
(8811, 'L94.8', 'Other specified localized connective tissue disorders', 130),
(8812, 'L94.9', 'Localized connective tissue disorder, unspecified', 130),
(8813, 'L95', 'Vasculitis limited to the skin, not elsewhere classified', 130),
(8814, 'L95.0', 'Livedoid vasculitis', 130),
(8815, 'L95.1', 'Erythema elevatum diutinum', 130),
(8816, 'L95.8', 'Other vasculitis limited to skin', 130),
(8817, 'L95.9', 'Vasculitis limited to skin, unspecified', 130),
(8818, 'L97', 'Ulcer of lower limb, not elsewhere classified', 130),
(8819, 'L98', 'Other disorders of skin and subcutaneous tissue, not elsewhere classified', 130),
(8820, 'L98.0', 'Pyogenic granuloma', 130),
(8821, 'L98.1', 'Factitial dermatitis', 130),
(8822, 'L98.2', 'Febrile neutrophilic dermatosis [Sweet]', 130),
(8823, 'L98.3', 'Eosinophilic cellulitis [Wells]', 130),
(8824, 'L98.4', 'Chronic ulcer of skin, not elsewhere classified', 130),
(8825, 'L98.5', 'Mucinosis of skin', 130),
(8826, 'L98.6', 'Other infiltrative disorders of skin and subcutaneous tissue', 130),
(8827, 'L98.8', 'Other specified disorders of skin and subcutaneous tissue', 130),
(8828, 'L98.9', 'Disorder of skin and subcutaneous tissue, unspecified', 130),
(8829, 'M00', 'Pyogenic arthritis', 132),
(8830, 'M00.0', 'Staphylococcal arthritis and polyarthritis', 132),
(8831, 'M00.1', 'Pneumococcal arthritis and polyarthritis', 132),
(8832, 'M00.2', 'Other streptococcal arthritis and polyarthritis', 132),
(8833, 'M00.8', 'Arthritis and polyarthritis due to other specified bacterial agents', 132),
(8834, 'M00.9', 'Pyogenic arthritis, unspecified', 132),
(8835, 'M02', 'Reactive arthropathies', 132),
(8836, 'M02.0', 'Arthropathy following intestinal bypass', 132),
(8837, 'M02.1', 'Postdysenteric arthropathy', 132),
(8838, 'M02.2', 'Postimmunization arthropathy', 132),
(8839, 'M02.3', 'Reiter\'s disease', 132),
(8840, 'M02.8', 'Other reactive arthropathies', 132),
(8841, 'M02.9', 'Reactive arthopathy, unspecified', 132),
(8842, 'M05', 'Seropositive rheumatoid arthritis', 133),
(8843, 'M05.0', 'Felty\'s syndrome', 133),
(8844, 'M05.1', 'Rheumatoid lung disease', 133),
(8845, 'M05.2', 'Rheumatoid vasculitis', 133),
(8846, 'M05.3', 'Rheumatoid arthritis with involvement of other organs and systems', 133),
(8847, 'M05.8', 'Other seropositive rheumatoid arthritis', 133),
(8848, 'M05.9', 'Seropositive rheumatoid arthritis, unspecified', 133),
(8849, 'M06', 'Other rheumatoid arthritis', 133),
(8850, 'M06.0', 'Seronegative rheumatoid arthritis', 133),
(8851, 'M06.1', 'Adult-onset Still\'s disease', 133),
(8852, 'M06.2', 'Rheumatoid bursitis', 133),
(8853, 'M06.3', 'Rheumatoid nodule', 133),
(8854, 'M06.4', 'Inflammatory polyarthropathy', 133),
(8855, 'M06.8', 'Other specified rheumatoid arthritis', 133),
(8856, 'M06.9', 'Rheumatoid arthritis, unspecified', 133),
(8857, 'M08', 'Juvenile arthritis', 133),
(8858, 'M08.0', 'Juvenile rheumatoid arthritis', 133),
(8859, 'M08.1', 'Juvenile ankylosing spondylitis', 133),
(8860, 'M08.2', 'Juvenile arthritis with systemic onset', 133),
(8861, 'M08.3', 'Juvenile polyarthritis (seronegative)', 133),
(8862, 'M08.4', 'Pauciarticular juvenile arthritis', 133),
(8863, 'M08.8', 'Other juvenile arthritis', 133),
(8864, 'M08.9', 'Juvenile arthritis, unspecified', 133),
(8865, 'M10', 'Gout', 133),
(8866, 'M10.0', 'Idiopathic gout', 133),
(8867, 'M10.1', 'Lead-induced gout', 133),
(8868, 'M10.2', 'Drug-induced gout', 133),
(8869, 'M10.3', 'Gout due to impairment of renal function', 133),
(8870, 'M10.4', 'Other secondary gout', 133),
(8871, 'M10.9', 'Gout, unspecified', 133),
(8872, 'M11', 'Other crystal arthropathies', 133),
(8873, 'M11.0', 'Hydroxyapatite deposition disease', 133),
(8874, 'M11.1', 'Familial chondrocalcinosis', 133),
(8875, 'M11.2', 'Other chondrocalcinosis', 133),
(8876, 'M11.8', 'Other specified crystal arthropathies', 133),
(8877, 'M11.9', 'Crystal arthropathy, unspecified', 133),
(8878, 'M12', 'Other specific arthropathies', 133),
(8879, 'M12.0', 'Chronic postrheumatic arthropathy [Jaccoud]', 133),
(8880, 'M12.1', 'Kaschin-Beck disease', 133),
(8881, 'M12.2', 'Villonodular synovitis (pigmented)', 133),
(8882, 'M12.3', 'Palindromic rheumatism', 133),
(8883, 'M12.4', 'Intermittent hydrarthrosis', 133),
(8884, 'M12.5', 'Traumatic arthropathy', 133),
(8885, 'M12.8', 'Other specific arthropathies, not elsewhere classified', 133),
(8886, 'M13', 'Other arthritis', 133),
(8887, 'M13.0', 'Polyarthritis, unspecified', 133),
(8888, 'M13.1', 'Monoarthritis, not elsewhere classified', 133),
(8889, 'M13.8', 'Other specified arthritis', 133),
(8890, 'M13.9', 'Arthritis, unspecified', 133),
(8891, 'M15', 'Polyarthrosis', 134),
(8892, 'M15.0', 'Primary generalized (osteo)arthrosis', 134),
(8893, 'M15.1', 'Heberden\'s nodes (with arthropathy)', 134),
(8894, 'M15.2', 'Bouchard\'s nodes (with arthropathy)', 134),
(8895, 'M15.3', 'Secondary multiple arthrosis', 134),
(8896, 'M15.4', 'Erosive (osteo)arthrosis', 134),
(8897, 'M15.8', 'Other polyarthrosis', 134),
(8898, 'M15.9', 'Polyarthrosis, unspecified', 134),
(8899, 'M16', 'Coxarthrosis [arthrosis of hip]', 134),
(8900, 'M16.0', 'Primary coxarthrosis, bilateral', 134),
(8901, 'M16.1', 'Other primary coxarthrosis', 134),
(8902, 'M16.2', 'Coxarthrosis resulting from dysplasia, bilateral', 134),
(8903, 'M16.3', 'Other dysplastic coxarthrosis', 134),
(8904, 'M16.4', 'Posttraumatic coxarthrosis, bilateral', 134),
(8905, 'M16.5', 'Other posttraumatic coxarthrosis', 134),
(8906, 'M16.6', 'Other secondary coxarthrosis, bilateral', 134),
(8907, 'M16.7', 'Other secondary coxarthrosis', 134),
(8908, 'M16.9', 'Coxarthrosis, unspecified', 134),
(8909, 'M17', 'Gonarthrosis [arthrosis of knee]', 134),
(8910, 'M17.0', 'Primary gonarthrosis, bilateral', 134),
(8911, 'M17.1', 'Other primary gonarthrosis', 134),
(8912, 'M17.2', 'Posttraumatic gonarthrosis, bilateral', 134),
(8913, 'M17.3', 'Other posttraumatic gonarthrosis', 134),
(8914, 'M17.4', 'Other secondary gonarthrosis, bilateral', 134),
(8915, 'M17.5', 'Other secondary gonarthrosis', 134),
(8916, 'M17.9', 'Gonarthrosis, unspecified', 134),
(8917, 'M18', 'Arthrosis of first carpometacarpal joint', 134),
(8918, 'M18.0', 'Primary arthrosis of first carpometacarpal joints, bilateral', 134),
(8919, 'M18.1', 'Other primary arthrosis of first carpometacarpal joint', 134),
(8920, 'M18.2', 'Posttraumatic arthrosis of first carpometacarpal joints, bilateral', 134),
(8921, 'M18.3', 'Other posttraumatic arthrosis of first carpometacarpal joint', 134),
(8922, 'M18.4', 'Other secondary arthrosis of first carpometacarpal joints, bilateral', 134),
(8923, 'M18.5', 'Other secondary arthrosis of first carpometacarpal joint', 134),
(8924, 'M18.9', 'Arthrosis of first carpometacarpal joint, unspecified', 134),
(8925, 'M19', 'Other arthrosis', 134),
(8926, 'M19.0', 'Primary arthrosis of other joints', 134),
(8927, 'M19.1', 'Posttraumatic arthrosis of other joints', 134),
(8928, 'M19.2', 'Secondary arthrosis of other joints', 134),
(8929, 'M19.8', 'Other specified arthrosis', 134),
(8930, 'M19.9', 'Arthrosis, unspecified', 134),
(8931, 'M20', 'Acquired deformities of fingers and toes', 135),
(8932, 'M20.0', 'Deformity of finger(s)', 135),
(8933, 'M20.1', 'Hallux valgus (acquired)', 135),
(8934, 'M20.2', 'Hallux rigidus', 135),
(8935, 'M20.3', 'Other deformity of hallux (acquired)', 135),
(8936, 'M20.4', 'Other hammer toe(s) (acquired)', 135),
(8937, 'M20.5', 'Other deformities of toe(s) (acquired)', 135),
(8938, 'M20.6', 'Acquired deformity of toe(s), unspecified', 135),
(8939, 'M21', 'Other acquired deformities of limbs', 135),
(8940, 'M21.0', 'Valgus deformity, not elsewhere classified', 135),
(8941, 'M21.1', 'Varus deformity, not elsewhere classified', 135),
(8942, 'M21.2', 'Flexion deformity', 135),
(8943, 'M21.3', 'Wrist or foot drop (acquired)', 135),
(8944, 'M21.4', 'Flat foot [pes planus] (acquired)', 135),
(8945, 'M21.5', 'Acquired clawhand, clubhand, clawfoot, and clubfoot', 135),
(8946, 'M21.6', 'Other acquired deformities of ankle and foot', 135),
(8947, 'M21.7', 'Unequal limb length (acquired)', 135),
(8948, 'M21.8', 'Other specified acquired deformities of limbs', 135),
(8949, 'M21.9', 'Acquired deformity of limb, unspecified', 135),
(8950, 'M22', 'Disorders of patella', 135),
(8951, 'M22.0', 'Recurrent dislocation of patella', 135),
(8952, 'M22.1', 'Recurrent subluxation of patella', 135),
(8953, 'M22.2', 'Patellofemoral disorders', 135),
(8954, 'M22.3', 'Other derangements of patella', 135),
(8955, 'M22.4', 'Chondromalacia patellae', 135),
(8956, 'M22.8', 'Other disorders of patella', 135),
(8957, 'M22.9', 'Disorder of patella, unspecified', 135),
(8958, 'M23', 'Internal derangement of knee', 135),
(8959, 'M23.0', 'Cystic meniscus', 135),
(8960, 'M23.1', 'Discoid meniscus (congenital)', 135),
(8961, 'M23.2', 'Derangement of meniscus due to old tear or injury', 135),
(8962, 'M23.3', 'Other meniscus derangements', 135),
(8963, 'M23.4', 'Loose body in knee', 135),
(8964, 'M23.5', 'Chronic instability of knee', 135),
(8965, 'M23.6', 'Other spontaneous disruption of ligament(s) of knee', 135),
(8966, 'M23.8', 'Other internal derangements of knee', 135),
(8967, 'M23.9', 'Internal derangement of knee, unspecified', 135),
(8968, 'M24', 'Other specific joint derangements', 135),
(8969, 'M24.0', 'Loose body in joint', 135),
(8970, 'M24.1', 'Other articular cartilage disorders', 135),
(8971, 'M24.2', 'Disorder of ligament', 135),
(8972, 'M24.3', 'Pathological dislocation and subluxation of joint, not elsewhere classified', 135),
(8973, 'M24.4', 'Recurrent dislocation and subluxation of joint', 135),
(8974, 'M24.5', 'Contracture of joint', 135),
(8975, 'M24.6', 'Ankylosis of joint', 135),
(8976, 'M24.7', 'Protrusio acetabuli', 135),
(8977, 'M24.8', 'Other specific joint derangements, not elsewhere classified', 135),
(8978, 'M24.9', 'Joint derangement, unspecified', 135),
(8979, 'M25', 'Other joint disorders, not elsewhere classified', 135),
(8980, 'M25.0', 'Hemarthrosis', 135),
(8981, 'M25.1', 'Fistula of joint', 135),
(8982, 'M25.2', 'Flail joint', 135),
(8983, 'M25.3', 'Other instability of joint', 135),
(8984, 'M25.4', 'Effusion of joint', 135),
(8985, 'M25.5', 'Pain in joint', 135),
(8986, 'M25.6', 'Stiffness of joint, not elsewhere classified', 135),
(8987, 'M25.7', 'Osteophyte', 135),
(8988, 'M25.8', 'Other specified joint disorders', 135),
(8989, 'M25.9', 'Joint disorder, unspecified', 135),
(8990, 'M30', 'Polyarteritis nodosa and related conditions', 136),
(8991, 'M30.0', 'Polyarteritis nodosa', 136),
(8992, 'M30.1', 'Polyarteritis with lung involvement [Churg-Strauss]', 136),
(8993, 'M30.2', 'Juvenile polyarteritis', 136),
(8994, 'M30.3', 'Mucocutaneous lymph node syndrome [Kawasaki]', 136),
(8995, 'M30.8', 'Other conditions related to polyarteritis nodosa', 136),
(8996, 'M31', 'Other necrotizing vasculopathies', 136),
(8997, 'M31.0', 'Hypersensitivity angiitis', 136),
(8998, 'M31.1', 'Thrombotic microangiopathy', 136),
(8999, 'M31.2', 'Lethal midline granuloma', 136),
(9000, 'M31.3', 'Wegener\'s granulomatosis', 136),
(9001, 'M31.4', 'Aortic arch syndrome [Takayasu]', 136),
(9002, 'M31.5', 'Giant cell arteritis with polymyalgia rheumatica', 136),
(9003, 'M31.6', 'Other giant cell arteritis', 136),
(9004, 'M31.8', 'Other specified necrotizing vasculopathies', 136),
(9005, 'M31.9', 'Necrotizing vasculopathy, unspecified', 136),
(9006, 'M32', 'Systemic lupus erythematosus', 136),
(9007, 'M32.0', 'Drug-induced systemic lupus erythematosus', 136),
(9008, 'M32.1', 'Systemic lupus erythematosus with organ or system involvement', 136),
(9009, 'M32.8', 'Other forms of systemic lupus erythematosus', 136),
(9010, 'M32.9', 'Systemic lupus erythematosus, unspecified', 136),
(9011, 'M33', 'Dermatopolymyositis', 136),
(9012, 'M33.0', 'Juvenile dermatomyositis', 136),
(9013, 'M33.1', 'Other dermatomyositis', 136),
(9014, 'M33.2', 'Polymyositis', 136),
(9015, 'M33.9', 'Dermatopolymyositis, unspecified', 136),
(9016, 'M34', 'Systemic sclerosis', 136),
(9017, 'M34.0', 'Progressive systemic sclerosis', 136),
(9018, 'M34.1', 'CR(E)ST syndrome', 136),
(9019, 'M34.2', 'Systemic sclerosis induced by drugs and chemicals', 136),
(9020, 'M34.8', 'Other forms of systemic sclerosis', 136),
(9021, 'M34.9', 'Systemic sclerosis, unspecified', 136),
(9022, 'M35', 'Other systemic involvement of connective tissue', 136),
(9023, 'M35.0', 'Sicca syndrome [Sjgren]', 136),
(9024, 'M35.1', 'Other overlap syndromes', 136),
(9025, 'M35.2', 'Behet\'s disease', 136),
(9026, 'M35.3', 'Polymyalgia rheumatica', 136),
(9027, 'M35.4', 'Diffuse (eosinophilic) fasciitis', 136),
(9028, 'M35.5', 'Multifocal fibrosclerosis', 136),
(9029, 'M35.6', 'Relapsing panniculitis [Weber-Christian]', 136),
(9030, 'M35.7', 'Hypermobility syndrome', 136),
(9031, 'M35.8', 'Other specified systemic involvement of connective tissue', 136),
(9032, 'M35.9', 'Systemic involvement of connective tissue, unspecified', 136),
(9033, 'M40', 'Kyphosis and lordosis', 138),
(9034, 'M40.0', 'Postural kyphosis', 138),
(9035, 'M40.1', 'Other secondary kyphosis', 138),
(9036, 'M40.2', 'Other and unspecified kyphosis', 138),
(9037, 'M40.3', 'Flatback syndrome', 138),
(9038, 'M40.4', 'Other lordosis', 138),
(9039, 'M40.5', 'Lordosis, unspecified', 138),
(9040, 'M41', 'Scoliosis', 138),
(9041, 'M41.0', 'Infantile idiopathic scoliosis', 138),
(9042, 'M41.1', 'Juvenile idiopathic scoliosis', 138),
(9043, 'M41.2', 'Other idiopathic scoliosis', 138),
(9044, 'M41.3', 'Thoracogenic scoliosis', 138),
(9045, 'M41.4', 'Neuromuscular scoliosis', 138),
(9046, 'M41.5', 'Other secondary scoliosis', 138),
(9047, 'M41.8', 'Other forms of scoliosis', 138),
(9048, 'M41.9', 'Scoliosis, unspecified', 138),
(9049, 'M42', 'Spinal osteochondrosis', 138),
(9050, 'M42.0', 'Juvenile osteochondrosis of spine', 138),
(9051, 'M42.1', 'Adult osteochondrosis of spine', 138),
(9052, 'M42.9', 'Spinal osteochondrosis, unspecified', 138),
(9053, 'M43', 'Other deforming dorsopathies', 138),
(9054, 'M43.0', 'Spondylolysis', 138),
(9055, 'M43.1', 'Spondylolisthesis', 138),
(9056, 'M43.2', 'Other fusion of spine', 138),
(9057, 'M43.3', 'Recurrent atlantoaxial subluxation with myelopathy', 138),
(9058, 'M43.4', 'Other recurrent atlantoaxial subluxation', 138),
(9059, 'M43.5', 'Other recurrent vertebral subluxation', 138),
(9060, 'M43.6', 'Torticollis', 138),
(9061, 'M43.8', 'Other specified deforming dorsopathies', 138),
(9062, 'M43.9', 'Deforming dorsopathy, unspecified', 138),
(9063, 'M45', 'Ankylosing spondylitis', 139),
(9064, 'M46', 'Other inflammatory spondylopathies', 139),
(9065, 'M46.0', 'Spinal enthesopathy', 139),
(9066, 'M46.1', 'Sacroiliitis, not elsewhere classified', 139),
(9067, 'M46.2', 'Osteomyelitis of vertebra', 139),
(9068, 'M46.3', 'Infection of intervertebral disc (pyogenic)', 139),
(9069, 'M46.4', 'Discitis, unspecified', 139),
(9070, 'M46.5', 'Other infective spondylopathies', 139),
(9071, 'M46.8', 'Other specified inflammatory spondylopathies', 139),
(9072, 'M46.9', 'Inflammatory spondylopathy, unspecified', 139),
(9073, 'M47', 'Spondylosis', 139),
(9074, 'M47.0', 'Anterior spinal and vertebral artery compression syndromes', 139),
(9075, 'M47.1', 'Other spondylosis with myelopathy', 139),
(9076, 'M47.2', 'Other spondylosis with radiculopathy', 139),
(9077, 'M47.8', 'Other spondylosis', 139),
(9078, 'M47.9', 'Spondylosis, unspecified', 139),
(9079, 'M48', 'Other spondylopathies', 139),
(9080, 'M48.0', 'Spinal stenosis', 139),
(9081, 'M48.1', 'Ankylosing hyperostosis [Forestier]', 139),
(9082, 'M48.2', 'Kissing spine', 139),
(9083, 'M48.3', 'Traumatic spondylopathy', 139),
(9084, 'M48.4', 'Fatigue fracture of vertebra', 139),
(9085, 'M48.5', 'Collapsed vertebra, not elsewhere classified', 139),
(9086, 'M48.8', 'Other specified spondylopathies', 139),
(9087, 'M48.9', 'Spondylopathy, unspecified', 139),
(9088, 'M50', 'Cervical disc disorders', 140),
(9089, 'M50.0', 'Cervical disc disorder with myelopathy', 140),
(9090, 'M50.1', 'Cervical disc disorder with radiculopathy', 140),
(9091, 'M50.2', 'Other cervical disc displacement', 140),
(9092, 'M50.3', 'Other cervical disc degeneration', 140),
(9093, 'M50.8', 'Other cervical disc disorders', 140),
(9094, 'M50.9', 'Cervical disc disorder, unspecified', 140),
(9095, 'M51', 'Other intervertebral disc disorders', 140),
(9096, 'M51.0', 'Lumbar and other intervertebral disc disorders with myelopathy', 140),
(9097, 'M51.1', 'Lumbar and other intervertebral disc disorders with radiculopathy', 140),
(9098, 'M51.2', 'Other specified intervertebral disc displacement', 140),
(9099, 'M51.3', 'Other specified intervertebral disc degeneration', 140),
(9100, 'M51.4', 'Schmorl\'s nodes', 140),
(9101, 'M51.8', 'Other specified intervertebral disc disorders', 140),
(9102, 'M51.9', 'Intervertebral disc disorder, unspecified', 140),
(9103, 'M53', 'Other dorsopathies, not elsewhere classified', 140),
(9104, 'M53.0', 'Cervicocranial syndrome', 140),
(9105, 'M53.1', 'Cervicobrachial syndrome', 140),
(9106, 'M53.2', 'Spinal instabilities', 140),
(9107, 'M53.3', 'Sacrococcygeal disorders, not elsewhere classified', 140),
(9108, 'M53.8', 'Other specified dorsopathies', 140),
(9109, 'M53.9', 'Dorsopathy, unspecified', 140),
(9110, 'M54', 'Dorsalgia', 140),
(9111, 'M54.0', 'Panniculitis affecting regions of neck and back', 140),
(9112, 'M54.1', 'Radiculopathy', 140),
(9113, 'M54.2', 'Cervicalgia', 140),
(9114, 'M54.3', 'Sciatica', 140),
(9115, 'M54.4', 'Lumbago with sciatica', 140),
(9116, 'M54.5', 'Low back pain', 140),
(9117, 'M54.6', 'Pain in thoracic spine', 140),
(9118, 'M54.8', 'Other dorsalgia', 140),
(9119, 'M54.9', 'Dorsalgia, unspecified', 140),
(9120, 'M60', 'Myositis', 142),
(9121, 'M60.0', 'Infective myositis', 142),
(9122, 'M60.1', 'Interstitial myositis', 142),
(9123, 'M60.2', 'Foreign body granuloma of soft tissue, not elsewhere classified', 142),
(9124, 'M60.8', 'Other myositis', 142),
(9125, 'M60.9', 'Myositis, unspecified', 142),
(9126, 'M61', 'Calcification and ossification of muscle', 142),
(9127, 'M61.0', 'Myositis ossificans traumatica', 142),
(9128, 'M61.1', 'Myositis ossificans progressiva', 142),
(9129, 'M61.2', 'Paralytic calcification and ossification of muscle', 142),
(9130, 'M61.3', 'Calcification and ossification of muscles associated with burns', 142),
(9131, 'M61.4', 'Other calcification of muscle', 142),
(9132, 'M61.5', 'Other ossification of muscle', 142),
(9133, 'M61.9', 'Calcification and ossification of muscle, unspecified', 142),
(9134, 'M62', 'Other disorders of muscle', 142),
(9135, 'M62.0', 'Diastasis of muscle', 142),
(9136, 'M62.1', 'Other rupture of muscle (nontraumatic)', 142),
(9137, 'M62.2', 'Ischemic infarction of muscle', 142),
(9138, 'M62.3', 'Immobility syndrome (paraplegic)', 142),
(9139, 'M62.4', 'Contracture of muscle', 142),
(9140, 'M62.5', 'Muscle wasting and atrophy, not elsewhere classified', 142),
(9141, 'M62.6', 'Muscle strain', 142),
(9142, 'M62.8', 'Other specified disorders of muscle', 142),
(9143, 'M62.9', 'Disorder of muscle, unspecified', 142),
(9144, 'M65', 'Synovitis and tenosynovitis', 143),
(9145, 'M65.0', 'Abscess of tendon sheath', 143),
(9146, 'M65.1', 'Other infective (teno)synovitis', 143),
(9147, 'M65.2', 'Calcific tendinitis', 143),
(9148, 'M65.3', 'Trigger finger', 143),
(9149, 'M65.4', 'Radial styloid tenosynovitis [de Quervain]', 143),
(9150, 'M65.8', 'Other synovitis and tenosynovitis', 143),
(9151, 'M65.9', 'Synovitis and tenosynovitis, unspecified', 143),
(9152, 'M66', 'Spontaneous rupture of synovium and tendon', 143),
(9153, 'M66.0', 'Rupture of popliteal cyst', 143),
(9154, 'M66.1', 'Rupture of synovium', 143),
(9155, 'M66.2', 'Spontaneous rupture of extensor tendons', 143),
(9156, 'M66.3', 'Spontaneous rupture of flexor tendons', 143),
(9157, 'M66.4', 'Spontaneous rupture of other tendons', 143),
(9158, 'M66.5', 'Spontaneous rupture of unspecified tendon', 143),
(9159, 'M67', 'Other disorders of synovium and tendon', 143),
(9160, 'M67.0', 'Short Achilles tendon (acquired)', 143),
(9161, 'M67.1', 'Other contracture of tendon (sheath)', 143),
(9162, 'M67.2', 'Synovial hypertrophy, not elsewhere classified', 143),
(9163, 'M67.3', 'Transient synovitis', 143),
(9164, 'M67.4', 'Ganglion', 143),
(9165, 'M67.8', 'Other specified disorders of synovium and tendon', 143),
(9166, 'M67.9', 'Disorder of synovium and tendon, unspecified', 143),
(9167, 'M70', 'Soft tissue disorders related to use, overuse, and pressure', 144),
(9168, 'M70.0', 'Chronic crepitant synovitis of hand and wrist', 144),
(9169, 'M70.1', 'Bursitis of hand', 144),
(9170, 'M70.2', 'Olecranon bursitis', 144),
(9171, 'M70.3', 'Other bursitis of elbow', 144),
(9172, 'M70.4', 'Prepatellar bursitis', 144),
(9173, 'M70.5', 'Other bursitis of knee', 144),
(9174, 'M70.6', 'Trochanteric bursitis', 144),
(9175, 'M70.7', 'Other bursitis of hip', 144),
(9176, 'M70.8', 'Other soft tissue disorders related to use, overuse, and pressure', 144),
(9177, 'M70.9', 'Unspecified soft tissue disorder related to use, overuse, and pressure', 144),
(9178, 'M71', 'Other bursopathies', 144),
(9179, 'M71.0', 'Abscess of bursa', 144),
(9180, 'M71.1', 'Other infective bursitis', 144),
(9181, 'M71.2', 'Synovial cyst of popliteal space [Baker]', 144),
(9182, 'M71.3', 'Other bursal cyst', 144),
(9183, 'M71.4', 'Calcium deposit in bursa', 144),
(9184, 'M71.5', 'Other bursitis, not elsewhere classified', 144),
(9185, 'M71.8', 'Other specified bursopathies', 144),
(9186, 'M71.9', 'Bursopathy, unspecified', 144),
(9187, 'M72', 'Fibroblastic disorders', 144),
(9188, 'M72.0', 'Palmar fascial fibromatosis [Dupuytren]', 144),
(9189, 'M72.1', 'Knuckle pads', 144),
(9190, 'M72.2', 'Plantar fascial fibromatosis', 144),
(9191, 'M72.3', 'Nodular fasciitis', 144),
(9192, 'M72.4', 'Pseudosarcomatous fibromatosis', 144),
(9193, 'M72.5', 'Fasciitis, not elsewhere classified', 144),
(9194, 'M72.8', 'Other fibroblastic disorders', 144),
(9195, 'M72.9', 'Fibroblastic disorder, unspecified', 144),
(9196, 'M75', 'Shoulder lesions', 144),
(9197, 'M75.0', 'Adhesive capsulitis of shoulder', 144),
(9198, 'M75.1', 'Rotator cuff syndrome', 144),
(9199, 'M75.2', 'Bicipital tendinitis', 144),
(9200, 'M75.3', 'Calcific tendinitis of shoulder', 144),
(9201, 'M75.4', 'Impingement syndrome of shoulder', 144),
(9202, 'M75.5', 'Bursitis of shoulder', 144),
(9203, 'M75.8', 'Other shoulder lesions', 144),
(9204, 'M75.9', 'Shoulder lesion, unspecified', 144),
(9205, 'M76', 'Enthesopathies of lower limb, excluding foot', 144),
(9206, 'M76.0', 'Gluteal tendinitis', 144),
(9207, 'M76.1', 'Psoas tendinitis', 144),
(9208, 'M76.2', 'Iliac crest spur', 144),
(9209, 'M76.3', 'Iliotibial band syndrome', 144),
(9210, 'M76.4', 'Tibial collateral bursitis [Pellegrini-Stieda]', 144),
(9211, 'M76.5', 'Patellar tendinitis', 144),
(9212, 'M76.6', 'Achilles tendinitis', 144),
(9213, 'M76.7', 'Peroneal tendinitis', 144),
(9214, 'M76.8', 'Other enthesopathies of lower limb, excluding foot', 144),
(9215, 'M76.9', 'Enthesopathy of lower limb, unspecified', 144),
(9216, 'M77', 'Other enthesopathies', 144),
(9217, 'M77.0', 'Medial epicondylitis', 144),
(9218, 'M77.1', 'Lateral epicondylitis', 144),
(9219, 'M77.2', 'Periarthritis of wrist', 144),
(9220, 'M77.3', 'Calcaneal spur', 144),
(9221, 'M77.4', 'Metatarsalgia', 144),
(9222, 'M77.5', 'Other enthesopathy of foot', 144),
(9223, 'M77.8', 'Other enthesopathies, not elsewhere classified', 144),
(9224, 'M77.9', 'Enthesopathy, unspecified', 144),
(9225, 'M79', 'Other soft tissue disorders, not elsewhere classified', 144),
(9226, 'M79.0', 'Rheumatism, unspecified', 144),
(9227, 'M79.1', 'Myalgia', 144),
(9228, 'M79.2', 'Neuralgia and neuritis, unspecified', 144),
(9229, 'M79.3', 'Panniculitis, unspecified', 144),
(9230, 'M79.4', 'Hypertrophy of (infrapatellar) fat pad', 144),
(9231, 'M79.5', 'Residual foreign body in soft tissue', 144),
(9232, 'M79.6', 'Pain in limb', 144),
(9233, 'M79.8', 'Other specified soft tissue disorders', 144),
(9234, 'M79.9', 'Soft tissue disorder, unspecified', 144),
(9235, 'M80', 'Osteoporosis with pathological fracture', 146),
(9236, 'M80.0', 'Postmenopausal osteoporosis with pathological fracture', 146),
(9237, 'M80.1', 'Postoophorectomy osteoporosis with pathological fracture', 146),
(9238, 'M80.2', 'Osteoporosis of disuse with pathological fracture', 146),
(9239, 'M80.3', 'Postsurgical malabsorption osteoporosis with pathological fracture', 146),
(9240, 'M80.4', 'Drug-induced osteoporosis with pathological fracture', 146),
(9241, 'M80.5', 'Idiopathic osteoporosis with pathological fracture', 146),
(9242, 'M80.8', 'Other osteoporosis with pathological fracture', 146),
(9243, 'M80.9', 'Unspecified osteoporosis with pathological fracture', 146),
(9244, 'M81', 'Osteoporosis without pathological fracture', 146),
(9245, 'M81.0', 'Postmenopausal osteoporosis', 146),
(9246, 'M81.1', 'Postoophorectomy osteoporosis', 146),
(9247, 'M81.2', 'Osteoporosis of disuse', 146),
(9248, 'M81.3', 'Postsurgical malabsorption osteoporosis', 146),
(9249, 'M81.4', 'Drug-induced osteoporosis', 146),
(9250, 'M81.5', 'Idiopathic osteoporosis', 146),
(9251, 'M81.6', 'Localized osteoporosis [Lequesne]', 146),
(9252, 'M81.8', 'Other osteoporosis', 146),
(9253, 'M81.9', 'Osteoporosis, unspecified', 146),
(9254, 'M83', 'Adult osteomalacia', 146),
(9255, 'M83.0', 'Puerperal osteomalacia', 146),
(9256, 'M83.1', 'Senile osteomalacia', 146),
(9257, 'M83.2', 'Adult osteomalacia due to malabsorption', 146),
(9258, 'M83.3', 'Adult osteomalacia due to malnutrition', 146),
(9259, 'M83.4', 'Aluminum bone disease', 146),
(9260, 'M83.5', 'Other drug-induced osteomalacia in adults', 146),
(9261, 'M83.8', 'Other adult osteomalacia', 146),
(9262, 'M83.9', 'Adult osteomalacia, unspecified', 146),
(9263, 'M84', 'Disorders of continuity of bone', 146),
(9264, 'M84.0', 'Malunion of fracture', 146),
(9265, 'M84.1', 'Nonunion of fracture [pseudarthrosis]', 146),
(9266, 'M84.2', 'Delayed union of fracture', 146),
(9267, 'M84.3', 'Stress fracture, not elsewhere classified', 146),
(9268, 'M84.4', 'Pathological fracture, not elsewhere classified', 146),
(9269, 'M84.8', 'Other disorders of continuity of bone', 146),
(9270, 'M84.9', 'Disorder of continuity of bone, unspecified', 146),
(9271, 'M85', 'Other disorders of bone density and structure', 146),
(9272, 'M85.0', 'Fibrous dysplasia (monostotic)', 146),
(9273, 'M85.1', 'Skeletal fluorosis', 146),
(9274, 'M85.2', 'Hyperostosis of skull', 146),
(9275, 'M85.3', 'Osteitis condensans', 146),
(9276, 'M85.4', 'Solitary bone cyst', 146),
(9277, 'M85.5', 'Aneurysmal bone cyst', 146),
(9278, 'M85.6', 'Other cyst of bone', 146),
(9279, 'M85.8', 'Other specified disorders of bone density and structure', 146),
(9280, 'M85.9', 'Disorder of bone density and structure, unspecified', 146),
(9281, 'M86', 'Osteomyelitis', 147),
(9282, 'M86.0', 'Acute hematogenous osteomyelitis', 147),
(9283, 'M86.1', 'Other acute osteomyelitis', 147),
(9284, 'M86.2', 'Subacute osteomyelitis', 147),
(9285, 'M86.3', 'Chronic multifocal osteomyelitis', 147),
(9286, 'M86.4', 'Chronic osteomyelitis with draining sinus', 147),
(9287, 'M86.5', 'Other chronic hematogenous osteomyelitis', 147),
(9288, 'M86.6', 'Other chronic osteomyelitis', 147),
(9289, 'M86.8', 'Other osteomyelitis', 147),
(9290, 'M86.9', 'Osteomyelitis, unspecified', 147),
(9291, 'M87', 'Osteonecrosis', 147),
(9292, 'M87.0', 'Idiopathic aseptic necrosis of bone', 147),
(9293, 'M87.1', 'Osteonecrosis due to drugs', 147),
(9294, 'M87.2', 'Osteonecrosis due to previous trauma', 147),
(9295, 'M87.3', 'Other secondary osteonecrosis', 147),
(9296, 'M87.8', 'Other osteonecrosis', 147),
(9297, 'M87.9', 'Osteonecrosis, unspecified', 147),
(9298, 'M88', 'Paget\'s disease of bone [osteitis deformans]', 147),
(9299, 'M88.0', 'Paget\'s disease of skull', 147),
(9300, 'M88.8', 'Paget\'s disease of other bones', 147),
(9301, 'M88.9', 'Paget\'s disease of bone, unspecified', 147),
(9302, 'M89', 'Other disorders of bone', 147),
(9303, 'M89.0', 'Algoneurodystrophy', 147),
(9304, 'M89.1', 'Epiphyseal arrest', 147),
(9305, 'M89.2', 'Other disorders of bone development and growth', 147),
(9306, 'M89.3', 'Hypertrophy of bone', 147),
(9307, 'M89.4', 'Other hypertrophic osteoarthropathy', 147),
(9308, 'M89.5', 'Osteolysis', 147),
(9309, 'M89.6', 'Osteopathy after poliomyelitis', 147),
(9310, 'M89.8', 'Other specified disorders of bone', 147),
(9311, 'M89.9', 'Disorder of bone, unspecified', 147),
(9312, 'M91', 'Juvenile osteochondrosis of hip and pelvis', 148),
(9313, 'M91.0', 'Juvenile osteochondrosis of pelvis', 148),
(9314, 'M91.1', 'Juvenile osteochondrosis of head of femur [Legg-Calv-Perthes]', 148),
(9315, 'M91.2', 'Coxa plana', 148),
(9316, 'M91.3', 'Pseudocoxalgia', 148),
(9317, 'M91.8', 'Other juvenile osteochondrosis of hip and pelvis', 148),
(9318, 'M91.9', 'Juvenile osteochondrosis of hip and pelvis, unspecified', 148),
(9319, 'M92', 'Other juvenile osteochondrosis', 148),
(9320, 'M92.0', 'Juvenile osteochondrosis of humerus', 148),
(9321, 'M92.1', 'Juvenile osteochondrosis of radius and ulna', 148),
(9322, 'M92.2', 'Juvenile osteochondrosis of hand', 148),
(9323, 'M92.3', 'Other juvenile osteochondrosis of upper limb', 148),
(9324, 'M92.4', 'Juvenile osteochondrosis of patella', 148),
(9325, 'M92.5', 'Juvenile osteochondrosis of tibia and fibula', 148),
(9326, 'M92.6', 'Juvenile osteochondrosis of tarsus', 148),
(9327, 'M92.7', 'Juvenile osteochondrosis of metatarsus', 148),
(9328, 'M92.8', 'Other specified juvenile osteochondrosis', 148),
(9329, 'M92.9', 'Juvenile osteochondrosis, unspecified', 148),
(9330, 'M93', 'Other osteochondropathies', 148),
(9331, 'M93.0', 'Slipped upper femoral epiphysis (nontraumatic)', 148),
(9332, 'M93.1', 'Kienbck\'s disease of adults', 148),
(9333, 'M93.2', 'Osteochondritis dissecans', 148),
(9334, 'M93.8', 'Other specified osteochondropathies', 148),
(9335, 'M93.9', 'Osteochondropathy, unspecified', 148),
(9336, 'M94', 'Other disorders of cartilage', 148),
(9337, 'M94.0', 'Chondrocostal junction syndrome [Tietze]', 148),
(9338, 'M94.1', 'Relapsing polychondritis', 148),
(9339, 'M94.2', 'Chondromalacia', 148),
(9340, 'M94.3', 'Chondrolysis', 148),
(9341, 'M94.8', 'Other specified disorders of cartilage', 148),
(9342, 'M94.9', 'Disorder of cartilage, unspecified', 148),
(9343, 'M95', 'Other acquired deformities of musculoskeletal system and connective tissue', 149),
(9344, 'M95.0', 'Acquired deformity of nose', 149),
(9345, 'M95.1', 'Cauliflower ear', 149),
(9346, 'M95.2', 'Other acquired deformity of head', 149),
(9347, 'M95.3', 'Acquired deformity of neck', 149),
(9348, 'M95.4', 'Acquired deformity of chest and rib', 149),
(9349, 'M95.5', 'Acquired deformity of pelvis', 149),
(9350, 'M95.8', 'Other specified acquired deformities of musculoskeletal system', 149),
(9351, 'M95.9', 'Acquired deformity of musculoskeletal system, unspecified', 149),
(9352, 'M99', 'Biomechanical lesions, not elsewhere classified', 149),
(9353, 'M99.0', 'Segmental and somatic dysfunction', 149),
(9354, 'M99.1', 'Subluxation complex (vertebral)', 149),
(9355, 'M99.2', 'Subluxation stenosis of neural canal', 149),
(9356, 'M99.3', 'Osseous stenosis of neural canal', 149),
(9357, 'M99.4', 'Connective tissue stenosis of neural canal', 149),
(9358, 'M99.5', 'Intervertebral disc stenosis of neural canal', 149),
(9359, 'M99.6', 'Osseous and subluxation stenosis of intervertebral foramina', 149),
(9360, 'M99.7', 'Connective tissue and disc stenosis of intervertebral foramina', 149),
(9361, 'M99.8', 'Other biomechanical lesions', 149),
(9362, 'M99.9', 'Biomechanical lesion, unspecified', 149),
(9363, 'N00', 'Acute nephritic syndrome', 150),
(9364, 'N00.0', 'Minor glomerular abnormality', 150),
(9365, 'N00.1', 'Focal and segmental glomerular lesions', 150),
(9366, 'N00.2', 'Diffuse membranous glomerulonephritis', 150),
(9367, 'N00.3', 'Diffuse mesangial proliferative glomerulonephritis', 150),
(9368, 'N00.4', 'Diffuse endocapillary proliferative glomerulonephritis', 150),
(9369, 'N00.5', 'Diffuse mesangiocapillary glomerulonephritis', 150),
(9370, 'N00.6', 'Dense deposit disease', 150),
(9371, 'N00.7', 'Diffuse crescentic glomerulonephritis', 150),
(9372, 'N00.8', 'Other', 150),
(9373, 'N00.9', 'Unspecified', 150),
(9374, 'N01', 'Rapidly progressive nephritic syndrome', 150),
(9375, 'N01.0', 'Minor glomerular abnormality', 150),
(9376, 'N01.1', 'Focal and segmental glomerular lesions', 150),
(9377, 'N01.2', 'Diffuse membranous glomerulonephritis', 150),
(9378, 'N01.3', 'Diffuse mesangial proliferative glomerulonephritis', 150),
(9379, 'N01.4', 'Diffuse endocapillary proliferative glomerulonephritis', 150),
(9380, 'N01.5', 'Diffuse mesangiocapillary glomerulonephritis', 150),
(9381, 'N01.6', 'Dense deposit disease', 150),
(9382, 'N01.7', 'Diffuse crescentic glomerulonephritis', 150),
(9383, 'N01.8', 'Other', 150),
(9384, 'N01.9', 'Unspecified', 150),
(9385, 'N02', 'Recurrent and persistent hematuria', 150),
(9386, 'N02.0', 'Minor glomerular abnormality', 150),
(9387, 'N02.1', 'Focal and segmental glomerular lesions', 150),
(9388, 'N02.2', 'Diffuse membranous glomerulonephritis', 150),
(9389, 'N02.3', 'Diffuse mesangial proliferative glomerulonephritis', 150),
(9390, 'N02.4', 'Diffuse endocapillary proliferative glomerulonephritis', 150),
(9391, 'N02.5', 'Diffuse mesangiocapillary glomerulonephritis', 150),
(9392, 'N02.6', 'Dense deposit disease', 150),
(9393, 'N02.7', 'Diffuse crescentic glomerulonephritis', 150),
(9394, 'N02.8', 'Other', 150),
(9395, 'N02.9', 'Unspecified', 150),
(9396, 'N03', 'Chronic nephritic syndrome', 150),
(9397, 'N03.0', 'Minor glomerular abnormality', 150),
(9398, 'N03.1', 'Focal and segmental glomerular lesions', 150),
(9399, 'N03.2', 'Diffuse membranous glomerulonephritis', 150),
(9400, 'N03.3', 'Diffuse mesangial proliferative glomerulonephritis', 150),
(9401, 'N03.4', 'Diffuse endocapillary proliferative glomerulonephritis', 150),
(9402, 'N03.5', 'Diffuse mesangiocapillary glomerulonephritis', 150),
(9403, 'N03.6', 'Dense deposit disease', 150),
(9404, 'N03.7', 'Diffuse crescentic glomerulonephritis', 150),
(9405, 'N03.8', 'Other', 150),
(9406, 'N03.9', 'Unspecified', 150),
(9407, 'N04', 'Nephrotic syndrome', 150),
(9408, 'N04.0', 'Minor glomerular abnormality', 150),
(9409, 'N04.1', 'Focal and segmental glomerular lesions', 150),
(9410, 'N04.2', 'Diffuse membranous glomerulonephritis', 150),
(9411, 'N04.3', 'Diffuse mesangial proliferative glomerulonephritis', 150),
(9412, 'N04.4', 'Diffuse endocapillary proliferative glomerulonephritis', 150),
(9413, 'N04.5', 'Diffuse mesangiocapillary glomerulonephritis', 150),
(9414, 'N04.6', 'Dense deposit disease', 150),
(9415, 'N04.7', 'Diffuse crescentic glomerulonephritis', 150),
(9416, 'N04.8', 'Other', 150),
(9417, 'N04.9', 'Unspecified', 150),
(9418, 'N05', 'Unspecified nephritic syndrome', 150),
(9419, 'N05.0', 'Minor glomerular abnormality', 150),
(9420, 'N05.1', 'Focal and segmental glomerular lesions', 150),
(9421, 'N05.2', 'Diffuse membranous glomerulonephritis', 150),
(9422, 'N05.3', 'Diffuse mesangial proliferative glomerulonephritis', 150),
(9423, 'N05.4', 'Diffuse endocapillary proliferative glomerulonephritis', 150),
(9424, 'N05.5', 'Diffuse mesangiocapillary glomerulonephritis', 150),
(9425, 'N05.6', 'Dense deposit disease', 150),
(9426, 'N05.7', 'Diffuse crescentic glomerulonephritis', 150),
(9427, 'N05.8', 'Other', 150),
(9428, 'N05.9', 'Unspecified', 150),
(9429, 'N06', 'Isolated proteinuria with specified morphological lesion', 150),
(9430, 'N06.0', 'Minor glomerular abnormality', 150),
(9431, 'N06.1', 'Focal and segmental glomerular lesions', 150),
(9432, 'N06.2', 'Diffuse membranous glomerulonephritis', 150),
(9433, 'N06.3', 'Diffuse mesangial proliferative glomerulonephritis', 150),
(9434, 'N06.4', 'Diffuse endocapillary proliferative glomerulonephritis', 150),
(9435, 'N06.5', 'Diffuse mesangiocapillary glomerulonephritis', 150),
(9436, 'N06.6', 'Dense deposit disease', 150),
(9437, 'N06.7', 'Diffuse crescentic glomerulonephritis', 150),
(9438, 'N06.8', 'Other', 150),
(9439, 'N06.9', 'Unspecified', 150),
(9440, 'N07', 'Hereditary nephropathy, not elsewhere classified', 150),
(9441, 'N07.0', 'Minor glomerular abnormality', 150),
(9442, 'N07.1', 'Focal and segmental glomerular lesions', 150),
(9443, 'N07.2', 'Diffuse membranous glomerulonephritis', 150),
(9444, 'N07.3', 'Diffuse mesangial proliferative glomerulonephritis', 150),
(9445, 'N07.4', 'Diffuse endocapillary proliferative glomerulonephritis', 150),
(9446, 'N07.5', 'Diffuse mesangiocapillary glomerulonephritis', 150),
(9447, 'N07.6', 'Dense deposit disease', 150),
(9448, 'N07.7', 'Diffuse crescentic glomerulonephritis', 150),
(9449, 'N07.8', 'Other', 150),
(9450, 'N07.9', 'Unspecified', 150),
(9451, 'N10', 'Acute tubulo-interstitial nephritis', 151),
(9452, 'N11', 'Chronic tubulo-interstitial nephritis', 151),
(9453, 'N11.0', 'Nonobstructive reflux-associated chronic pyelonephritis', 151),
(9454, 'N11.1', 'Chronic obstructive pyelonephritis', 151),
(9455, 'N11.8', 'Other chronic tubulo-interstitial nephritis', 151),
(9456, 'N11.9', 'Chronic tubulo-interstitial nephritis, unspecified', 151),
(9457, 'N12', 'Tubulo-interstitial nephritis, not specified as acute or chronic', 151),
(9458, 'N13', 'Obstructive and reflux uropathy', 151),
(9459, 'N13.0', 'Hydronephrosis with ureteropelvic junction obstruction', 151),
(9460, 'N13.1', 'Hydronephrosis with ureteral stricture, not elsewhere classified', 151),
(9461, 'N13.2', 'Hydronephrosis with renal and ureteral calculous obstruction', 151),
(9462, 'N13.3', 'Other and unspecified hydronephrosis', 151),
(9463, 'N13.4', 'Hydroureter', 151),
(9464, 'N13.5', 'Kinking and stricture of ureter without hydronephrosis', 151),
(9465, 'N13.6', 'Pyonephrosis', 151),
(9466, 'N13.7', 'Vesicoureteral-reflux-associated uropathy', 151),
(9467, 'N13.8', 'Other obstructive and reflux uropathy', 151),
(9468, 'N13.9', 'Obstructive and reflux uropathy, unspecified', 151);
INSERT INTO `diseases` (`id`, `disease_code`, `disease_name`, `section_id`) VALUES
(9469, 'N14', 'Drug- and heavy-metal-induced tubulo-interstitial and tubular conditions', 151),
(9470, 'N14.0', 'Analgesic nephropathy', 151),
(9471, 'N14.1', 'Nephropathy induced by other drugs, medicaments, and biological substances', 151),
(9472, 'N14.2', 'Nephropathy induced by unspecified drug, medicament, or biological substance', 151),
(9473, 'N14.3', 'Nephropathy induced by heavy metals', 151),
(9474, 'N14.4', 'Toxic nephropathy, not elsewhere classified', 151),
(9475, 'N15', 'Other renal tubulo-interstitial diseases', 151),
(9476, 'N15.0', 'Balkan nephropathy', 151),
(9477, 'N15.1', 'Renal and perinephric abscess', 151),
(9478, 'N15.8', 'Other specified renal tubulo-interstitial diseases', 151),
(9479, 'N15.9', 'Renal tubulo-interstitial disease, unspecified', 151),
(9480, 'N17', 'Acute renal failure', 152),
(9481, 'N17.0', 'Acute renal failure with tubular necrosis', 152),
(9482, 'N17.1', 'Acute renal failure with acute cortical necrosis', 152),
(9483, 'N17.2', 'Acute renal failure with medullary necrosis', 152),
(9484, 'N17.8', 'Other acute renal failure', 152),
(9485, 'N17.9', 'Acute renal failure, unspecified', 152),
(9486, 'N18', 'Chronic renal failure', 152),
(9487, 'N18.0', 'End-stage renal disease', 152),
(9488, 'N18.8', 'Other chronic renal failure', 152),
(9489, 'N18.9', 'Chronic renal failure, unspecified', 152),
(9490, 'N19', 'Unspecified renal failure', 152),
(9491, 'N20', 'Calculus of kidney and ureter', 153),
(9492, 'N20.0', 'Calculus of kidney', 153),
(9493, 'N20.1', 'Calculus of ureter', 153),
(9494, 'N20.2', 'Calculus of kidney with calculus of ureter', 153),
(9495, 'N20.9', 'Urinary calculus, unspecified', 153),
(9496, 'N21', 'Calculus of lower urinary tract', 153),
(9497, 'N21.0', 'Calculus in bladder', 153),
(9498, 'N21.1', 'Calculus in urethra', 153),
(9499, 'N21.8', 'Other lower urinary tract calculus', 153),
(9500, 'N21.9', 'Calculus of lower urinary tract, unspecified', 153),
(9501, 'N23', 'Unspecified renal colic', 153),
(9502, 'N25', 'Disorders resulting from impaired renal tubular function', 154),
(9503, 'N25.0', 'Renal osteodystrophy', 154),
(9504, 'N25.1', 'Nephrogenic diabetes insipidus', 154),
(9505, 'N25.8', 'Other disorders resulting from impaired renal tubular function', 154),
(9506, 'N25.9', 'Disorder resulting from impaired renal tubular function, unspecified', 154),
(9507, 'N26', 'Unspecified contracted kidney', 154),
(9508, 'N27', 'Small kidney of unknown cause', 154),
(9509, 'N27.0', 'Small kidney, unilateral', 154),
(9510, 'N27.1', 'Small kidney, bilateral', 154),
(9511, 'N27.9', 'Small kidney, unspecified', 154),
(9512, 'N28', 'Other disorders of kidney and ureter, not elsewhere classified', 154),
(9513, 'N28.0', 'Ischemia and infarction of kidney', 154),
(9514, 'N28.1', 'Cyst of kidney, acquired', 154),
(9515, 'N28.8', 'Other specified disorders of kidney and ureter', 154),
(9516, 'N28.9', 'Disorder of kidney and ureter, unspecified', 154),
(9517, 'N30', 'Cystitis', 155),
(9518, 'N30.0', 'Acute cystitis', 155),
(9519, 'N30.1', 'Interstitial cystitis (chronic)', 155),
(9520, 'N30.2', 'Other chronic cystitis', 155),
(9521, 'N30.3', 'Trigonitis', 155),
(9522, 'N30.4', 'Irradiation cystitis', 155),
(9523, 'N30.8', 'Other cystitis', 155),
(9524, 'N30.9', 'Cystitis, unspecified', 155),
(9525, 'N31', 'Neuromuscular dysfunction of bladder, not elsewhere classified', 155),
(9526, 'N31.0', 'Uninhibited neuropathic bladder, not elsewhere classified', 155),
(9527, 'N31.1', 'Reflex neuropathic bladder, not elsewhere classified', 155),
(9528, 'N31.2', 'Flaccid neuropathic bladder, not elsewhere classified', 155),
(9529, 'N31.8', 'Other neuromuscular dysfunction of bladder', 155),
(9530, 'N31.9', 'Neuromuscular dysfunction of bladder, unspecified', 155),
(9531, 'N32', 'Other disorders of bladder', 155),
(9532, 'N32.0', 'Bladder-neck obstruction', 155),
(9533, 'N32.1', 'Vesicointestinal fistula', 155),
(9534, 'N32.2', 'Vesical fistula, not elsewhere classified', 155),
(9535, 'N32.3', 'Diverticulum of bladder', 155),
(9536, 'N32.4', 'Rupture of bladder, nontraumatic', 155),
(9537, 'N32.8', 'Other specified disorders of bladder', 155),
(9538, 'N32.9', 'Bladder disorder, unspecified', 155),
(9539, 'N34', 'Urethritis and urethral syndrome', 155),
(9540, 'N34.0', 'Urethral abscess', 155),
(9541, 'N34.1', 'Nonspecific urethritis', 155),
(9542, 'N34.2', 'Other urethritis', 155),
(9543, 'N34.3', 'Urethral syndrome, unspecified', 155),
(9544, 'N35', 'Urethral stricture', 155),
(9545, 'N35.0', 'Posttraumatic urethral stricture', 155),
(9546, 'N35.1', 'Postinfective urethral stricture, not elsewhere classified', 155),
(9547, 'N35.8', 'Other urethral stricture', 155),
(9548, 'N35.9', 'Urethral stricture, unspecified', 155),
(9549, 'N36', 'Other disorders of urethra', 155),
(9550, 'N36.0', 'Urethral fistula', 155),
(9551, 'N36.1', 'Urethral diverticulum', 155),
(9552, 'N36.2', 'Urethral caruncle', 155),
(9553, 'N36.3', 'Prolapsed urethral mucosa', 155),
(9554, 'N36.8', 'Other specified disorders of urethra', 155),
(9555, 'N36.9', 'Urethral disorder, unspecified', 155),
(9556, 'N39', 'Other disorders of urinary system', 155),
(9557, 'N39.0', 'Urinary tract infection, site not specified', 155),
(9558, 'N39.1', 'Persistent proteinuria, unspecified', 155),
(9559, 'N39.2', 'Orthostatic proteinuria, unspecified', 155),
(9560, 'N39.3', 'Stress incontinence', 155),
(9561, 'N39.4', 'Other specified urinary incontinence', 155),
(9562, 'N39.8', 'Other specified disorders of urinary system', 155),
(9563, 'N39.9', 'Disorder of urinary system, unspecified', 155),
(9564, 'N40', 'Hyperplasia of prostate', 156),
(9565, 'N41', 'Inflammatory diseases of prostate', 156),
(9566, 'N41.0', 'Acute prostatitis', 156),
(9567, 'N41.1', 'Chronic prostatitis', 156),
(9568, 'N41.2', 'Abscess of prostate', 156),
(9569, 'N41.3', 'Prostatocystitis', 156),
(9570, 'N41.8', 'Other inflammatory diseases of prostate', 156),
(9571, 'N41.9', 'Inflammatory disease of prostate, unspecified', 156),
(9572, 'N42', 'Other disorders of prostate', 156),
(9573, 'N42.0', 'Calculus of prostate', 156),
(9574, 'N42.1', 'Congestion and hemorrhage of prostate', 156),
(9575, 'N42.2', 'Atrophy of prostate', 156),
(9576, 'N42.8', 'Other specified disorders of prostate', 156),
(9577, 'N42.9', 'Disorder of prostate, unspecified', 156),
(9578, 'N43', 'Hydrocele and spermatocele', 156),
(9579, 'N43.0', 'Encysted hydrocele', 156),
(9580, 'N43.1', 'Infected hydrocele', 156),
(9581, 'N43.2', 'Other hydrocele', 156),
(9582, 'N43.3', 'Hydrocele, unspecified', 156),
(9583, 'N43.4', 'Spermatocele', 156),
(9584, 'N44', 'Torsion of testis', 156),
(9585, 'N45', 'Orchitis and epididymitis', 156),
(9586, 'N45.0', 'Orchitis, epididymitis, and epididymo-orchitis with abscess', 156),
(9587, 'N45.9', 'Orchitis, epididymitis, and epididymo-orchitis without abscess', 156),
(9588, 'N46', 'Male infertility', 156),
(9589, 'N47', 'Redundant prepuce, phimosis, and paraphimosis', 156),
(9590, 'N48', 'Other disorders of penis', 156),
(9591, 'N48.0', 'Leukoplakia of penis', 156),
(9592, 'N48.1', 'Balanoposthitis', 156),
(9593, 'N48.2', 'Other inflammatory disorders of penis', 156),
(9594, 'N48.3', 'Priapism', 156),
(9595, 'N48.4', 'Impotence of organic origin', 156),
(9596, 'N48.5', 'Ulcer of penis', 156),
(9597, 'N48.6', 'Balanitis xerotica obliterans', 156),
(9598, 'N48.8', 'Other specified disorders of penis', 156),
(9599, 'N48.9', 'Disorder of penis, unspecified', 156),
(9600, 'N49', 'Inflammatory disorders of male genital organs, not elsewhere classified', 156),
(9601, 'N49.0', 'Inflammatory disorders of seminal vesicle', 156),
(9602, 'N49.1', 'Inflammatory disorders of spermatic cord, tunica vaginalis, and vas deferens', 156),
(9603, 'N49.2', 'Inflammatory disorders of scrotum', 156),
(9604, 'N49.8', 'Inflammatory disorders of other specified male genital organs', 156),
(9605, 'N49.9', 'Inflammatory disorder of unspecified male genital organ', 156),
(9606, 'N50', 'Other disorders of male genital organs', 156),
(9607, 'N50.0', 'Atrophy of testis', 156),
(9608, 'N50.1', 'Vascular disorders of male genital organs', 156),
(9609, 'N50.8', 'Other specified disorders of male genital organs', 156),
(9610, 'N50.9', 'Disorder of male genital organs, unspecified', 156),
(9611, 'N60', 'Benign mammary dysplasia', 157),
(9612, 'N60.0', 'Solitary cyst of breast', 157),
(9613, 'N60.1', 'Diffuse cystic mastopathy', 157),
(9614, 'N60.2', 'Fibroadenosis of breast', 157),
(9615, 'N60.3', 'Fibrosclerosis of breast', 157),
(9616, 'N60.4', 'Mammary duct ectasia', 157),
(9617, 'N60.8', 'Other benign mammary dysplasias', 157),
(9618, 'N60.9', 'Benign mammary dysplasia, unspecified', 157),
(9619, 'N61', 'Inflammatory disorders of breast', 157),
(9620, 'N62', 'Hypertrophy of breast', 157),
(9621, 'N63', 'Unspecified lump in breast', 157),
(9622, 'N64', 'Other disorders of breast', 157),
(9623, 'N64.0', 'Fissure and fistula of nipple', 157),
(9624, 'N64.1', 'Fat necrosis of breast', 157),
(9625, 'N64.2', 'Atrophy of breast', 157),
(9626, 'N64.3', 'Galactorrhea not associated with childbirth', 157),
(9627, 'N64.4', 'Mastodynia', 157),
(9628, 'N64.5', 'Other signs and symptoms in breast', 157),
(9629, 'N64.8', 'Other specified disorders of breast', 157),
(9630, 'N64.9', 'Disorder of breast, unspecified', 157),
(9631, 'N70', 'Salpingitis and oophoritis', 158),
(9632, 'N70.0', 'Acute salpingitis and oophoritis', 158),
(9633, 'N70.1', 'Chronic salpingitis and oophoritis', 158),
(9634, 'N70.9', 'Salpingitis and oophoritis, unspecified', 158),
(9635, 'N71', 'Inflammatory disease of uterus, except cervix', 158),
(9636, 'N71.0', 'Acute inflammatory disease of uterus', 158),
(9637, 'N71.1', 'Chronic inflammatory disease of uterus', 158),
(9638, 'N71.9', 'Inflammatory disease of uterus, unspecified', 158),
(9639, 'N72', 'Inflammatory disease of cervix uteri', 158),
(9640, 'N73', 'Other female pelvic inflammatory diseases', 158),
(9641, 'N73.0', 'Acute parametritis and pelvic cellulitis', 158),
(9642, 'N73.1', 'Chronic parametritis and pelvic cellulitis', 158),
(9643, 'N73.2', 'Unspecified parametritis and pelvic cellulitis', 158),
(9644, 'N73.3', 'Female acute pelvic peritonitis', 158),
(9645, 'N73.4', 'Female chronic pelvic peritonitis', 158),
(9646, 'N73.5', 'Female pelvic peritonitis, unspecified', 158),
(9647, 'N73.6', 'Female pelvic peritoneal adhesions', 158),
(9648, 'N73.8', 'Other specified female pelvic inflammatory diseases', 158),
(9649, 'N73.9', 'Female pelvic inflammatory disease, unspecified', 158),
(9650, 'N75', 'Diseases of Bartholin\'s gland', 158),
(9651, 'N75.0', 'Cyst of Bartholin\'s gland', 158),
(9652, 'N75.1', 'Abscess of Bartholin\'s gland', 158),
(9653, 'N75.8', 'Other diseases of Bartholin\'s gland', 158),
(9654, 'N75.9', 'Disease of Bartholin\'s gland, unspecified', 158),
(9655, 'N76', 'Other inflammation of vagina and vulva', 158),
(9656, 'N76.0', 'Acute vaginitis', 158),
(9657, 'N76.1', 'Subacute and chronic vaginitis', 158),
(9658, 'N76.2', 'Acute vulvitis', 158),
(9659, 'N76.3', 'Subacute and chronic vulvitis', 158),
(9660, 'N76.4', 'Abscess of vulva', 158),
(9661, 'N76.5', 'Ulceration of vagina', 158),
(9662, 'N76.6', 'Ulceration of vulva', 158),
(9663, 'N76.8', 'Other specified inflammation of vagina and vulva', 158),
(9664, 'N80', 'Endometriosis', 159),
(9665, 'N80.0', 'Endometriosis of uterus', 159),
(9666, 'N80.1', 'Endometriosis of ovary', 159),
(9667, 'N80.2', 'Endometriosis of fallopian tube', 159),
(9668, 'N80.3', 'Endometriosis of pelvic peritoneum', 159),
(9669, 'N80.4', 'Endometriosis of rectovaginal septum and vagina', 159),
(9670, 'N80.5', 'Endometriosis of intestine', 159),
(9671, 'N80.6', 'Endometriosis in cutaneous scar', 159),
(9672, 'N80.8', 'Other endometriosis', 159),
(9673, 'N80.9', 'Endometriosis, unspecified', 159),
(9674, 'N81', 'Female genital prolapse', 159),
(9675, 'N81.0', 'Female urethrocele', 159),
(9676, 'N81.1', 'Cystocele', 159),
(9677, 'N81.2', 'Incomplete uterovaginal prolapse', 159),
(9678, 'N81.3', 'Complete uterovaginal prolapse', 159),
(9679, 'N81.4', 'Uterovaginal prolapse, unspecified', 159),
(9680, 'N81.5', 'Vaginal enterocele', 159),
(9681, 'N81.6', 'Rectocele', 159),
(9682, 'N81.8', 'Other female genital prolapse', 159),
(9683, 'N81.9', 'Female genital prolapse, unspecified', 159),
(9684, 'N82', 'Fistulae involving female genital tract', 159),
(9685, 'N82.0', 'Vesicovaginal fistula', 159),
(9686, 'N82.1', 'Other female urinary-genital tract fistulae', 159),
(9687, 'N82.2', 'Fistula of vagina to small intestine', 159),
(9688, 'N82.3', 'Fistula of vagina to large intestine', 159),
(9689, 'N82.4', 'Other female intestinal-genital tract fistulae', 159),
(9690, 'N82.5', 'Female genital tract-skin fistulae', 159),
(9691, 'N82.8', 'Other female genital tract fistulae', 159),
(9692, 'N82.9', 'Female genital tract fistula, unspecified', 159),
(9693, 'N83', 'Noninflammatory disorders of ovary, fallopian tube, and broad ligament', 159),
(9694, 'N83.0', 'Follicular cyst of ovary', 159),
(9695, 'N83.1', 'Corpus luteum cyst', 159),
(9696, 'N83.2', 'Other and unspecified ovarian cysts', 159),
(9697, 'N83.3', 'Acquired atrophy of ovary and fallopian tube', 159),
(9698, 'N83.4', 'Prolapse and hernia of ovary and fallopian tube', 159),
(9699, 'N83.5', 'Torsion of ovary, ovarian pedicle, and fallopian tube', 159),
(9700, 'N83.6', 'Hematosalpinx', 159),
(9701, 'N83.7', 'Hematoma of broad ligament', 159),
(9702, 'N83.8', 'Other noninflammatory disorders of ovary, fallopian tube, and broad ligament', 159),
(9703, 'N83.9', 'Noninflammatory disorder of ovary, fallopian tube, and broad ligament, unspecified', 159),
(9704, 'N84', 'Polyp of female genital tract', 159),
(9705, 'N84.0', 'Polyp of corpus uteri', 159),
(9706, 'N84.1', 'Polyp of cervix uteri', 159),
(9707, 'N84.2', 'Polyp of vagina', 159),
(9708, 'N84.3', 'Polyp of vulva', 159),
(9709, 'N84.8', 'Polyp of other parts of female genital tract', 159),
(9710, 'N84.9', 'Polyp of female genital tract, unspecified', 159),
(9711, 'N85', 'Other noninflammatory disorders of uterus, except cervix', 159),
(9712, 'N85.0', 'Endometrial glandular hyperplasia', 159),
(9713, 'N85.1', 'Endometrial adenomatous hyperplasia', 159),
(9714, 'N85.2', 'Hypertrophy of uterus', 159),
(9715, 'N85.3', 'Subinvolution of uterus', 159),
(9716, 'N85.4', 'Malposition of uterus', 159),
(9717, 'N85.5', 'Inversion of uterus', 159),
(9718, 'N85.6', 'Intrauterine synechiae', 159),
(9719, 'N85.7', 'Hematometra', 159),
(9720, 'N85.8', 'Other specified noninflammatory disorders of uterus', 159),
(9721, 'N85.9', 'Noninflammatory disorder of uterus, unspecified', 159),
(9722, 'N86', 'Erosion and ectropion of cervix uteri', 159),
(9723, 'N87', 'Dysplasia of cervix uteri', 159),
(9724, 'N87.0', 'Mild cervical dysplasia', 159),
(9725, 'N87.1', 'Moderate cervical dysplasia', 159),
(9726, 'N87.2', 'Severe cervical dysplasia, not elsewhere classified', 159),
(9727, 'N87.9', 'Dysplasia of cervix uteri, unspecified', 159),
(9728, 'N88', 'Other noninflammatory disorders of cervix uteri', 159),
(9729, 'N88.0', 'Leukoplakia of cervix uteri', 159),
(9730, 'N88.1', 'Old laceration of cervix uteri', 159),
(9731, 'N88.2', 'Stricture and stenosis of cervix uteri', 159),
(9732, 'N88.3', 'Incompetence of cervix uteri', 159),
(9733, 'N88.4', 'Hypertrophic elongation of cervix uteri', 159),
(9734, 'N88.8', 'Other specified noninflammatory disorders of cervix uteri', 159),
(9735, 'N88.9', 'Noninflammatory disorder of cervix uteri, unspecified', 159),
(9736, 'N89', 'Other noninflammatory disorders of vagina', 159),
(9737, 'N89.0', 'Mild vaginal dysplasia', 159),
(9738, 'N89.1', 'Moderate vaginal dysplasia', 159),
(9739, 'N89.2', 'Severe vaginal dysplasia, not elsewhere classified', 159),
(9740, 'N89.3', 'Dysplasia of vagina, unspecified', 159),
(9741, 'N89.4', 'Leukoplakia of vagina', 159),
(9742, 'N89.5', 'Stricture and atresia of vagina', 159),
(9743, 'N89.6', 'Tight hymenal ring', 159),
(9744, 'N89.7', 'Hematocolpos', 159),
(9745, 'N89.8', 'Other specified noninflammatory disorders of vagina', 159),
(9746, 'N89.9', 'Noninflammatory disorder of vagina, unspecified', 159),
(9747, 'N90', 'Other noninflammatory disorders of vulva and perineum', 159),
(9748, 'N90.0', 'Mild vulvar dysplasia', 159),
(9749, 'N90.1', 'Moderate vulvar dysplasia', 159),
(9750, 'N90.2', 'Severe vulvar dysplasia, not elsewhere classified', 159),
(9751, 'N90.3', 'Dysplasia of vulva, unspecified', 159),
(9752, 'N90.4', 'Leukoplakia of vulva', 159),
(9753, 'N90.5', 'Atrophy of vulva', 159),
(9754, 'N90.6', 'Hypertrophy of vulva', 159),
(9755, 'N90.7', 'Vulvar cyst', 159),
(9756, 'N90.8', 'Other specified noninflammatory disorders of vulva and perineum', 159),
(9757, 'N90.9', 'Noninflammatory disorder of vulva and perineum, unspecified', 159),
(9758, 'N91', 'Absent, scanty, and rare menstruation', 159),
(9759, 'N91.0', 'Primary amenorrhea', 159),
(9760, 'N91.1', 'Secondary amenorrhea', 159),
(9761, 'N91.2', 'Amenorrhea, unspecified', 159),
(9762, 'N91.3', 'Primary oligomenorrhea', 159),
(9763, 'N91.4', 'Secondary oligomenorrhea', 159),
(9764, 'N91.5', 'Oligomenorrhea, unspecified', 159),
(9765, 'N92', 'Excessive, frequent, and irregular menstruation', 159),
(9766, 'N92.0', 'Excessive and frequent menstruation with regular cycle', 159),
(9767, 'N92.1', 'Excessive and frequent menstruation with irregular cycle', 159),
(9768, 'N92.2', 'Excessive menstruation at puberty', 159),
(9769, 'N92.3', 'Ovulation bleeding', 159),
(9770, 'N92.4', 'Excessive bleeding in the premenopausal period', 159),
(9771, 'N92.5', 'Other specified irregular menstruation', 159),
(9772, 'N92.6', 'Irregular menstruation, unspecified', 159),
(9773, 'N93', 'Other abnormal uterine and vaginal bleeding', 159),
(9774, 'N93.0', 'Postcoital and contact bleeding', 159),
(9775, 'N93.8', 'Other specified abnormal uterine and vaginal bleeding', 159),
(9776, 'N93.9', 'Abnormal uterine and vaginal bleeding, unspecified', 159),
(9777, 'N94', 'Pain and other conditions associated with female genital organs and menstrual cycle', 159),
(9778, 'N94.0', 'Mittelschmerz', 159),
(9779, 'N94.1', 'Dyspareunia', 159),
(9780, 'N94.2', 'Vaginismus', 159),
(9781, 'N94.3', 'Premenstrual tension syndrome', 159),
(9782, 'N94.4', 'Primary dysmenorrhea', 159),
(9783, 'N94.5', 'Secondary dysmenorrhea', 159),
(9784, 'N94.6', 'Dysmenorrhea, unspecified', 159),
(9785, 'N94.8', 'Other specified conditions associated with female genital organs and menstrual cycle', 159),
(9786, 'N94.9', 'Unspecified condition associated with female genital organs and menstrual cycle', 159),
(9787, 'N95', 'Menopausal and other perimenopausal disorders', 159),
(9788, 'N95.0', 'Postmenopausal bleeding', 159),
(9789, 'N95.1', 'Menopausal and female climacteric states', 159),
(9790, 'N95.2', 'Postmenopausal atrophic vaginitis', 159),
(9791, 'N95.3', 'States associated with artificial menopause', 159),
(9792, 'N95.8', 'Other specified menopausal and perimenopausal disorders', 159),
(9793, 'N95.9', 'Menopausal and perimenopausal disorder, unspecified', 159),
(9794, 'N96', 'Habitual aborter', 159),
(9795, 'N97', 'Female infertility', 159),
(9796, 'N97.0', 'Female infertility associated with anovulation', 159),
(9797, 'N97.1', 'Female infertility of tubal origin', 159),
(9798, 'N97.2', 'Female infertility of uterine origin', 159),
(9799, 'N97.3', 'Female infertility of cervical origin', 159),
(9800, 'N97.4', 'Female infertility associated with male factors', 159),
(9801, 'N97.8', 'Female infertility of other origin', 159),
(9802, 'N97.9', 'Female infertility, unspecified', 159),
(9803, 'N98', 'Complications associated with artificial fertilization', 159),
(9804, 'N98.0', 'Infection associated with artificial insemination', 159),
(9805, 'N98.1', 'Hyperstimulation of ovaries', 159),
(9806, 'N98.2', 'Complications of attempted introduction of fertilized ovum following in vitro fertilization', 159),
(9807, 'N98.3', 'Complications of attempted introduction of embryo in embryo transfer', 159),
(9808, 'N98.8', 'Other complications associated with artificial fertilization', 159),
(9809, 'N98.9', 'Complication associated with artificial fertilization, unspecified', 159),
(9810, 'O00', 'Ectopic pregnancy', 161),
(9811, 'O00.0', 'Abdominal pregnancy', 161),
(9812, 'O00.1', 'Tubal pregnancy', 161),
(9813, 'O00.2', 'Ovarian pregnancy', 161),
(9814, 'O00.8', 'Other ectopic pregnancy', 161),
(9815, 'O00.9', 'Ectopic pregnancy, unspecified', 161),
(9816, 'O01', 'Hydatidiform mole', 161),
(9817, 'O01.0', 'Classical hydatidiform mole', 161),
(9818, 'O01.1', 'Incomplete and partial hydatidiform mole', 161),
(9819, 'O01.9', 'Hydatidiform mole, unspecified', 161),
(9820, 'O02', 'Other abnormal products of conception', 161),
(9821, 'O02.0', 'Blighted ovum and nonhydatidiform mole', 161),
(9822, 'O02.1', 'Missed abortion', 161),
(9823, 'O02.8', 'Other specified abnormal products of conception', 161),
(9824, 'O02.9', 'Abnormal product of conception, unspecified', 161),
(9825, 'O03', 'Spontaneous abortion', 161),
(9826, 'O03.0', 'Incomplete, complicated by genital tract and pelvic infection', 161),
(9827, 'O03.1', 'Incomplete, complicated by delayed or excessive hemorrhage', 161),
(9828, 'O03.2', 'Incomplete, complicated by embolism', 161),
(9829, 'O03.3', 'Incomplete, with other and unspecified complications', 161),
(9830, 'O03.4', 'Incomplete, without complication', 161),
(9831, 'O03.5', 'Complete or unspecified, complicated by genital tract and pelvic infection', 161),
(9832, 'O03.6', 'Complete or unspecified, complicated by delayed or excessive hemorrhage', 161),
(9833, 'O03.7', 'Complete or unspecified, complicated by embolism', 161),
(9834, 'O03.8', 'Complete or unspecified, with other and unspecified complications', 161),
(9835, 'O03.9', 'Complete or unspecified, without complication', 161),
(9836, 'O04', 'Medical abortion', 161),
(9837, 'O04.0', 'Incomplete, complicated by genital tract and pelvic infection', 161),
(9838, 'O04.1', 'Incomplete, complicated by delayed or excessive hemorrhage', 161),
(9839, 'O04.2', 'Incomplete, complicated by embolism', 161),
(9840, 'O04.3', 'Incomplete, with other and unspecified complications', 161),
(9841, 'O04.4', 'Incomplete, without complication', 161),
(9842, 'O04.5', 'Complete or unspecified, complicated by genital tract and pelvic infection', 161),
(9843, 'O04.6', 'Complete or unspecified, complicated by delayed or excessive hemorrhage', 161),
(9844, 'O04.7', 'Complete or unspecified, complicated by embolism', 161),
(9845, 'O04.8', 'Complete or unspecified, with other and unspecified complications', 161),
(9846, 'O04.9', 'Complete or unspecified, without complication', 161),
(9847, 'O05', 'Other abortion', 161),
(9848, 'O05.0', 'Incomplete, complicated by genital tract and pelvic infection', 161),
(9849, 'O05.1', 'Incomplete, complicated by delayed or excessive hemorrhage', 161),
(9850, 'O05.2', 'Incomplete, complicated by embolism', 161),
(9851, 'O05.3', 'Incomplete, with other and unspecified complications', 161),
(9852, 'O05.4', 'Incomplete, without complication', 161),
(9853, 'O05.5', 'Complete or unspecified, complicated by genital tract and pelvic infection', 161),
(9854, 'O05.6', 'Complete or unspecified, complicated by delayed or excessive hemorrhage', 161),
(9855, 'O05.7', 'Complete or unspecified, complicated by embolism', 161),
(9856, 'O05.8', 'Complete or unspecified, with other and unspecified complications', 161),
(9857, 'O05.9', 'Complete or unspecified, without complication', 161),
(9858, 'O06', 'Unspecified abortion', 161),
(9859, 'O06.0', 'Incomplete, complicated by genital tract and pelvic infection', 161),
(9860, 'O06.1', 'Incomplete, complicated by delayed or excessive hemorrhage', 161),
(9861, 'O06.2', 'Incomplete, complicated by embolism', 161),
(9862, 'O06.3', 'Incomplete, with other and unspecified complications', 161),
(9863, 'O06.4', 'Incomplete, without complication', 161),
(9864, 'O06.5', 'Complete or unspecified, complicated by genital tract and pelvic infection', 161),
(9865, 'O06.6', 'Complete or unspecified, complicated by delayed or excessive hemorrhage', 161),
(9866, 'O06.7', 'Complete or unspecified, complicated by embolism', 161),
(9867, 'O06.8', 'Complete or unspecified, with other and unspecified complications', 161),
(9868, 'O06.9', 'Complete or unspecified, without complication', 161),
(9869, 'O07', 'Failed attempted abortion', 161),
(9870, 'O07.0', 'Failed medical abortion, complicated by genital tract and pelvic infection', 161),
(9871, 'O07.1', 'Failed medical abortion, complicated by delayed or excessive hemorrhage', 161),
(9872, 'O07.2', 'Failed medical abortion, complicated by embolism', 161),
(9873, 'O07.3', 'Failed medical abortion, with other and unspecified complications', 161),
(9874, 'O07.4', 'Failed medical abortion, without complication', 161),
(9875, 'O07.5', 'Other and unspecified failed attempted abortion, complicated by genital tract and pelvic infection', 161),
(9876, 'O07.6', 'Other and unspecified failed attempted abortion, complicated by delayed or excessive hemorrhage', 161),
(9877, 'O07.7', 'Other and unspecified failed attempted abortion, complicated by embolism', 161),
(9878, 'O07.8', 'Other and unspecified failed attempted abortion, with other and unspecified complications', 161),
(9879, 'O07.9', 'Other and unspecified failed attempted abortion, without complication', 161),
(9880, 'O10', 'Preexisting hypertension complicating pregnancy, childbirth, and the puerperium', 162),
(9881, 'O10.0', 'Preexisting essential hypertension complicating pregnancy, childbirth, and the puerperium', 162),
(9882, 'O10.1', 'Preexisting hypertensive heart disease complicating pregnancy, childbirth, and the puerperium', 162),
(9883, 'O10.2', 'Preexisting hypertensive renal disease complicating pregnancy, childbirth, and the puerperium', 162),
(9884, 'O10.3', 'Preexisting hypertensive heart and renal disease complicating pregnancy, childbirth, and the puerperium', 162),
(9885, 'O10.4', 'Preexisting secondary hypertension complicating pregnancy, childbirth, and the puerperium', 162),
(9886, 'O10.9', 'Unspecified preexisting hypertension complicating pregnancy, childbirth, and the puerperium', 162),
(9887, 'O11', 'Preexisting hypertensive disorder with superimposed proteinuria', 162),
(9888, 'O12', 'Gestational [pregnancy-induced] edema and proteinuria without hypertension', 162),
(9889, 'O12.0', 'Gestational edema', 162),
(9890, 'O12.1', 'Gestational proteinuria', 162),
(9891, 'O12.2', 'Gestational edema with proteinuria', 162),
(9892, 'O13', 'Gestational [pregnancy-induced] hypertension without significant proteinuria', 162),
(9893, 'O14', 'Gestational [pregnancy-induced] hypertension with significant proteinuria', 162),
(9894, 'O14.0', 'Moderate preeclampsia', 162),
(9895, 'O14.1', 'Severe preeclampsia', 162),
(9896, 'O14.9', 'Preeclampsia, unspecified', 162),
(9897, 'O15', 'Eclampsia', 162),
(9898, 'O15.0', 'Eclampsia in pregnancy', 162),
(9899, 'O15.1', 'Eclampsia in labor', 162),
(9900, 'O15.2', 'Eclampsia in the puerperium', 162),
(9901, 'O15.9', 'Eclampsia, unspecified as to time period', 162),
(9902, 'O16', 'Unspecified maternal hypertension', 162),
(9903, 'O20', 'Hemorrhage in early pregnancy', 163),
(9904, 'O20.0', 'Threatened abortion', 163),
(9905, 'O20.8', 'Other hemorrhage in early pregnancy', 163),
(9906, 'O20.9', 'Hemorrhage in early pregnancy, unspecified', 163),
(9907, 'O21', 'Excessive vomiting in pregnancy', 163),
(9908, 'O21.0', 'Mild hyperemesis gravidarum', 163),
(9909, 'O21.1', 'Hyperemesis gravidarum with metabolic disturbance', 163),
(9910, 'O21.2', 'Late vomiting of pregnancy', 163),
(9911, 'O21.8', 'Other vomiting complicating pregnancy', 163),
(9912, 'O21.9', 'Vomiting of pregnancy, unspecified', 163),
(9913, 'O22', 'Venous complications in pregnancy', 163),
(9914, 'O22.0', 'Varicose veins of lower extremity in pregnancy', 163),
(9915, 'O22.1', 'Genital varices in pregnancy', 163),
(9916, 'O22.2', 'Superficial thrombophlebitis in pregnancy', 163),
(9917, 'O22.3', 'Deep phlebothrombosis in pregnancy', 163),
(9918, 'O22.4', 'Hemorrhoids in pregnancy', 163),
(9919, 'O22.5', 'Cerebral venous thrombosis in pregnancy', 163),
(9920, 'O22.8', 'Other venous complications in pregnancy', 163),
(9921, 'O22.9', 'Venous complication in pregnancy, unspecified', 163),
(9922, 'O23', 'Infections of genitourinary tract in pregnancy', 163),
(9923, 'O23.0', 'Infections of kidney in pregnancy', 163),
(9924, 'O23.1', 'Infections of bladder in pregnancy', 163),
(9925, 'O23.2', 'Infections of urethra in pregnancy', 163),
(9926, 'O23.3', 'Infections of other parts of urinary tract in pregnancy', 163),
(9927, 'O23.4', 'Unspecified infection of urinary tract in pregnancy', 163),
(9928, 'O23.5', 'Infections of the genital tract in pregnancy', 163),
(9929, 'O23.9', 'Other and unspecified genitourinary tract infection in pregnancy', 163),
(9930, 'O24', 'Diabetes mellitus in pregnancy', 163),
(9931, 'O24.0', 'Preexisting diabetes mellitus, insulin-dependent', 163),
(9932, 'O24.1', 'Preexisting diabetes mellitus, noninsulin-dependent', 163),
(9933, 'O24.2', 'Preexisting malnutrition-related diabetes mellitus', 163),
(9934, 'O24.3', 'Preexisting diabetes mellitus, unspecified', 163),
(9935, 'O24.4', 'Diabetes mellitus arising in pregnancy', 163),
(9936, 'O24.9', 'Diabetes mellitus in pregnancy, unspecified', 163),
(9937, 'O25', 'Malnutrition in pregnancy', 163),
(9938, 'O26', 'Maternal care for other conditions predominantly related to pregnancy', 163),
(9939, 'O26.0', 'Excessive weight gain in pregnancy', 163),
(9940, 'O26.1', 'Low weight gain in pregnancy', 163),
(9941, 'O26.2', 'Pregnancy care of habitual aborter', 163),
(9942, 'O26.3', 'Retained intrauterine contraceptive device in pregnancy', 163),
(9943, 'O26.4', 'Herpes gestationis', 163),
(9944, 'O26.5', 'Maternal hypotension syndrome', 163),
(9945, 'O26.6', 'Liver disorders in pregnancy, childbirth, and the puerperium', 163),
(9946, 'O26.7', 'Subluxation of symphysis (pubis) in pregnancy, childbirth, and the puerperium', 163),
(9947, 'O26.8', 'Other specified pregnancy-related conditions', 163),
(9948, 'O26.9', 'Pregnancy-related condition, unspecified', 163),
(9949, 'O28', 'Abnormal findings on antenatal screening of mother', 163),
(9950, 'O28.0', 'Abnormal hematological finding on antenatal screening of mother', 163),
(9951, 'O28.1', 'Abnormal biochemical finding on antenatal screening of mother', 163),
(9952, 'O28.2', 'Abnormal cytological finding on antenatal screening of mother', 163),
(9953, 'O28.3', 'Abnormal ultrasonic finding on antenatal screening of mother', 163),
(9954, 'O28.4', 'Abnormal radiological finding on antenatal screening of mother', 163),
(9955, 'O28.5', 'Abnormal chromosomal and genetic finding on antenatal screening of mother', 163),
(9956, 'O28.8', 'Other abnormal findings on antenatal screening of mother', 163),
(9957, 'O28.9', 'Abnormal finding on antenatal screening of mother, unspecified', 163),
(9958, 'O29', 'Complications of anesthesia during pregnancy', 163),
(9959, 'O29.0', 'Pulmonary complications of anesthesia during pregnancy', 163),
(9960, 'O29.1', 'Cardiac complications of anesthesia during pregnancy', 163),
(9961, 'O29.2', 'Central nervous system complications of anesthesia during pregnancy', 163),
(9962, 'O29.3', 'Toxic reaction to local anesthesia during pregnancy', 163),
(9963, 'O29.4', 'Spinal and epidural anesthesia-induced headache during pregnancy', 163),
(9964, 'O29.5', 'Other complications of spinal and epidural anesthesia during pregnancy', 163),
(9965, 'O29.6', 'Failed or difficult intubation during pregnancy', 163),
(9966, 'O29.8', 'Other complications of anesthesia during pregnancy', 163),
(9967, 'O29.9', 'Complication of anesthesia during pregnancy, unspecified', 163),
(9968, 'O30', 'Multiple gestation', 164),
(9969, 'O30.0', 'Twin pregnancy', 164),
(9970, 'O30.1', 'Triplet pregnancy', 164),
(9971, 'O30.2', 'Quadruplet pregnancy', 164),
(9972, 'O30.8', 'Other multiple gestation', 164),
(9973, 'O30.9', 'Multiple gestation, unspecified', 164),
(9974, 'O31', 'Complications specific to multiple gestation', 164),
(9975, 'O31.0', 'Papyraceous fetus', 164),
(9976, 'O31.1', 'Continuing pregnancy after abortion of one fetus or more', 164),
(9977, 'O31.2', 'Continuing pregnancy after intrauterine death of one fetus or more', 164),
(9978, 'O31.8', 'Other complications specific to multiple gestation', 164),
(9979, 'O32', 'Maternal care for known or suspected malpresentation of fetus', 164),
(9980, 'O32.0', 'Maternal care for unstable lie', 164),
(9981, 'O32.1', 'Maternal care for breech presentation', 164),
(9982, 'O32.2', 'Maternal care for transverse and oblique lie', 164),
(9983, 'O32.3', 'Maternal care for face, brow, and chin presentation', 164),
(9984, 'O32.4', 'Maternal care for high head at term', 164),
(9985, 'O32.5', 'Maternal care for multiple gestation with malpresentation of one fetus or more', 164),
(9986, 'O32.6', 'Maternal care for compound presentation', 164),
(9987, 'O32.8', 'Maternal care for other malpresentation of fetus', 164),
(9988, 'O32.9', 'Maternal care for malpresentation of fetus, unspecified', 164),
(9989, 'O33', 'Maternal care for known or suspected disproportion', 164),
(9990, 'O33.0', 'Maternal care for disproportion due to deformity of maternal pelvic bones', 164),
(9991, 'O33.1', 'Maternal care for disproportion due to generally contracted pelvis', 164),
(9992, 'O33.2', 'Maternal care for disproportion due to inlet contraction of pelvis', 164),
(9993, 'O33.3', 'Maternal care for disproportion due to outlet contraction of pelvis', 164),
(9994, 'O33.4', 'Maternal care for disproportion of mixed maternal and fetal origin', 164),
(9995, 'O33.5', 'Maternal care for disproportion due to unusually large fetus', 164),
(9996, 'O33.6', 'Maternal care for disproportion due to hydrocephalic fetus', 164),
(9997, 'O33.7', 'Maternal care for disproportion due to other fetal deformities', 164),
(9998, 'O33.8', 'Maternal care for disproportion of other origin', 164),
(9999, 'O33.9', 'Maternal care for disproportion, unspecified', 164),
(10000, 'O34', 'Maternal care for known or suspected abnormality of pelvic organs', 164),
(10001, 'O34.0', 'Maternal care for congenital malformation of uterus', 164),
(10002, 'O34.1', 'Maternal care for tumor of corpus uteri', 164),
(10003, 'O34.2', 'Maternal care due to uterine scar from previous surgery', 164),
(10004, 'O34.3', 'Maternal care for cervical incompetence', 164),
(10005, 'O34.4', 'Maternal care for other abnormalities of cervix', 164),
(10006, 'O34.5', 'Maternal care for other abnormalities of gravid uterus', 164),
(10007, 'O34.6', 'Maternal care for abnormality of vagina', 164),
(10008, 'O34.7', 'Maternal care for abnormality of vulva and perineum', 164),
(10009, 'O34.8', 'Maternal care for other abnormalities of pelvic organs', 164),
(10010, 'O34.9', 'Maternal care for abnormality of pelvic organ, unspecified', 164),
(10011, 'O35', 'Maternal care for known or suspected fetal abnormality and damage', 164),
(10012, 'O35.0', 'Maternal care for (suspected) central nervous system malformation in fetus', 164),
(10013, 'O35.1', 'Maternal care for (suspected) chromosomal abnormality in fetus', 164),
(10014, 'O35.2', 'Maternal care for (suspected) hereditary disease in fetus', 164),
(10015, 'O35.3', 'Maternal care for (suspected) damage to fetus from viral disease in mother', 164),
(10016, 'O35.4', 'Maternal care for (suspected) damage to fetus from alcohol', 164),
(10017, 'O35.5', 'Maternal care for (suspected) damage to fetus by drugs', 164),
(10018, 'O35.6', 'Maternal care for (suspected) damage to fetus by radiation', 164),
(10019, 'O35.7', 'Maternal care for (suspected) damage to fetus by other medical procedures', 164),
(10020, 'O35.8', 'Maternal care for other (suspected) fetal abnormality and damage', 164),
(10021, 'O35.9', 'Maternal care for (suspected) fetal abnormality and damage, unspecified', 164),
(10022, 'O36', 'Maternal care for other known or suspected fetal problems', 164),
(10023, 'O36.0', 'Maternal care for rhesus isoimmunization', 164),
(10024, 'O36.1', 'Maternal care for other isoimmunization', 164),
(10025, 'O36.2', 'Maternal care for hydrops fetalis', 164),
(10026, 'O36.3', 'Maternal care for signs of fetal hypoxia', 164),
(10027, 'O36.4', 'Maternal care for intrauterine death', 164),
(10028, 'O36.5', 'Maternal care for poor fetal growth', 164),
(10029, 'O36.6', 'Maternal care for excessive fetal growth', 164),
(10030, 'O36.7', 'Maternal care for viable fetus in abdominal pregnancy', 164),
(10031, 'O36.8', 'Maternal care for other specified fetal problems', 164),
(10032, 'O36.9', 'Maternal care for fetal problem, unspecified', 164),
(10033, 'O40', 'Polyhydramnios', 164),
(10034, 'O41', 'Other disorders of amniotic fluid and membranes', 164),
(10035, 'O41.0', 'Oligohydramnios', 164),
(10036, 'O41.1', 'Infection of amniotic sac and membranes', 164),
(10037, 'O41.8', 'Other specified disorders of amniotic fluid and membranes', 164),
(10038, 'O41.9', 'Disorder of amniotic fluid and membranes, unspecified', 164),
(10039, 'O42', 'Premature rupture of membranes', 164),
(10040, 'O42.0', 'Premature rupture of membranes, onset of labor within 24 hours', 164),
(10041, 'O42.1', 'Premature rupture of membranes, onset of labor after 24 hours', 164),
(10042, 'O42.2', 'Premature rupture of membranes, labor delayed by therapy', 164),
(10043, 'O42.9', 'Premature rupture of membranes, unspecified', 164),
(10044, 'O43', 'Placental disorders', 164),
(10045, 'O43.0', 'Placental transfusion syndromes', 164),
(10046, 'O43.1', 'Malformation of placenta', 164),
(10047, 'O43.8', 'Other placental disorders', 164),
(10048, 'O43.9', 'Placental disorder, unspecified', 164),
(10049, 'O44', 'Placenta previa', 164),
(10050, 'O44.0', 'Placenta previa specified as without hemorrhage', 164),
(10051, 'O44.1', 'Placenta previa with hemorrhage', 164),
(10052, 'O45', 'Premature separation of placenta [abruptio placentae]', 164),
(10053, 'O45.0', 'Premature separation of placenta with coagulation defect', 164),
(10054, 'O45.8', 'Other premature separation of placenta', 164),
(10055, 'O45.9', 'Premature separation of placenta, unspecified', 164),
(10056, 'O46', 'Antepartum hemorrhage, not elsewhere classified', 164),
(10057, 'O46.0', 'Antepartum hemorrhage with coagulation defect', 164),
(10058, 'O46.8', 'Other antepartum hemorrhage', 164),
(10059, 'O46.9', 'Antepartum hemorrhage, unspecified', 164),
(10060, 'O47', 'False labor', 164),
(10061, 'O47.0', 'False labor before 37 completed weeks of gestation', 164),
(10062, 'O47.1', 'False labor at or after 37 completed weeks of gestation', 164),
(10063, 'O47.9', 'False labor, unspecified', 164),
(10064, 'O48', 'Prolonged pregnancy', 164),
(10065, 'O60', 'Preterm delivery', 165),
(10066, 'O61', 'Failed induction of labor', 165),
(10067, 'O61.0', 'Failed medical induction of labor', 165),
(10068, 'O61.1', 'Failed instrumental induction of labor', 165),
(10069, 'O61.8', 'Other failed induction of labor', 165),
(10070, 'O61.9', 'Failed induction of labor, unspecified', 165),
(10071, 'O62', 'Abnormality of forces of labor', 165),
(10072, 'O62.0', 'Primary inadequate contractions', 165),
(10073, 'O62.1', 'Secondary uterine inertia', 165),
(10074, 'O62.2', 'Other uterine inertia', 165),
(10075, 'O62.3', 'Precipitate labor', 165),
(10076, 'O62.4', 'Hypertonic, incoordinate, and prolonged uterine contractions', 165),
(10077, 'O62.8', 'Other abnormalities of forces of labor', 165),
(10078, 'O62.9', 'Abnormality of forces of labor, unspecified', 165),
(10079, 'O63', 'Long labor', 165),
(10080, 'O63.0', 'Prolonged first stage (of labor)', 165),
(10081, 'O63.1', 'Prolonged second stage (of labor)', 165),
(10082, 'O63.2', 'Delayed delivery of second twin, triplet, etc.', 165),
(10083, 'O63.9', 'Long labor, unspecified', 165),
(10084, 'O64', 'Obstructed labor due to malposition and malpresentation of fetus', 165),
(10085, 'O64.0', 'Obstructed labor due to incomplete rotation of fetal head', 165),
(10086, 'O64.1', 'Obstructed labor due to breech presentation', 165),
(10087, 'O64.2', 'Obstructed labor due to face presentation', 165),
(10088, 'O64.3', 'Obstructed labor due to brow presentation', 165),
(10089, 'O64.4', 'Obstructed labor due to shoulder presentation', 165),
(10090, 'O64.5', 'Obstructed labor due to compound presentation', 165),
(10091, 'O64.8', 'Obstructed labor due to other malposition and malpresentation', 165),
(10092, 'O64.9', 'Obstructed labor due to malposition and malpresentation, unspecified', 165),
(10093, 'O65', 'Obstructed labor due to maternal pelvic abnormality', 165),
(10094, 'O65.0', 'Obstructed labor due to deformed pelvis', 165),
(10095, 'O65.1', 'Obstructed labor due to generally contracted pelvis', 165),
(10096, 'O65.2', 'Obstructed labor due to pelvic inlet contraction', 165),
(10097, 'O65.3', 'Obstructed labor due to pelvic outlet and midcavity contraction', 165),
(10098, 'O65.4', 'Obstructed labor due to fetopelvic disproportion, unspecified', 165),
(10099, 'O65.5', 'Obstructed labor due to abnormality of maternal pelvic organs', 165),
(10100, 'O65.8', 'Obstructed labor due to other maternal pelvic abnormalities', 165),
(10101, 'O65.9', 'Obstructed labor due to maternal pelvic abnormality, unspecified', 165),
(10102, 'O66', 'Other obstructed labor', 165),
(10103, 'O66.0', 'Obstructed labor due to shoulder dystocia', 165),
(10104, 'O66.1', 'Obstructed labor due to locked twins', 165),
(10105, 'O66.2', 'Obstructed labor due to unusually large fetus', 165),
(10106, 'O66.3', 'Obstructed labor due to other abnormalities of fetus', 165),
(10107, 'O66.4', 'Failed trial of labor, unspecified', 165),
(10108, 'O66.5', 'Failed application of vacuum extractor and forceps, unspecified', 165),
(10109, 'O66.8', 'Other specified obstructed labor', 165),
(10110, 'O66.9', 'Obstructed labor, unspecified', 165),
(10111, 'O67', 'Labor and delivery complicated by intrapartum hemorrhage, not elsewhere classified', 165),
(10112, 'O67.0', 'Intrapartum hemorrhage with coagulation defect', 165),
(10113, 'O67.8', 'Other intrapartum hemorrhage', 165),
(10114, 'O67.9', 'Intrapartum hemorrhage, unspecified', 165),
(10115, 'O68', 'Labor and delivery complicated by fetal stress [distress]', 165),
(10116, 'O68.0', 'Labor and delivery complicated by fetal heart rate anomaly', 165),
(10117, 'O68.1', 'Labor and delivery complicated by meconium in amniotic fluid', 165),
(10118, 'O68.2', 'Labor and delivery complicated by fetal heart rate anomaly with meconium in amniotic fluid', 165),
(10119, 'O68.3', 'Labor and delivery complicated by biochemical evidence of fetal stress', 165),
(10120, 'O68.8', 'Labor and delivery complicated by other evidence of fetal stress', 165),
(10121, 'O68.9', 'Labor and delivery complicated by fetal stress, unspecified', 165),
(10122, 'O69', 'Labor and delivery complicated by umbilical cord complications', 165),
(10123, 'O69.0', 'Labor and delivery complicated by prolapse of cord', 165),
(10124, 'O69.1', 'Labor and delivery complicated by cord around neck, with compression', 165),
(10125, 'O69.2', 'Labor and delivery complicated by other cord entanglement', 165),
(10126, 'O69.3', 'Labor and delivery complicated by short cord', 165),
(10127, 'O69.4', 'Labor and delivery complicated by vasa previa', 165),
(10128, 'O69.5', 'Labor and delivery complicated by vascular lesion of cord', 165),
(10129, 'O69.8', 'Labor and delivery complicated by other cord complications', 165),
(10130, 'O69.9', 'Labor and delivery complicated by cord complication, unspecified', 165),
(10131, 'O70', 'Perineal laceration during delivery', 165),
(10132, 'O70.0', 'First degree perineal laceration during delivery', 165),
(10133, 'O70.1', 'Second degree perineal laceration during delivery', 165),
(10134, 'O70.2', 'Third degree perineal laceration during delivery', 165),
(10135, 'O70.3', 'Fourth degree perineal laceration during delivery', 165),
(10136, 'O70.9', 'Perineal laceration during delivery, unspecified', 165),
(10137, 'O71', 'Other obstetric trauma', 165),
(10138, 'O71.0', 'Rupture of uterus before onset of labor', 165),
(10139, 'O71.1', 'Rupture of uterus during labor', 165),
(10140, 'O71.2', 'Postpartum inversion of uterus', 165),
(10141, 'O71.3', 'Obstetric laceration of cervix', 165),
(10142, 'O71.4', 'Obstetric high vaginal laceration alone', 165),
(10143, 'O71.5', 'Other obstetric injury to pelvic organs', 165),
(10144, 'O71.6', 'Obstetric damage to pelvic joints and ligaments', 165),
(10145, 'O71.7', 'Obstetric hematoma of pelvis', 165),
(10146, 'O71.8', 'Other specified obstetric trauma', 165),
(10147, 'O71.9', 'Obstetric trauma, unspecified', 165),
(10148, 'O72', 'Postpartum hemorrhage', 165),
(10149, 'O72.0', 'Third-stage hemorrhage', 165),
(10150, 'O72.1', 'Other immediate postpartum hemorrhage', 165),
(10151, 'O72.2', 'Delayed and secondary postpartum hemorrhage', 165),
(10152, 'O72.3', 'Postpartum coagulation defects', 165),
(10153, 'O73', 'Retained placenta and membranes, without hemorrhage', 165),
(10154, 'O73.0', 'Retained placenta, without hemorrhage', 165),
(10155, 'O73.1', 'Retained portions of placenta and membranes, without hemorrhage', 165),
(10156, 'O74', 'Complications of anesthesia during labor and delivery', 165),
(10157, 'O74.0', 'Aspiration pneumonitis due to anesthesia during labor and delivery', 165),
(10158, 'O74.1', 'Other pulmonary complications of anesthesia during labor and delivery', 165),
(10159, 'O74.2', 'Cardiac complications of anesthesia during labor and delivery', 165),
(10160, 'O74.3', 'Central nervous system complications of anesthesia during labor and delivery', 165),
(10161, 'O74.4', 'Toxic reaction to local anesthesia during labor and delivery', 165),
(10162, 'O74.5', 'Spinal and epidural anesthesia-induced headache during labor and delivery', 165),
(10163, 'O74.6', 'Other complications of spinal and epidural anesthesia during labor and delivery', 165),
(10164, 'O74.7', 'Failed or difficult intubation during labor and delivery', 165),
(10165, 'O74.8', 'Other complications of anesthesia during labor and delivery', 165),
(10166, 'O74.9', 'Complication of anesthesia during labor and delivery, unspecified', 165),
(10167, 'O75', 'Other complications of labor and delivery, not elsewhere classified', 165),
(10168, 'O75.0', 'Maternal distress during labor and delivery', 165),
(10169, 'O75.1', 'Shock during or following labor and delivery', 165),
(10170, 'O75.2', 'Pyrexia during labor, not elsewhere classified', 165),
(10171, 'O75.3', 'Other infection during labor', 165),
(10172, 'O75.4', 'Other complications of obstetric surgery and procedures', 165),
(10173, 'O75.5', 'Delayed delivery after artificial rupture of membranes', 165),
(10174, 'O75.6', 'Delayed delivery after spontaneous or unspecified rupture of membranes', 165),
(10175, 'O75.7', 'Vaginal delivery following previous cesarean section', 165),
(10176, 'O75.8', 'Other specified complications of labor and delivery', 165),
(10177, 'O75.9', 'Complication of labor and delivery, unspecified', 165),
(10178, 'O85', 'Puerperal sepsis', 167),
(10179, 'O86', 'Other puerperal infections', 167),
(10180, 'O86.0', 'Infection of obstetric surgical wound', 167),
(10181, 'O86.1', 'Other infection of genital tract following delivery', 167),
(10182, 'O86.2', 'Urinary tract infection following delivery', 167),
(10183, 'O86.3', 'Other genitourinary tract infections following delivery', 167),
(10184, 'O86.4', 'Pyrexia of unknown origin following delivery', 167),
(10185, 'O86.8', 'Other specified puerperal infections', 167),
(10186, 'O87', 'Venous complications in the puerperium', 167),
(10187, 'O87.0', 'Superficial thrombophlebitis in the puerperium', 167),
(10188, 'O87.1', 'Deep phlebothrombosis in the puerperium', 167),
(10189, 'O87.2', 'Hemorrhoids in the puerperium', 167),
(10190, 'O87.3', 'Cerebral venous thrombosis in the puerperium', 167),
(10191, 'O87.8', 'Other venous complications in the puerperium', 167),
(10192, 'O87.9', 'Venous complication in the puerperium, unspecified', 167),
(10193, 'O88', 'Obstetric embolism', 167),
(10194, 'O88.0', 'Obstetric air embolism', 167),
(10195, 'O88.1', 'Amniotic fluid embolism', 167),
(10196, 'O88.2', 'Obstetric blood-clot embolism', 167),
(10197, 'O88.3', 'Obstetric pyemic and septic embolism', 167),
(10198, 'O88.8', 'Other obstetric embolism', 167),
(10199, 'O89', 'Complications of anesthesia during the puerperium', 167),
(10200, 'O89.0', 'Pulmonary complications of anesthesia during the puerperium', 167),
(10201, 'O89.1', 'Cardiac complications of anesthesia during the puerperium', 167),
(10202, 'O89.2', 'Central nervous system complications of anesthesia during the puerperium', 167),
(10203, 'O89.3', 'Toxic reaction to local anesthesia during the puerperium', 167),
(10204, 'O89.4', 'Spinal and epidural anesthesia-induced headache during the puerperium', 167),
(10205, 'O89.5', 'Other complications of spinal and epidural anesthesia during the puerperium', 167),
(10206, 'O89.6', 'Failed or difficult intubation during the puerperium', 167),
(10207, 'O89.8', 'Other complications of anesthesia during the puerperium', 167),
(10208, 'O89.9', 'Complication of anesthesia during the puerperium, unspecified', 167),
(10209, 'O90', 'Complications of the puerperium, not elsewhere classified', 167),
(10210, 'O90.0', 'Disruption of cesarean section wound', 167),
(10211, 'O90.1', 'Disruption of perineal obstetric wound', 167),
(10212, 'O90.2', 'Hematoma of obstetric wound', 167),
(10213, 'O90.3', 'Cardiomyopathy in the puerperium', 167),
(10214, 'O90.4', 'Postpartum acute renal failure', 167),
(10215, 'O90.5', 'Postpartum thyroiditis', 167),
(10216, 'O90.8', 'Other complications of the puerperium, not elsewhere classified', 167),
(10217, 'O90.9', 'Complication of the puerperium, unspecified', 167),
(10218, 'O91', 'Infections of breast associated with childbirth', 167),
(10219, 'O91.0', 'Infection of nipple associated with childbirth', 167),
(10220, 'O91.1', 'Abscess of breast associated with childbirth', 167),
(10221, 'O91.2', 'Nonpurulent mastitis associated with childbirth', 167),
(10222, 'O92', 'Other disorders of breast and lactation associated with childbirth', 167),
(10223, 'O92.0', 'Retracted nipple associated with childbirth', 167),
(10224, 'O92.1', 'Cracked nipple associated with childbirth', 167),
(10225, 'O92.2', 'Other and unspecified disorders of breast associated with childbirth', 167),
(10226, 'O92.3', 'Agalactia', 167),
(10227, 'O92.4', 'Hypogalactia', 167),
(10228, 'O92.5', 'Suppressed lactation', 167),
(10229, 'O92.6', 'Galactorrhea', 167),
(10230, 'O92.7', 'Other and unspecified disorders of lactation', 167),
(10231, 'O95', 'Obstetric death of unspecified cause', 168),
(10232, 'O96', 'Death from any obstetric cause occurring more than 42 days but less than 1 year after delivery', 168),
(10233, 'O97', 'Death from sequelae of direct obstetric causes', 168),
(10234, 'O98', 'Maternal infectious and parasitic diseases classifiable elsewhere but complicating pregnancy, childbirth, and the puerperium', 168),
(10235, 'O98.0', 'Tuberculosis complicating pregnancy, childbirth, and the puerperium', 168),
(10236, 'O98.1', 'Syphilis complicating pregnancy, childbirth, and the puerperium', 168),
(10237, 'O98.2', 'Gonorrhea complicating pregnancy, childbirth, and the puerperium', 168);
INSERT INTO `diseases` (`id`, `disease_code`, `disease_name`, `section_id`) VALUES
(10238, 'O98.3', 'Other infections with a predominantly sexual mode of transmission complicating pregnancy, childbirth, and the puerperium', 168),
(10239, 'O98.4', 'Viral hepatitis complicating pregnancy, childbirth, and the puerperium', 168),
(10240, 'O98.5', 'Other viral diseases complicating pregnancy, childbirth, and the puerperium', 168),
(10241, 'O98.6', 'Protozoal diseases complicating pregnancy, childbirth, and the puerperium', 168),
(10242, 'O98.8', 'Other maternal infectious and parasitic diseases complicating pregnancy, childbirth, and the puerperium', 168),
(10243, 'O98.9', 'Unspecified maternal infectious or parasitic disease complicating pregnancy, childbirth, and the puerperium', 168),
(10244, 'O99', 'Other maternal diseases classifiable elsewhere but complicating pregnancy, childbirth, and the puerperium', 168),
(10245, 'O99.0', 'Anemia complicating pregnancy, childbirth, and the puerperium', 168),
(10246, 'O99.1', 'Other diseases of the blood and blood-forming organs and certain disorders involving the immune mechanism complicating pregnancy, childbirth, and the puerperium', 168),
(10247, 'O99.2', 'Endocrine, nutritional, and metabolic diseases complicating pregnancy, childbirth, and the puerperium', 168),
(10248, 'O99.3', 'Mental disorders and diseases of the nervous system complicating pregnancy, childbirth, and the puerperium', 168),
(10249, 'O99.4', 'Diseases of the circulatory system complicating pregnancy, childbirth, and the puerperium', 168),
(10250, 'O99.5', 'Diseases of the respiratory system complicating pregnancy, childbirth, and the puerperium', 168),
(10251, 'O99.6', 'Diseases of the digestive system complicating pregnancy, childbirth, and the puerperium', 168),
(10252, 'O99.7', 'Diseases of the skin and subcutaneous tissue complicating pregnancy, childbirth, and the puerperium', 168),
(10253, 'O99.8', 'Other specified diseases and conditions complicating pregnancy, childbirth, and the puerperium', 168),
(10254, 'P00', 'Newborn affected by maternal conditions that may be unrelated to present pregnancy', 169),
(10255, 'P00.0', 'Newborn affected by maternal hypertensive disorders', 169),
(10256, 'P00.1', 'Newborn affected by maternal renal and urinary tract diseases', 169),
(10257, 'P00.2', 'Newborn affected by maternal infectious and parasitic diseases', 169),
(10258, 'P00.3', 'Newborn affected by other maternal circulatory and respiratory diseases', 169),
(10259, 'P00.4', 'Newborn affected by maternal nutritional disorders', 169),
(10260, 'P00.5', 'Newborn affected by maternal injury', 169),
(10261, 'P00.6', 'Newborn affected by surgical procedure on mother', 169),
(10262, 'P00.7', 'Newborn affected by other medical procedures on mother, not elsewhere classified', 169),
(10263, 'P00.8', 'Newborn affected by other maternal conditions', 169),
(10264, 'P00.9', 'Newborn affected by unspecified maternal condition', 169),
(10265, 'P01', 'Newborn affected by maternal complications of pregnancy', 169),
(10266, 'P01.0', 'Newborn affected by incompetent cervix', 169),
(10267, 'P01.1', 'Newborn affected by premature rupture of membranes', 169),
(10268, 'P01.2', 'Newborn affected by oligohydramnios', 169),
(10269, 'P01.3', 'Newborn affected by polyhydramnios', 169),
(10270, 'P01.4', 'Newborn affected by ectopic pregnancy', 169),
(10271, 'P01.5', 'Newborn affected by multiple pregnancy', 169),
(10272, 'P01.6', 'Newborn affected by maternal death', 169),
(10273, 'P01.7', 'Newborn affected by malpresentation before labor', 169),
(10274, 'P01.8', 'Newborn affected by other maternal complications of pregnancy', 169),
(10275, 'P01.9', 'Newborn affected by maternal complication of pregnancy, unspecified', 169),
(10276, 'P02', 'Newborn affected by complications of placenta, cord, and membranes', 169),
(10277, 'P02.0', 'Newborn affected by placenta previa', 169),
(10278, 'P02.1', 'Newborn affected by other forms of placental separation and hemorrhage', 169),
(10279, 'P02.2', 'Newborn affected by other and unspecified morphological and functional abnormalities of placenta', 169),
(10280, 'P02.3', 'Newborn affected by placental transfusion syndromes', 169),
(10281, 'P02.4', 'Newborn affected by prolapsed cord', 169),
(10282, 'P02.5', 'Newborn affected by other compression of umbilical cord', 169),
(10283, 'P02.6', 'Newborn affected by other and unspecified conditions of umbilical cord', 169),
(10284, 'P02.7', 'Newborn affected by chorioamnionitis', 169),
(10285, 'P02.8', 'Newborn affected by other abnormalities of membranes', 169),
(10286, 'P02.9', 'Newborn affected by abnormality of membranes, unspecified', 169),
(10287, 'P03', 'Newborn affected by other complications of labor and delivery', 169),
(10288, 'P03.0', 'Newborn affected by breech delivery and extraction', 169),
(10289, 'P03.1', 'Newborn affected by other malpresentation, malposition, and disproportion during labor and delivery', 169),
(10290, 'P03.2', 'Newborn affected by forceps delivery', 169),
(10291, 'P03.3', 'Newborn affected by delivery by vacuum extractor [ventouse]', 169),
(10292, 'P03.4', 'Newborn affected by cesarean delivery', 169),
(10293, 'P03.5', 'Newborn affected by precipitate delivery', 169),
(10294, 'P03.6', 'Newborn affected by abnormal uterine contractions', 169),
(10295, 'P03.8', 'Newborn affected by other specified complications of labor and delivery', 169),
(10296, 'P03.9', 'Newborn affected by complication of labor and delivery, unspecified', 169),
(10297, 'P04', 'Newborn affected by noxious influences transmitted via placenta or breast milk', 169),
(10298, 'P04.0', 'Newborn affected by maternal anesthesia and analgesia in pregnancy, labor, and delivery', 169),
(10299, 'P04.1', 'Newborn affected by other maternal medication', 169),
(10300, 'P04.2', 'Newborn affected by maternal use of tobacco', 169),
(10301, 'P04.3', 'Newborn affected by maternal use of alcohol', 169),
(10302, 'P04.4', 'Newborn affected by maternal use of drugs of addiction', 169),
(10303, 'P04.5', 'Newborn affected by maternal use of nutritional chemical substances', 169),
(10304, 'P04.6', 'Newborn affected by maternal exposure to environmental chemical substances', 169),
(10305, 'P04.8', 'Newborn affected by other maternal noxious influences', 169),
(10306, 'P04.9', 'Newborn affected by maternal noxious influence, unspecified', 169),
(10307, 'P05', 'Slow fetal growth and fetal malnutrition', 170),
(10308, 'P05.0', 'Light for gestational age', 170),
(10309, 'P05.1', 'Small for gestational age', 170),
(10310, 'P05.2', 'Fetal malnutrition without mention of light or small for gestational age', 170),
(10311, 'P05.9', 'Slow fetal growth, unspecified', 170),
(10312, 'P07', 'Disorders related to short gestation and low birthweight, not elsewhere classified', 170),
(10313, 'P07.0', 'Extremely low birthweight', 170),
(10314, 'P07.1', 'Other low birthweight', 170),
(10315, 'P07.2', 'Extreme immaturity', 170),
(10316, 'P07.3', 'Other preterm infants', 170),
(10317, 'P08', 'Disorders related to long gestation and high birthweight', 170),
(10318, 'P08.0', 'Exceptionally large baby', 170),
(10319, 'P08.1', 'Other heavy for gestational age infants', 170),
(10320, 'P08.2', 'Postterm infant, not heavy for gestational age', 170),
(10321, 'P10', 'Intracranial laceration and hemorrhage due to birth injury', 171),
(10322, 'P10.0', 'Subdural hemorrhage due to birth injury', 171),
(10323, 'P10.1', 'Cerebral hemorrhage due to birth injury', 171),
(10324, 'P10.2', 'Intraventricular hemorrhage due to birth injury', 171),
(10325, 'P10.3', 'Subarachnoid hemorrhage due to birth injury', 171),
(10326, 'P10.4', 'Tentorial tear due to birth injury', 171),
(10327, 'P10.8', 'Other intracranial lacerations and hemorrhages due to birth injury', 171),
(10328, 'P10.9', 'Unspecified intracranial laceration and hemorrhage due to birth injury', 171),
(10329, 'P11', 'Other birth injuries to central nervous system', 171),
(10330, 'P11.0', 'Cerebral edema due to birth injury', 171),
(10331, 'P11.1', 'Other specified brain damage due to birth injury', 171),
(10332, 'P11.2', 'Unspecified brain damage due to birth injury', 171),
(10333, 'P11.3', 'Birth injury to facial nerve', 171),
(10334, 'P11.4', 'Birth injury to other cranial nerves', 171),
(10335, 'P11.5', 'Birth injury to spine and spinal cord', 171),
(10336, 'P11.9', 'Birth injury to central nervous system, unspecified', 171),
(10337, 'P12', 'Birth injury to scalp', 171),
(10338, 'P12.0', 'Cephalhematoma due to birth injury', 171),
(10339, 'P12.1', 'Chignon due to birth injury', 171),
(10340, 'P12.2', 'Epicranial subaponeurotic hemorrhage due to birth injury', 171),
(10341, 'P12.3', 'Bruising of scalp due to birth injury', 171),
(10342, 'P12.4', 'Monitoring injury of scalp of newborn', 171),
(10343, 'P12.8', 'Other birth injuries to scalp', 171),
(10344, 'P12.9', 'Birth injury to scalp, unspecified', 171),
(10345, 'P13', 'Birth injury to skeleton', 171),
(10346, 'P13.0', 'Fracture of skull due to birth injury', 171),
(10347, 'P13.1', 'Other birth injuries to skull', 171),
(10348, 'P13.2', 'Birth injury to femur', 171),
(10349, 'P13.3', 'Birth injury to other long bones', 171),
(10350, 'P13.4', 'Fracture of clavicle due to birth injury', 171),
(10351, 'P13.8', 'Birth injuries to other parts of skeleton', 171),
(10352, 'P13.9', 'Birth injury to skeleton, unspecified', 171),
(10353, 'P14', 'Birth injury to peripheral nervous system', 171),
(10354, 'P14.0', 'Erb\'s paralysis due to birth injury', 171),
(10355, 'P14.1', 'Klumpke\'s paralysis due to birth injury', 171),
(10356, 'P14.2', 'Phrenic nerve paralysis due to birth injury', 171),
(10357, 'P14.3', 'Other brachial plexus birth injuries', 171),
(10358, 'P14.8', 'Birth injuries to other parts of peripheral nervous system', 171),
(10359, 'P14.9', 'Birth injury to peripheral nervous system, unspecified', 171),
(10360, 'P15', 'Other birth injuries', 171),
(10361, 'P15.0', 'Birth injury to liver', 171),
(10362, 'P15.1', 'Birth injury to spleen', 171),
(10363, 'P15.2', 'Sternomastoid injury due to birth injury', 171),
(10364, 'P15.3', 'Birth injury to eye', 171),
(10365, 'P15.4', 'Birth injury to face', 171),
(10366, 'P15.5', 'Birth injury to external genitalia', 171),
(10367, 'P15.6', 'Subcutaneous fat necrosis due to birth injury', 171),
(10368, 'P15.8', 'Other specified birth injuries', 171),
(10369, 'P15.9', 'Birth injury, unspecified', 171),
(10370, 'P20', 'Intrauterine hypoxia', 172),
(10371, 'P20.0', 'Intrauterine hypoxia first noted before onset of labor', 172),
(10372, 'P20.1', 'Intrauterine hypoxia first noted during labor and delivery', 172),
(10373, 'P20.9', 'Intrauterine hypoxia, unspecified', 172),
(10374, 'P21', 'Birth asphyxia', 172),
(10375, 'P21.0', 'Severe birth asphyxia', 172),
(10376, 'P21.1', 'Mild and moderate birth asphyxia', 172),
(10377, 'P21.9', 'Birth asphyxia, unspecified', 172),
(10378, 'P22', 'Respiratory distress of newborn', 172),
(10379, 'P22.0', 'Respiratory distress syndrome of newborn', 172),
(10380, 'P22.1', 'Transient tachypnea of newborn', 172),
(10381, 'P22.8', 'Other respiratory distress of newborn', 172),
(10382, 'P22.9', 'Respiratory distress of newborn, unspecified', 172),
(10383, 'P23', 'Congenital pneumonia', 172),
(10384, 'P23.0', 'Congenital pneumonia due to viral agent', 172),
(10385, 'P23.1', 'Congenital pneumonia due to Chlamydia', 172),
(10386, 'P23.2', 'Congenital pneumonia due to staphylococcus', 172),
(10387, 'P23.3', 'Congenital pneumonia due to streptococcus, group B', 172),
(10388, 'P23.4', 'Congenital pneumonia due to Escherichia coli', 172),
(10389, 'P23.5', 'Congenital pneumonia due to Pseudomonas', 172),
(10390, 'P23.6', 'Congenital pneumonia due to other bacterial agents', 172),
(10391, 'P23.8', 'Congenital pneumonia due to other organisms', 172),
(10392, 'P23.9', 'Congenital pneumonia, unspecified', 172),
(10393, 'P24', 'Neonatal aspiration syndromes', 172),
(10394, 'P24.0', 'Neonatal aspiration of meconium', 172),
(10395, 'P24.1', 'Neonatal aspiration of amniotic fluid and mucus', 172),
(10396, 'P24.2', 'Neonatal aspiration of blood', 172),
(10397, 'P24.3', 'Neonatal aspiration of milk and regurgitated food', 172),
(10398, 'P24.8', 'Other neonatal aspiration syndromes', 172),
(10399, 'P24.9', 'Neonatal aspiration syndrome, unspecified', 172),
(10400, 'P25', 'Interstitial emphysema and related conditions originating in the perinatal period', 172),
(10401, 'P25.0', 'Interstitial emphysema originating in the perinatal period', 172),
(10402, 'P25.1', 'Pneumothorax originating in the perinatal period', 172),
(10403, 'P25.2', 'Pneumomediastinum originating in the perinatal period', 172),
(10404, 'P25.3', 'Pneumopericardium originating in the perinatal period', 172),
(10405, 'P25.8', 'Other conditions related to interstitial emphysema originating in the perinatal period', 172),
(10406, 'P26', 'Pulmonary hemorrhage originating in the perinatal period', 172),
(10407, 'P26.0', 'Tracheobronchial hemorrhage originating in the perinatal period', 172),
(10408, 'P26.1', 'Massive pulmonary hemorrhage originating in the perinatal period', 172),
(10409, 'P26.8', 'Other pulmonary hemorrhages originating in the perinatal period', 172),
(10410, 'P26.9', 'Unspecified pulmonary hemorrhage originating in the perinatal period', 172),
(10411, 'P27', 'Chronic respiratory disease originating in the perinatal period', 172),
(10412, 'P27.0', 'Wilson-Mikity syndrome', 172),
(10413, 'P27.1', 'Bronchopulmonary dysplasia originating in the perinatal period', 172),
(10414, 'P27.8', 'Other chronic respiratory diseases originating in the perinatal period', 172),
(10415, 'P27.9', 'Unspecified chronic respiratory disease originating in the perinatal period', 172),
(10416, 'P28', 'Other respiratory conditions originating in the perinatal period', 172),
(10417, 'P28.0', 'Primary atelectasis of newborn', 172),
(10418, 'P28.1', 'Other and unspecified atelectasis of newborn', 172),
(10419, 'P28.2', 'Cyanotic attacks of newborn', 172),
(10420, 'P28.3', 'Primary sleep apnea of newborn', 172),
(10421, 'P28.4', 'Other apnea of newborn', 172),
(10422, 'P28.5', 'Respiratory failure of newborn', 172),
(10423, 'P28.8', 'Other specified respiratory conditions of newborn', 172),
(10424, 'P28.9', 'Respiratory condition of newborn, unspecified', 172),
(10425, 'P29', 'Cardiovascular disorders originating in the perinatal period', 172),
(10426, 'P29.0', 'Neonatal cardiac failure', 172),
(10427, 'P29.1', 'Neonatal cardiac dysrhythmia', 172),
(10428, 'P29.2', 'Neonatal hypertension', 172),
(10429, 'P29.3', 'Persistent fetal circulation', 172),
(10430, 'P29.4', 'Transient myocardial ischemia of newborn', 172),
(10431, 'P29.8', 'Other cardiovascular disorders originating in the perinatal period', 172),
(10432, 'P29.9', 'Cardiovascular disorder originating in the perinatal period, unspecified', 172),
(10433, 'P35', 'Congenital viral diseases', 173),
(10434, 'P35.0', 'Congenital rubella syndrome', 173),
(10435, 'P35.1', 'Congenital cytomegalovirus infection', 173),
(10436, 'P35.2', 'Congenital herpes-viral [herpes simplex] infection', 173),
(10437, 'P35.3', 'Congenital viral hepatitis', 173),
(10438, 'P35.8', 'Other congenital viral diseases', 173),
(10439, 'P35.9', 'Congenital viral disease, unspecified', 173),
(10440, 'P36', 'Bacterial sepsis of newborn', 173),
(10441, 'P36.0', 'Sepsis of newborn due to streptococcus, group B', 173),
(10442, 'P36.1', 'Sepsis of newborn due to other and unspecified streptococci', 173),
(10443, 'P36.2', 'Sepsis of newborn due to Staphylococcus aureus', 173),
(10444, 'P36.3', 'Sepsis of newborn due to other and unspecified staphylococci', 173),
(10445, 'P36.4', 'Sepsis of newborn due to Escherichia coli', 173),
(10446, 'P36.5', 'Sepsis of newborn due to anaerobes', 173),
(10447, 'P36.8', 'Other bacterial sepsis of newborn', 173),
(10448, 'P36.9', 'Bacterial sepsis of newborn, unspecified', 173),
(10449, 'P37', 'Other congenital infectious and parasitic diseases', 173),
(10450, 'P37.0', 'Congenital tuberculosis', 173),
(10451, 'P37.1', 'Congenital toxoplasmosis', 173),
(10452, 'P37.2', 'Neonatal (disseminated) listeriosis', 173),
(10453, 'P37.3', 'Congenital falciparum malaria', 173),
(10454, 'P37.4', 'Other congenital malaria', 173),
(10455, 'P37.5', 'Neonatal candidiasis', 173),
(10456, 'P37.8', 'Other specified congenital infectious and parasitic diseases', 173),
(10457, 'P37.9', 'Congenital infectious or parasitic disease, unspecified', 173),
(10458, 'P38', 'Omphalitis of newborn with or without mild hemorrhage', 173),
(10459, 'P39', 'Other infections specific to the perinatal period', 173),
(10460, 'P39.0', 'Neonatal infective mastitis', 173),
(10461, 'P39.1', 'Neonatal conjunctivitis and dacryocystitis', 173),
(10462, 'P39.2', 'Intra-amniotic infection of fetus, not elsewhere classified', 173),
(10463, 'P39.3', 'Neonatal urinary tract infection', 173),
(10464, 'P39.4', 'Neonatal skin infection', 173),
(10465, 'P39.8', 'Other specified infections specific to the perinatal period', 173),
(10466, 'P39.9', 'Infection specific to the perinatal period, unspecified', 173),
(10467, 'P50', 'Fetal blood loss', 174),
(10468, 'P50.0', 'Fetal blood loss from vasa previa', 174),
(10469, 'P50.1', 'Fetal blood loss from ruptured cord', 174),
(10470, 'P50.2', 'Fetal blood loss from placenta', 174),
(10471, 'P50.3', 'Hemorrhage into co-twin', 174),
(10472, 'P50.4', 'Hemorrhage into maternal circulation', 174),
(10473, 'P50.5', 'Fetal blood loss from cut end of co-twin\'s cord', 174),
(10474, 'P50.8', 'Other fetal blood loss', 174),
(10475, 'P50.9', 'Fetal blood loss, unspecified', 174),
(10476, 'P51', 'Umbilical hemorrhage of newborn', 174),
(10477, 'P51.0', 'Massive umbilical hemorrhage of newborn', 174),
(10478, 'P51.8', 'Other umbilical hemorrhages of newborn', 174),
(10479, 'P51.9', 'Umbilical hemorrhage of newborn, unspecified', 174),
(10480, 'P52', 'Intracranial nontraumatic hemorrhage of fetus and newborn', 174),
(10481, 'P52.0', 'Intraventricular (nontraumatic) hemorrhage, grade 1, of newborn', 174),
(10482, 'P52.1', 'Intraventricular (nontraumatic) hemorrhage, grade 2, of newborn', 174),
(10483, 'P52.2', 'Intraventricular (nontraumatic) hemorrhage, grade 3, of newborn', 174),
(10484, 'P52.3', 'Unspecified intraventricular (nontraumatic) hemorrhage of newborn', 174),
(10485, 'P52.4', 'Intracerebral (nontraumatic) hemorrhage of newborn', 174),
(10486, 'P52.5', 'Subarachnoid (nontraumatic) hemorrhage of newborn', 174),
(10487, 'P52.6', 'Cerebellar (nontraumatic) and posterior fossa hemorrhage of newborn', 174),
(10488, 'P52.8', 'Other intracranial (nontraumatic) hemorrhages of newborn', 174),
(10489, 'P52.9', 'Intracranial (nontraumatic) hemorrhage of newborn, unspecified', 174),
(10490, 'P53', 'Hemorrhagic disease of newborn', 174),
(10491, 'P54', 'Other neonatal hemorrhages', 174),
(10492, 'P54.0', 'Neonatal hematemesis', 174),
(10493, 'P54.1', 'Neonatal melena', 174),
(10494, 'P54.2', 'Neonatal rectal hemorrhage', 174),
(10495, 'P54.3', 'Other neonatal gastrointestinal hemorrhage', 174),
(10496, 'P54.4', 'Neonatal adrenal hemorrhage', 174),
(10497, 'P54.5', 'Neonatal cutaneous hemorrhage', 174),
(10498, 'P54.6', 'Neonatal vaginal hemorrhage', 174),
(10499, 'P54.8', 'Other specified neonatal hemorrhages', 174),
(10500, 'P54.9', 'Neonatal hemorrhage, unspecified', 174),
(10501, 'P55', 'Hemolytic disease of fetus and newborn', 174),
(10502, 'P55.0', 'Rh isoimmunization of newborn', 174),
(10503, 'P55.1', 'ABO isoimmunization of newborn', 174),
(10504, 'P55.8', 'Other hemolytic diseases of newborn', 174),
(10505, 'P55.9', 'Hemolytic disease of newborn, unspecified', 174),
(10506, 'P56', 'Hydrops fetalis due to hemolytic disease', 174),
(10507, 'P56.0', 'Hydrops fetalis due to isoimmunization', 174),
(10508, 'P56.9', 'Hydrops fetalis due to other and unspecified hemolytic disease', 174),
(10509, 'P57', 'Kernicterus', 174),
(10510, 'P57.0', 'Kernicterus due to isoimmunization', 174),
(10511, 'P57.8', 'Other specified kernicterus', 174),
(10512, 'P57.9', 'Kernicterus, unspecified', 174),
(10513, 'P58', 'Neonatal jaundice due to other excessive hemolysis', 174),
(10514, 'P58.0', 'Neonatal jaundice due to bruising', 174),
(10515, 'P58.1', 'Neonatal jaundice due to bleeding', 174),
(10516, 'P58.2', 'Neonatal jaundice due to infection', 174),
(10517, 'P58.3', 'Neonatal jaundice due to polycythemia', 174),
(10518, 'P58.4', 'Neonatal jaundice due to drugs or toxins transmitted from mother or given to newborn', 174),
(10519, 'P58.5', 'Neonatal jaundice due to swallowed maternal blood', 174),
(10520, 'P58.8', 'Neonatal jaundice due to other specified excessive hemolysis', 174),
(10521, 'P58.9', 'Neonatal jaundice due to excessive hemolysis, unspecified', 174),
(10522, 'P59', 'Neonatal jaundice from other and unspecified causes', 174),
(10523, 'P59.0', 'Neonatal jaundice associated with preterm delivery', 174),
(10524, 'P59.1', 'Inspissated bile syndrome', 174),
(10525, 'P59.2', 'Neonatal jaundice from other and unspecified hepatocellular damage', 174),
(10526, 'P59.3', 'Neonatal jaundice from breast milk inhibitor', 174),
(10527, 'P59.8', 'Neonatal jaundice from other specified causes', 174),
(10528, 'P59.9', 'Neonatal jaundice, unspecified', 174),
(10529, 'P60', 'Disseminated intravascular coagulation of newborn', 174),
(10530, 'P61', 'Other perinatal hematological disorders', 174),
(10531, 'P61.0', 'Transient neonatal thrombocytopenia', 174),
(10532, 'P61.1', 'Polycythemia neonatorum', 174),
(10533, 'P61.2', 'Anemia of prematurity', 174),
(10534, 'P61.3', 'Congenital anemia from fetal blood loss', 174),
(10535, 'P61.4', 'Other congenital anemias, not elsewhere classified', 174),
(10536, 'P61.5', 'Transient neonatal neutropenia', 174),
(10537, 'P61.6', 'Other transient neonatal disorders of coagulation', 174),
(10538, 'P61.8', 'Other specified perinatal hematological disorders', 174),
(10539, 'P61.9', 'Perinatal hematological disorder, unspecified', 174),
(10540, 'P70', 'Transitory disorders of carbohydrate metabolism specific to newborn', 175),
(10541, 'P70.0', 'Syndrome of infant of mother with gestational diabetes', 175),
(10542, 'P70.1', 'Syndrome of infant of a diabetic mother', 175),
(10543, 'P70.2', 'Neonatal diabetes mellitus', 175),
(10544, 'P70.3', 'Iatrogenic neonatal hypoglycemia', 175),
(10545, 'P70.4', 'Other neonatal hypoglycemia', 175),
(10546, 'P70.8', 'Other transitory disorders of carbohydrate metabolism of newborn', 175),
(10547, 'P70.9', 'Transitory disorder of carbohydrate metabolism of newborn, unspecified', 175),
(10548, 'P71', 'Transitory neonatal disorders of calcium and magnesium metabolism', 175),
(10549, 'P71.0', 'Cow\'s milk hypocalcemia in newborn', 175),
(10550, 'P71.1', 'Other neonatal hypocalcemia', 175),
(10551, 'P71.2', 'Neonatal hypomagnesemia', 175),
(10552, 'P71.3', 'Neonatal tetany without calcium or magnesium deficiency', 175),
(10553, 'P71.4', 'Transitory neonatal hypoparathyroidism', 175),
(10554, 'P71.8', 'Other transitory neonatal disorders of calcium and magnesium metabolism', 175),
(10555, 'P71.9', 'Transitory neonatal disorder of calcium and magnesium metabolism, unspecified', 175),
(10556, 'P72', 'Other transitory neonatal endocrine disorders', 175),
(10557, 'P72.0', 'Neonatal goiter, not elsewhere classified', 175),
(10558, 'P72.1', 'Transitory neonatal hyperthyroidism', 175),
(10559, 'P72.2', 'Other transitory neonatal disorders of thyroid function, not elsewhere classified', 175),
(10560, 'P72.8', 'Other specified transitory neonatal endocrine disorders', 175),
(10561, 'P72.9', 'Transitory neonatal endocrine disorder, unspecified', 175),
(10562, 'P74', 'Other transitory neonatal electrolyte and metabolic disturbances', 175),
(10563, 'P74.0', 'Late metabolic acidosis of newborn', 175),
(10564, 'P74.1', 'Dehydration of newborn', 175),
(10565, 'P74.2', 'Disturbances of sodium balance of newborn', 175),
(10566, 'P74.3', 'Disturbances of potassium balance of newborn', 175),
(10567, 'P74.4', 'Other transitory electrolyte disturbances of newborn', 175),
(10568, 'P74.5', 'Transitory tyrosinemia of newborn', 175),
(10569, 'P74.8', 'Other transitory metabolic disturbances of newborn', 175),
(10570, 'P74.9', 'Transitory metabolic disturbance of newborn, unspecified', 175),
(10571, 'P76', 'Other intestinal obstruction of newborn', 176),
(10572, 'P76.0', 'Meconium plug syndrome', 176),
(10573, 'P76.1', 'Transitory ileus of newborn', 176),
(10574, 'P76.2', 'Intestinal obstruction due to inspissated milk', 176),
(10575, 'P76.8', 'Other specified intestinal obstruction of newborn', 176),
(10576, 'P76.9', 'Intestinal obstruction of newborn, unspecified', 176),
(10577, 'P77', 'Necrotizing enterocolitis of newborn', 176),
(10578, 'P78', 'Other perinatal digestive system disorders', 176),
(10579, 'P78.0', 'Perinatal intestinal perforation', 176),
(10580, 'P78.1', 'Other neonatal peritonitis', 176),
(10581, 'P78.2', 'Neonatal hematemesis and melena due to swallowed maternal blood', 176),
(10582, 'P78.3', 'Noninfective neonatal diarrhea', 176),
(10583, 'P78.8', 'Other specified perinatal digestive system disorders', 176),
(10584, 'P78.9', 'Perinatal digestive system disorder, unspecified', 176),
(10585, 'P80', 'Hypothermia of newborn', 177),
(10586, 'P80.0', 'Cold injury syndrome', 177),
(10587, 'P80.8', 'Other hypothermia of newborn', 177),
(10588, 'P80.9', 'Hypothermia of newborn, unspecified', 177),
(10589, 'P81', 'Other disturbances of temperature regulation of newborn', 177),
(10590, 'P81.0', 'Environmental hyperthermia of newborn', 177),
(10591, 'P81.8', 'Other specified disturbances of temperature regulation of newborn', 177),
(10592, 'P81.9', 'Disturbance of temperature regulation of newborn, unspecified', 177),
(10593, 'P83', 'Other conditions of integument specific to newborn', 177),
(10594, 'P83.0', 'Sclerema neonatorum', 177),
(10595, 'P83.1', 'Neonatal erythema toxicum', 177),
(10596, 'P83.2', 'Hydrops fetalis not due to hemolytic disease', 177),
(10597, 'P83.3', 'Other and unspecified edema specific to newborn', 177),
(10598, 'P83.4', 'Breast engorgement of newborn', 177),
(10599, 'P83.5', 'Congenital hydrocele', 177),
(10600, 'P83.6', 'Umbilical polyp of newborn', 177),
(10601, 'P83.8', 'Other specified conditions of integument specific to newborn', 177),
(10602, 'P83.9', 'Condition of integument specific to newborn, unspecified', 177),
(10603, 'P90', 'Convulsions of newborn', 178),
(10604, 'P91', 'Other disturbances of cerebral status of newborn', 178),
(10605, 'P91.0', 'Neonatal cerebral ischemia', 178),
(10606, 'P91.1', 'Acquired periventricular cysts of newborn', 178),
(10607, 'P91.2', 'Neonatal cerebral leukomalacia', 178),
(10608, 'P91.3', 'Neonatal cerebral irritability', 178),
(10609, 'P91.4', 'Neonatal cerebral depression', 178),
(10610, 'P91.5', 'Neonatal coma', 178),
(10611, 'P91.8', 'Other specified disturbances of cerebral status of newborn', 178),
(10612, 'P91.9', 'Disturbance of cerebral status of newborn, unspecified', 178),
(10613, 'P92', 'Feeding problems of newborn', 178),
(10614, 'P92.0', 'Vomiting in newborn', 178),
(10615, 'P92.1', 'Regurgitation and rumination in newborn', 178),
(10616, 'P92.2', 'Slow feeding of newborn', 178),
(10617, 'P92.3', 'Underfeeding of newborn', 178),
(10618, 'P92.4', 'Overfeeding of newborn', 178),
(10619, 'P92.5', 'Neonatal difficulty in feeding at breast', 178),
(10620, 'P92.8', 'Other feeding problems of newborn', 178),
(10621, 'P92.9', 'Feeding problem of newborn, unspecified', 178),
(10622, 'P93', 'Reactions and intoxications due to drugs administered to newborn', 178),
(10623, 'P94', 'Disorders of muscle tone of newborn', 178),
(10624, 'P94.0', 'Transient neonatal myasthenia gravis', 178),
(10625, 'P94.1', 'Congenital hypertonia', 178),
(10626, 'P94.2', 'Congenital hypotonia', 178),
(10627, 'P94.8', 'Other disorders of muscle tone of newborn', 178),
(10628, 'P94.9', 'Disorder of muscle tone of newborn, unspecified', 178),
(10629, 'P96', 'Other conditions originating in the perinatal period', 178),
(10630, 'P96.0', 'Congenital renal failure', 178),
(10631, 'P96.1', 'Neonatal withdrawal symptoms from maternal use of drugs of addiction', 178),
(10632, 'P96.2', 'Withdrawal symptoms from therapeutic use of drugs in newborn', 178),
(10633, 'P96.3', 'Wide cranial sutures of newborn', 178),
(10634, 'P96.4', 'Termination of pregnancy, fetus, and newborn', 178),
(10635, 'P96.5', 'Complications of intrauterine procedures, not elsewhere classified', 178),
(10636, 'P96.8', 'Other specified conditions originating in the perinatal period', 178),
(10637, 'P96.9', 'Condition originating in the perinatal period, unspecified', 178),
(10638, 'Q00', 'Anencephaly and similar malformations', 179),
(10639, 'Q00.0', 'Anencephaly', 179),
(10640, 'Q00.1', 'Craniorachischisis', 179),
(10641, 'Q00.2', 'Iniencephaly', 179),
(10642, 'Q01', 'Encephalocele', 179),
(10643, 'Q01.0', 'Frontal encephalocele', 179),
(10644, 'Q01.1', 'Nasofrontal encephalocele', 179),
(10645, 'Q01.2', 'Occipital encephalocele', 179),
(10646, 'Q01.8', 'Encephalocele of other sites', 179),
(10647, 'Q01.9', 'Encephalocele, unspecified', 179),
(10648, 'Q02', 'Microcephaly', 179),
(10649, 'Q03', 'Congenital hydrocephalus', 179),
(10650, 'Q03.0', 'Malformations of aqueduct of Sylvius', 179),
(10651, 'Q03.1', 'Atresia of foramina of Magendie and Luschka', 179),
(10652, 'Q03.8', 'Other congenital hydrocephalus', 179),
(10653, 'Q03.9', 'Congenital hydrocephalus, unspecified', 179),
(10654, 'Q04', 'Other congenital malformations of brain', 179),
(10655, 'Q04.0', 'Congenital malformations of corpus callosum', 179),
(10656, 'Q04.1', 'Arhinencephaly', 179),
(10657, 'Q04.2', 'Holoprosencephaly', 179),
(10658, 'Q04.3', 'Other reduction deformities of brain', 179),
(10659, 'Q04.4', 'Septo-optic dysplasia', 179),
(10660, 'Q04.5', 'Megalencephaly', 179),
(10661, 'Q04.6', 'Congenital cerebral cysts', 179),
(10662, 'Q04.8', 'Other specified congenital malformations of brain', 179),
(10663, 'Q04.9', 'Congenital malformation of brain, unspecified', 179),
(10664, 'Q05', 'Spina bifida', 179),
(10665, 'Q05.0', 'Cervical spina bifida with hydrocephalus', 179),
(10666, 'Q05.1', 'Thoracic spina bifida with hydrocephalus', 179),
(10667, 'Q05.2', 'Lumbar spina bifida with hydrocephalus', 179),
(10668, 'Q05.3', 'Sacral spina bifida with hydrocephalus', 179),
(10669, 'Q05.4', 'Unspecified spina bifida with hydrocephalus', 179),
(10670, 'Q05.5', 'Cervical spina bifida without hydrocephalus', 179),
(10671, 'Q05.6', 'Thoracic spina bifida without hydrocephalus', 179),
(10672, 'Q05.7', 'Lumbar spina bifida without hydrocephalus', 179),
(10673, 'Q05.8', 'Sacral spina bifida without hydrocephalus', 179),
(10674, 'Q05.9', 'Spina bifida, unspecified', 179),
(10675, 'Q06', 'Other congenital malformations of spinal cord', 179),
(10676, 'Q06.0', 'Amyelia', 179),
(10677, 'Q06.1', 'Hypoplasia and dysplasia of spinal cord', 179),
(10678, 'Q06.2', 'Diastematomyelia', 179),
(10679, 'Q06.3', 'Other congenital cauda equina malformations', 179),
(10680, 'Q06.4', 'Hydromyelia', 179),
(10681, 'Q06.8', 'Other specified congenital malformations of spinal cord', 179),
(10682, 'Q06.9', 'Congenital malformation of spinal cord, unspecified', 179),
(10683, 'Q07', 'Other congenital malformations of nervous system', 179),
(10684, 'Q07.0', 'Arnold-Chiari syndrome', 179),
(10685, 'Q07.8', 'Other specified congenital malformations of nervous system', 179),
(10686, 'Q07.9', 'Congenital malformation of nervous system, unspecified', 179),
(10687, 'Q10', 'Congenital malformations of eyelid, lacrimal apparatus, and orbit', 180),
(10688, 'Q10.0', 'Congenital ptosis', 180),
(10689, 'Q10.1', 'Congenital ectropion', 180),
(10690, 'Q10.2', 'Congenital entropion', 180),
(10691, 'Q10.3', 'Other congenital malformations of eyelid', 180),
(10692, 'Q10.4', 'Absence and agenesis of lacrimal apparatus', 180),
(10693, 'Q10.5', 'Congenital stenosis and stricture of lacrimal duct', 180),
(10694, 'Q10.6', 'Other congenital malformations of lacrimal apparatus', 180),
(10695, 'Q10.7', 'Congenital malformation of orbit', 180),
(10696, 'Q11', 'Anophthalmos, microphthalmos, and macrophthalmos', 180),
(10697, 'Q11.0', 'Cystic eyeball', 180),
(10698, 'Q11.1', 'Other anophthalmos', 180),
(10699, 'Q11.2', 'Microphthalmos', 180),
(10700, 'Q11.3', 'Macrophthalmos', 180),
(10701, 'Q12', 'Congenital lens malformations', 180),
(10702, 'Q12.0', 'Congenital cataract', 180),
(10703, 'Q12.1', 'Congenital displaced lens', 180),
(10704, 'Q12.2', 'Coloboma of lens', 180),
(10705, 'Q12.3', 'Congenital aphakia', 180),
(10706, 'Q12.4', 'Spherophakia', 180),
(10707, 'Q12.8', 'Other congenital lens malformations', 180),
(10708, 'Q12.9', 'Congenital lens malformation, unspecified', 180),
(10709, 'Q13', 'Congenital malformations of anterior segment of eye', 180),
(10710, 'Q13.0', 'Coloboma of iris', 180),
(10711, 'Q13.1', 'Absence of iris', 180),
(10712, 'Q13.2', 'Other congenital malformations of iris', 180),
(10713, 'Q13.3', 'Congenital corneal opacity', 180),
(10714, 'Q13.4', 'Other congenital corneal malformations', 180),
(10715, 'Q13.5', 'Blue sclera', 180),
(10716, 'Q13.8', 'Other congenital malformations of anterior segment of eye', 180),
(10717, 'Q13.9', 'Congenital malformation of anterior segment of eye, unspecified', 180),
(10718, 'Q14', 'Congenital malformations of posterior segment of eye', 180),
(10719, 'Q14.0', 'Congenital malformation of vitreous humour', 180),
(10720, 'Q14.1', 'Congenital malformation of retina', 180),
(10721, 'Q14.2', 'Congenital malformation of optic disc', 180),
(10722, 'Q14.3', 'Congenital malformation of choroid', 180),
(10723, 'Q14.8', 'Other congenital malformations of posterior segment of eye', 180),
(10724, 'Q14.9', 'Congenital malformation of posterior segment of eye, unspecified', 180),
(10725, 'Q15', 'Other congenital malformations of eye', 180),
(10726, 'Q15.0', 'Congenital glaucoma', 180),
(10727, 'Q15.8', 'Other specified congenital malformations of eye', 180),
(10728, 'Q15.9', 'Congenital malformation of eye, unspecified', 180),
(10729, 'Q16', 'Congenital malformations of ear causing impairment of hearing', 180),
(10730, 'Q16.0', 'Congenital absence of (ear) auricle', 180),
(10731, 'Q16.1', 'Congenital absence, atresia, and stricture of auditory canal (external)', 180),
(10732, 'Q16.2', 'Absence of eustachian tube', 180),
(10733, 'Q16.3', 'Congenital malformation of ear ossicles', 180),
(10734, 'Q16.4', 'Other congenital malformations of middle ear', 180),
(10735, 'Q16.5', 'Congenital malformation of inner ear', 180),
(10736, 'Q16.9', 'Congenital malformation of ear causing impairment of hearing, unspecified', 180),
(10737, 'Q17', 'Other congenital malformations of ear', 180),
(10738, 'Q17.0', 'Accessory auricle', 180),
(10739, 'Q17.1', 'Macrotia', 180),
(10740, 'Q17.2', 'Microtia', 180),
(10741, 'Q17.3', 'Other misshapen ear', 180),
(10742, 'Q17.4', 'Misplaced ear', 180),
(10743, 'Q17.5', 'Prominent ear', 180),
(10744, 'Q17.8', 'Other specified congenital malformations of ear', 180),
(10745, 'Q17.9', 'Congenital malformation of ear, unspecified', 180),
(10746, 'Q18', 'Other congenital malformations of face and neck', 180),
(10747, 'Q18.0', 'Sinus, fistula, and cyst of branchial cleft', 180),
(10748, 'Q18.1', 'Preauricular sinus and cyst', 180),
(10749, 'Q18.2', 'Other branchial cleft malformations', 180),
(10750, 'Q18.3', 'Webbing of neck', 180),
(10751, 'Q18.4', 'Macrostomia', 180),
(10752, 'Q18.5', 'Microstomia', 180),
(10753, 'Q18.6', 'Macrocheilia', 180),
(10754, 'Q18.7', 'Microcheilia', 180),
(10755, 'Q18.8', 'Other specified congenital malformations of face and neck', 180),
(10756, 'Q18.9', 'Congenital malformation of face and neck, unspecified', 180),
(10757, 'Q20', 'Congenital malformations of cardiac chambers and connections', 181),
(10758, 'Q20.0', 'Common arterial trunk', 181),
(10759, 'Q20.1', 'Double outlet right ventricle', 181),
(10760, 'Q20.2', 'Double outlet left ventricle', 181),
(10761, 'Q20.3', 'Discordant ventriculoarterial connection', 181),
(10762, 'Q20.4', 'Double inlet ventricle', 181),
(10763, 'Q20.5', 'Discordant atrioventricular connection', 181),
(10764, 'Q20.6', 'Isomerism of atrial appendages', 181),
(10765, 'Q20.8', 'Other congenital malformations of cardiac chambers and connections', 181),
(10766, 'Q20.9', 'Congenital malformation of cardiac chambers and connections, unspecified', 181),
(10767, 'Q21', 'Congenital malformations of cardiac septa', 181),
(10768, 'Q21.0', 'Ventricular septal defect', 181),
(10769, 'Q21.1', 'Atrial septal defect', 181),
(10770, 'Q21.2', 'Atrioventricular septal defect', 181),
(10771, 'Q21.3', 'Tetralogy of Fallot', 181),
(10772, 'Q21.4', 'Aortopulmonary septal defect', 181),
(10773, 'Q21.8', 'Other congenital malformations of cardiac septa', 181),
(10774, 'Q21.9', 'Congenital malformation of cardiac septum, unspecified', 181),
(10775, 'Q22', 'Congenital malformations of pulmonary and tricuspid valves', 181),
(10776, 'Q22.0', 'Pulmonary valve atresia', 181),
(10777, 'Q22.1', 'Congenital pulmonary valve stenosis', 181),
(10778, 'Q22.2', 'Congenital pulmonary valve insufficiency', 181),
(10779, 'Q22.3', 'Other congenital malformations of pulmonary valve', 181),
(10780, 'Q22.4', 'Congenital tricuspid stenosis', 181),
(10781, 'Q22.5', 'Ebstein\'s anomaly', 181),
(10782, 'Q22.6', 'Hypoplastic right heart syndrome', 181),
(10783, 'Q22.8', 'Other congenital malformations of tricuspid valve', 181),
(10784, 'Q22.9', 'Congenital malformation of tricuspid valve, unspecified', 181),
(10785, 'Q23', 'Congenital malformations of aortic and mitral valves', 181),
(10786, 'Q23.0', 'Congenital stenosis of aortic valve', 181),
(10787, 'Q23.1', 'Congenital insufficiency of aortic valve', 181),
(10788, 'Q23.2', 'Congenital mitral stenosis', 181),
(10789, 'Q23.3', 'Congenital mitral insufficiency', 181),
(10790, 'Q23.4', 'Hypoplastic left heart syndrome', 181),
(10791, 'Q23.8', 'Other congenital malformations of aortic and mitral valves', 181),
(10792, 'Q23.9', 'Congenital malformation of aortic and mitral valves, unspecified', 181),
(10793, 'Q24', 'Other congenital malformations of heart', 181),
(10794, 'Q24.0', 'Dextrocardia', 181),
(10795, 'Q24.1', 'Levocardia', 181),
(10796, 'Q24.2', 'Cor triatriatum', 181),
(10797, 'Q24.3', 'Pulmonary infundibular stenosis', 181),
(10798, 'Q24.4', 'Congenital subaortic stenosis', 181),
(10799, 'Q24.5', 'Malformation of coronary vessels', 181),
(10800, 'Q24.6', 'Congenital heart block', 181),
(10801, 'Q24.8', 'Other specified congenital malformations of heart', 181),
(10802, 'Q24.9', 'Congenital malformation of the heart, unspecified', 181),
(10803, 'Q25', 'Congenital malformations of great arteries', 181),
(10804, 'Q25.0', 'Patent ductus arteriosus', 181),
(10805, 'Q25.1', 'Coarctation of aorta', 181),
(10806, 'Q25.2', 'Atresia of aorta', 181),
(10807, 'Q25.3', 'Stenosis of aorta', 181),
(10808, 'Q25.4', 'Other congenital malformations of aorta', 181),
(10809, 'Q25.5', 'Atresia of pulmonary artery', 181),
(10810, 'Q25.6', 'Stenosis of pulmonary artery', 181),
(10811, 'Q25.7', 'Other congenital malformations of pulmonary artery', 181),
(10812, 'Q25.8', 'Other congenital malformations of great arteries', 181),
(10813, 'Q25.9', 'Congenital malformation of great arteries, unspecified', 181),
(10814, 'Q26', 'Congenital malformations of great veins', 181),
(10815, 'Q26.0', 'Congenital stenosis of vena cava', 181),
(10816, 'Q26.1', 'Persistent left superior vena cava', 181),
(10817, 'Q26.2', 'Total anomalous pulmonary venous connection', 181),
(10818, 'Q26.3', 'Partial anomalous pulmonary venous connection', 181),
(10819, 'Q26.4', 'Anomalous pulmonary venous connection, unspecified', 181),
(10820, 'Q26.5', 'Anomalous portal venous connection', 181),
(10821, 'Q26.6', 'Portal vein-hepatic artery fistula', 181),
(10822, 'Q26.8', 'Other congenital malformations of great veins', 181),
(10823, 'Q26.9', 'Congenital malformation of great vein, unspecified', 181),
(10824, 'Q27', 'Other congenital malformations of peripheral vascular system', 181),
(10825, 'Q27.0', 'Congenital absence and hypoplasia of umbilical artery', 181),
(10826, 'Q27.1', 'Congenital renal artery stenosis', 181),
(10827, 'Q27.2', 'Other congenital malformations of renal artery', 181),
(10828, 'Q27.3', 'Peripheral arteriovenous malformation', 181),
(10829, 'Q27.4', 'Congenital phlebectasia', 181),
(10830, 'Q27.8', 'Other specified congenital malformations of peripheral vascular system', 181),
(10831, 'Q27.9', 'Congenital malformation of peripheral vascular system, unspecified', 181),
(10832, 'Q28', 'Other congenital malformations of circulatory system', 181),
(10833, 'Q28.0', 'Arteriovenous malformation of precerebral vessels', 181),
(10834, 'Q28.1', 'Other malformations of precerebral vessels', 181),
(10835, 'Q28.2', 'Arteriovenous malformation of cerebral vessels', 181),
(10836, 'Q28.3', 'Other malformations of cerebral vessels', 181),
(10837, 'Q28.8', 'Other specified congenital malformations of circulatory system', 181),
(10838, 'Q28.9', 'Congenital malformation of circulatory system, unspecified', 181),
(10839, 'Q30', 'Congenital malformations of nose', 182),
(10840, 'Q30.0', 'Choanal atresia', 182),
(10841, 'Q30.1', 'Agenesis and underdevelopment of nose', 182),
(10842, 'Q30.2', 'Fissured, notched, and cleft nose', 182),
(10843, 'Q30.3', 'Congenital perforated nasal septum', 182),
(10844, 'Q30.8', 'Other congenital malformations of nose', 182),
(10845, 'Q30.9', 'Congenital malformation of nose, unspecified', 182),
(10846, 'Q31', 'Congenital malformations of larynx', 182),
(10847, 'Q31.0', 'Web of larynx', 182),
(10848, 'Q31.1', 'Congenital subglottic stenosis', 182),
(10849, 'Q31.2', 'Laryngeal hypoplasia', 182),
(10850, 'Q31.3', 'Laryngocele', 182),
(10851, 'Q31.4', 'Congenital laryngeal stridor', 182),
(10852, 'Q31.8', 'Other congenital malformations of larynx', 182),
(10853, 'Q31.9', 'Congenital malformation of larynx, unspecified', 182),
(10854, 'Q32', 'Congenital malformations of trachea and bronchus', 182),
(10855, 'Q32.0', 'Congenital tracheomalacia', 182),
(10856, 'Q32.1', 'Other congenital malformations of trachea', 182),
(10857, 'Q32.2', 'Congenital bronchomalacia', 182),
(10858, 'Q32.3', 'Congenital stenosis of bronchus', 182),
(10859, 'Q32.4', 'Other congenital malformations of bronchus', 182),
(10860, 'Q33', 'Congenital malformations of lung', 182),
(10861, 'Q33.0', 'Congenital cystic lung', 182),
(10862, 'Q33.1', 'Accessory lobe of lung', 182),
(10863, 'Q33.2', 'Sequestration of lung', 182),
(10864, 'Q33.3', 'Agenesis of lung', 182),
(10865, 'Q33.4', 'Congenital bronchiectasis', 182),
(10866, 'Q33.5', 'Ectopic tissue in lung', 182),
(10867, 'Q33.6', 'Hypoplasia and dysplasia of lung', 182),
(10868, 'Q33.8', 'Other congenital malformations of lung', 182),
(10869, 'Q33.9', 'Congenital malformation of lung, unspecified', 182),
(10870, 'Q34', 'Other congenital malformations of respiratory system', 182),
(10871, 'Q34.0', 'Anomaly of pleura', 182),
(10872, 'Q34.1', 'Congenital cyst of mediastinum', 182),
(10873, 'Q34.8', 'Other specified congenital malformations of respiratory system', 182),
(10874, 'Q34.9', 'Congenital malformation of respiratory system, unspecified', 182),
(10875, 'Q35', 'Cleft palate', 183),
(10876, 'Q35.0', 'Cleft hard palate, bilateral', 183),
(10877, 'Q35.1', 'Cleft hard palate, unilateral', 183),
(10878, 'Q35.2', 'Cleft soft palate, bilateral', 183),
(10879, 'Q35.3', 'Cleft soft palate, unilateral', 183),
(10880, 'Q35.4', 'Cleft hard palate with cleft soft palate, bilateral', 183),
(10881, 'Q35.5', 'Cleft hard palate with cleft soft palate, unilateral', 183),
(10882, 'Q35.6', 'Cleft palate, medial', 183),
(10883, 'Q35.7', 'Cleft uvula', 183),
(10884, 'Q35.8', 'Cleft palate, unspecified, bilateral', 183),
(10885, 'Q35.9', 'Cleft palate, unspecified, unilateral', 183),
(10886, 'Q36', 'Cleft lip', 183),
(10887, 'Q36.0', 'Cleft lip, bilateral', 183),
(10888, 'Q36.1', 'Cleft lip, medial', 183),
(10889, 'Q36.9', 'Cleft lip, unilateral', 183),
(10890, 'Q37', 'Cleft palate with cleft lip', 183),
(10891, 'Q37.0', 'Cleft hard palate with cleft lip, bilateral', 183),
(10892, 'Q37.1', 'Cleft hard palate with cleft lip, unilateral', 183),
(10893, 'Q37.2', 'Cleft soft palate with cleft lip, bilateral', 183),
(10894, 'Q37.3', 'Cleft soft palate with cleft lip, unilateral', 183),
(10895, 'Q37.4', 'Cleft hard and soft palate with cleft lip, bilateral', 183),
(10896, 'Q37.5', 'Cleft hard and soft palate with cleft lip, unilateral', 183),
(10897, 'Q37.8', 'Unspecified cleft palate with cleft lip, bilateral', 183),
(10898, 'Q37.9', 'Unspecified cleft palate with cleft lip, unilateral', 183),
(10899, 'Q38', 'Other congenital malformations of tongue, mouth and pharynx', 184),
(10900, 'Q38.0', 'Congenital malformations of lips, not elsewhere classified', 184),
(10901, 'Q38.1', 'Ankyloglossia', 184),
(10902, 'Q38.2', 'Macroglossia', 184),
(10903, 'Q38.3', 'Other congenital malformations of tongue', 184),
(10904, 'Q38.4', 'Congenital malformations of salivary glands and ducts', 184),
(10905, 'Q38.5', 'Congenital malformations of palate, not elsewhere classified', 184),
(10906, 'Q38.6', 'Other congenital malformations of mouth', 184),
(10907, 'Q38.7', 'Pharyngeal pouch', 184),
(10908, 'Q38.8', 'Other congenital malformations of pharynx', 184),
(10909, 'Q39', 'Congenital malformations of esophagus', 184),
(10910, 'Q39.0', 'Atresia of esophagus without fistula', 184),
(10911, 'Q39.1', 'Atresia of esophagus with tracheoesophageal fistula', 184),
(10912, 'Q39.2', 'Congenital tracheoesophageal fistula without atresia', 184),
(10913, 'Q39.3', 'Congenital stenosis and stricture of esophagus', 184),
(10914, 'Q39.4', 'Esophageal web', 184),
(10915, 'Q39.5', 'Congenital dilatation of esophagus', 184),
(10916, 'Q39.6', 'Diverticulum of esophagus', 184),
(10917, 'Q39.8', 'Other congenital malformations of esophagus', 184),
(10918, 'Q39.9', 'Congenital malformation of esophagus, unspecified', 184),
(10919, 'Q40', 'Other congenital malformations of upper alimentary tract', 184),
(10920, 'Q40.0', 'Congenital hypertrophic pyloric stenosis', 184),
(10921, 'Q40.1', 'Congenital hiatus hernia', 184),
(10922, 'Q40.2', 'Other specified congenital malformations of stomach', 184),
(10923, 'Q40.3', 'Congenital malformation of stomach, unspecified', 184),
(10924, 'Q40.8', 'Other specified congenital malformations of upper alimentary tract', 184),
(10925, 'Q40.9', 'Congenital malformation of upper alimentary tract, unspecified', 184),
(10926, 'Q41', 'Congenital absence, atresia, and stenosis of small intestine', 184),
(10927, 'Q41.0', 'Congenital absence, atresia, and stenosis of duodenum', 184),
(10928, 'Q41.1', 'Congenital absence, atresia, and stenosis of jejunum', 184),
(10929, 'Q41.2', 'Congenital absence, atresia, and stenosis of ileum', 184),
(10930, 'Q41.8', 'Congenital absence, atresia, and stenosis of other specified parts of small intestine', 184),
(10931, 'Q41.9', 'Congenital absence, atresia, and stenosis of small intestine, part unspecified', 184),
(10932, 'Q42', 'Congenital absence, atresia, and stenosis of large intestine', 184),
(10933, 'Q42.0', 'Congenital absence, atresia, and stenosis of rectum with fistula', 184),
(10934, 'Q42.1', 'Congenital absence, atresia, and stenosis of rectum without fistula', 184),
(10935, 'Q42.2', 'Congenital absence, atresia, and stenosis of anus with fistula', 184),
(10936, 'Q42.3', 'Congenital absence, atresia, and stenosis of anus without fistula', 184),
(10937, 'Q42.8', 'Congenital absence, atresia, and stenosis of other parts of large intestine', 184),
(10938, 'Q42.9', 'Congenital absence, atresia, and stenosis of large intestine, part unspecified', 184),
(10939, 'Q43', 'Other congenital malformations of intestine', 184),
(10940, 'Q43.0', 'Meckel\'s diverticulum', 184),
(10941, 'Q43.1', 'Hirschsprung\'s disease', 184),
(10942, 'Q43.2', 'Other congenital functional disorders of colon', 184),
(10943, 'Q43.3', 'Congenital malformations of intestinal fixation', 184),
(10944, 'Q43.4', 'Duplication of intestine', 184),
(10945, 'Q43.5', 'Ectopic anus', 184),
(10946, 'Q43.6', 'Congenital fistula of rectum and anus', 184),
(10947, 'Q43.7', 'Persistent cloaca', 184),
(10948, 'Q43.8', 'Other specified congenital malformations of intestine', 184),
(10949, 'Q43.9', 'Congenital malformation of intestine, unspecified', 184),
(10950, 'Q44', 'Congenital malformations of gallbladder, bile ducts, and liver', 184),
(10951, 'Q44.0', 'Agenesis, aplasia, and hypoplasia of gallbladder', 184),
(10952, 'Q44.1', 'Other congenital malformations of gallbladder', 184),
(10953, 'Q44.2', 'Atresia of bile ducts', 184),
(10954, 'Q44.3', 'Congenital stenosis and stricture of bile ducts', 184),
(10955, 'Q44.4', 'Choledochal cyst', 184),
(10956, 'Q44.5', 'Other congenital malformations of bile ducts', 184),
(10957, 'Q44.6', 'Cystic disease of liver', 184),
(10958, 'Q44.7', 'Other congenital malformations of liver', 184),
(10959, 'Q45', 'Other congenital malformations of digestive system', 184),
(10960, 'Q45.0', 'Agenesis, aplasia, and hypoplasia of pancreas', 184),
(10961, 'Q45.1', 'Annular pancreas', 184),
(10962, 'Q45.2', 'Congenital pancreatic cyst', 184),
(10963, 'Q45.3', 'Other congenital malformations of pancreas and pancreatic duct', 184),
(10964, 'Q45.8', 'Other specified congenital malformations of digestive system', 184),
(10965, 'Q45.9', 'Congenital malformation of digestive system, unspecified', 184),
(10966, 'Q50', 'Congenital malformations of ovaries, fallopian tubes, and broad ligaments', 185),
(10967, 'Q50.0', 'Congenital absence of ovary', 185),
(10968, 'Q50.1', 'Developmental ovarian cyst', 185),
(10969, 'Q50.2', 'Congenital torsion of ovary', 185),
(10970, 'Q50.3', 'Other congenital malformations of ovary', 185),
(10971, 'Q50.4', 'Embryonic cyst of fallopian tube', 185),
(10972, 'Q50.5', 'Embryonic cyst of broad ligament', 185),
(10973, 'Q50.6', 'Other congenital malformatons of fallopian tube and broad ligament', 185),
(10974, 'Q51', 'Congenital malformations of uterus and cervix', 185),
(10975, 'Q51.0', 'Agenesis and aplasia of uterus', 185),
(10976, 'Q51.1', 'Doubling of uterus with doubling of cervix and vagina', 185),
(10977, 'Q51.2', 'Other doubling of uterus', 185),
(10978, 'Q51.3', 'Bicornate uterus', 185),
(10979, 'Q51.4', 'Unicornate uterus', 185),
(10980, 'Q51.5', 'Agenesis and aplasia of cervix', 185),
(10981, 'Q51.6', 'Embryonic cyst of cervix', 185),
(10982, 'Q51.7', 'Congenital fistulae between uterus and digestive and urinary tracts', 185),
(10983, 'Q51.8', 'Other congenital malformations of uterus and cervix', 185),
(10984, 'Q51.9', 'Congenital malformation of uterus and cervix, unspecified', 185),
(10985, 'Q52', 'Other congenital malformations of female genitalia', 185),
(10986, 'Q52.0', 'Congenital absence of vagina', 185),
(10987, 'Q52.1', 'Doubling of vagina', 185),
(10988, 'Q52.2', 'Congenital rectovaginal fistula', 185),
(10989, 'Q52.3', 'Imperforate hymen', 185),
(10990, 'Q52.4', 'Other congenital malformations of vagina', 185),
(10991, 'Q52.5', 'Fusion of labia', 185),
(10992, 'Q52.6', 'Congenital malformation of clitoris', 185),
(10993, 'Q52.7', 'Other congenital malformations of vulva', 185),
(10994, 'Q52.8', 'Other specified congenital malformations of female genitalia', 185),
(10995, 'Q52.9', 'Congenital malformation of female genitalia, unspecified', 185),
(10996, 'Q53', 'Undescended testicle', 185);
INSERT INTO `diseases` (`id`, `disease_code`, `disease_name`, `section_id`) VALUES
(10997, 'Q53.0', 'Ectopic testis', 185),
(10998, 'Q53.1', 'Undescended testicle, unilateral', 185),
(10999, 'Q53.2', 'Undescended testicle, bilateral', 185),
(11000, 'Q53.9', 'Undescended testicle, unspecified', 185),
(11001, 'Q54', 'Hypospadias', 185),
(11002, 'Q54.0', 'Hypospadias, balanic', 185),
(11003, 'Q54.1', 'Hypospadias, penile', 185),
(11004, 'Q54.2', 'Hypospadias, penoscrotal', 185),
(11005, 'Q54.3', 'Hypospadias, perineal', 185),
(11006, 'Q54.4', 'Congenital chordee', 185),
(11007, 'Q54.8', 'Other hypospadias', 185),
(11008, 'Q54.9', 'Hypospadias, unspecified', 185),
(11009, 'Q55', 'Other congenital malformations of male genital organs', 185),
(11010, 'Q55.0', 'Absence and aplasia of testis', 185),
(11011, 'Q55.1', 'Hypoplasia of testis and scrotum', 185),
(11012, 'Q55.2', 'Other congenital malformations of testis and scrotum', 185),
(11013, 'Q55.3', 'Atresia of vas deferens', 185),
(11014, 'Q55.4', 'Other congenital malformations of vas deferens, epididymis, seminal vesicles, and prostate', 185),
(11015, 'Q55.5', 'Congenital absence and aplasia of penis', 185),
(11016, 'Q55.6', 'Other congenital malformations of penis', 185),
(11017, 'Q55.8', 'Other specified congenital malformations of male genital organs', 185),
(11018, 'Q55.9', 'Congenital malformation of male genital organ, unspecified', 185),
(11019, 'Q56', 'Indeterminate sex and pseudohermaphroditism', 185),
(11020, 'Q56.0', 'Hermaphroditism, not elsewhere classified', 185),
(11021, 'Q56.1', 'Male pseudohermaphroditism, not elsewhere classified', 185),
(11022, 'Q56.2', 'Female pseudohermaphroditism, not elsewhere classified', 185),
(11023, 'Q56.3', 'Pseudohermaphroditism, unspecified', 185),
(11024, 'Q56.4', 'Indeterminate sex, unspecified', 185),
(11025, 'Q60', 'Renal agenesis and other reduction defects of kidney', 186),
(11026, 'Q60.0', 'Renal agenesis, unilateral', 186),
(11027, 'Q60.1', 'Renal agenesis, bilateral', 186),
(11028, 'Q60.2', 'Renal agenesis, unspecified', 186),
(11029, 'Q60.3', 'Renal hypoplasia, unilateral', 186),
(11030, 'Q60.4', 'Renal hypoplasia, bilateral', 186),
(11031, 'Q60.5', 'Renal hypoplasia, unspecified', 186),
(11032, 'Q60.6', 'Potter\'s syndrome', 186),
(11033, 'Q61', 'Cystic kidney disease', 186),
(11034, 'Q61.0', 'Congenital single renal cyst', 186),
(11035, 'Q61.1', 'Polycystic kidney, infantile type', 186),
(11036, 'Q61.2', 'Polycystic kidney, adult type', 186),
(11037, 'Q61.3', 'Polycystic kidney, unspecified', 186),
(11038, 'Q61.4', 'Renal dysplasia', 186),
(11039, 'Q61.5', 'Medullary cystic kidney', 186),
(11040, 'Q61.8', 'Other cystic kidney diseases', 186),
(11041, 'Q61.9', 'Cystic kidney disease, unspecified', 186),
(11042, 'Q62', 'Congenital obstructive defects of renal pelvis and congenital malformations of ureter', 186),
(11043, 'Q62.0', 'Congenital hydronephrosis', 186),
(11044, 'Q62.1', 'Atresia and stenosis of ureter', 186),
(11045, 'Q62.2', 'Congenital megaloureter', 186),
(11046, 'Q62.3', 'Other obstructive defects of renal pelvis and ureter', 186),
(11047, 'Q62.4', 'Agenesis of ureter', 186),
(11048, 'Q62.5', 'Duplication of ureter', 186),
(11049, 'Q62.6', 'Malposition of ureter', 186),
(11050, 'Q62.7', 'Congenital vesico-uretero-renal reflux', 186),
(11051, 'Q62.8', 'Other congenital malformations of ureter', 186),
(11052, 'Q63', 'Other congenital malformations of kidney', 186),
(11053, 'Q63.0', 'Accessory kidney', 186),
(11054, 'Q63.1', 'Lobulated, fused, and horseshoe kidney', 186),
(11055, 'Q63.2', 'Ectopic kidney', 186),
(11056, 'Q63.3', 'Hyperplastic and giant kidney', 186),
(11057, 'Q63.8', 'Other specified congenital malformations of kidney', 186),
(11058, 'Q63.9', 'Congenital malformation of kidney, unspecified', 186),
(11059, 'Q64', 'Other congenital malformations of urinary system', 186),
(11060, 'Q64.0', 'Epispadias', 186),
(11061, 'Q64.1', 'Exstrophy of urinary bladder', 186),
(11062, 'Q64.2', 'Congenital posterior urethral valves', 186),
(11063, 'Q64.3', 'Other atresia and stenosis of urethra and bladder neck', 186),
(11064, 'Q64.4', 'Malformation of urachus', 186),
(11065, 'Q64.5', 'Congenital absence of bladder and urethra', 186),
(11066, 'Q64.6', 'Congenital diverticulum of bladder', 186),
(11067, 'Q64.7', 'Other congenital malformations of bladder and urethra', 186),
(11068, 'Q64.8', 'Other specified congenital malformations of urinary system', 186),
(11069, 'Q64.9', 'Congenital malformation of urinary system, unspecified', 186),
(11070, 'Q65', 'Congenital deformities of hip', 187),
(11071, 'Q65.0', 'Congenital dislocation of hip, unilateral', 187),
(11072, 'Q65.1', 'Congenital dislocation of hip, bilateral', 187),
(11073, 'Q65.2', 'Congenital dislocation of hip, unspecified', 187),
(11074, 'Q65.3', 'Congenital subluxation of hip, unilateral', 187),
(11075, 'Q65.4', 'Congenital subluxation of hip, bilateral', 187),
(11076, 'Q65.5', 'Congenital subluxation of hip, unspecified', 187),
(11077, 'Q65.6', 'Unstable hip', 187),
(11078, 'Q65.8', 'Other congenital deformities of hip', 187),
(11079, 'Q65.9', 'Congenital deformity of hip, unspecified', 187),
(11080, 'Q66', 'Congenital deformities of feet', 187),
(11081, 'Q66.0', 'Talipes equinovarus', 187),
(11082, 'Q66.1', 'Talipes calcaneovarus', 187),
(11083, 'Q66.2', 'Metatarsus varus', 187),
(11084, 'Q66.3', 'Other congenital varus deformities of feet', 187),
(11085, 'Q66.4', 'Talipes calcaneovalgus', 187),
(11086, 'Q66.5', 'Congenital pes planus', 187),
(11087, 'Q66.6', 'Other congenital valgus deformities of feet', 187),
(11088, 'Q66.7', 'Pes cavus', 187),
(11089, 'Q66.8', 'Other congenital deformities of feet', 187),
(11090, 'Q66.9', 'Congenital deformity of feet, unspecified', 187),
(11091, 'Q67', 'Congenital musculoskeletal deformities of head, face, spine, and chest', 187),
(11092, 'Q67.0', 'Facial asymmetry', 187),
(11093, 'Q67.1', 'Compression facies', 187),
(11094, 'Q67.2', 'Dolichocephaly', 187),
(11095, 'Q67.3', 'Plagiocephaly', 187),
(11096, 'Q67.4', 'Other congenital deformities of skull, face, and jaw', 187),
(11097, 'Q67.5', 'Congenital deformity of spine', 187),
(11098, 'Q67.6', 'Pectus excavatum', 187),
(11099, 'Q67.7', 'Pectus carinatum', 187),
(11100, 'Q67.8', 'Other congenital deformities of chest', 187),
(11101, 'Q68', 'Other congenital musculoskeletal deformities', 187),
(11102, 'Q68.0', 'Congenital deformity of sternocleidomastoid muscle', 187),
(11103, 'Q68.1', 'Congenital deformity of hand', 187),
(11104, 'Q68.2', 'Congenital deformity of knee', 187),
(11105, 'Q68.3', 'Congenital bowing of femur', 187),
(11106, 'Q68.4', 'Congenital bowing of tibia and fibula', 187),
(11107, 'Q68.5', 'Congenital bowing of long bones of leg, unspecified', 187),
(11108, 'Q68.8', 'Other specified congenital musculoskeletal deformities', 187),
(11109, 'Q69', 'Polydactyly', 187),
(11110, 'Q69.0', 'Accessory finger(s)', 187),
(11111, 'Q69.1', 'Accessory thumb(s)', 187),
(11112, 'Q69.2', 'Accessory toe(s)', 187),
(11113, 'Q69.9', 'Polydactyly, unspecified', 187),
(11114, 'Q70', 'Syndactyly', 187),
(11115, 'Q70.0', 'Fused fingers', 187),
(11116, 'Q70.1', 'Webbed fingers', 187),
(11117, 'Q70.2', 'Fused toes', 187),
(11118, 'Q70.3', 'Webbed toes', 187),
(11119, 'Q70.4', 'Polysyndactyly', 187),
(11120, 'Q70.9', 'Syndactyly, unspecified', 187),
(11121, 'Q71', 'Reduction defects of upper limb', 187),
(11122, 'Q71.0', 'Congenital complete absence of upper limb(s)', 187),
(11123, 'Q71.1', 'Congenital absence of upper arm and forearm with hand present', 187),
(11124, 'Q71.2', 'Congenital absence of both forearm and hand', 187),
(11125, 'Q71.3', 'Congenital absence of hand and finger(s)', 187),
(11126, 'Q71.4', 'Longitudinal reduction defect of radius', 187),
(11127, 'Q71.5', 'Longitudinal reduction defect of ulna', 187),
(11128, 'Q71.6', 'Lobster-claw hand', 187),
(11129, 'Q71.8', 'Other reduction defects of upper limb(s)', 187),
(11130, 'Q71.9', 'Reduction defect of upper limb, unspecified', 187),
(11131, 'Q72', 'Reduction defects of lower limb', 187),
(11132, 'Q72.0', 'Congenital complete absence of lower limb(s)', 187),
(11133, 'Q72.1', 'Congenital absence of thigh and lower leg with foot present', 187),
(11134, 'Q72.2', 'Congenital absence of both lower leg and foot', 187),
(11135, 'Q72.3', 'Congenital absence of foot and toe(s)', 187),
(11136, 'Q72.4', 'Longitudinal reduction defect of femur', 187),
(11137, 'Q72.5', 'Longitudinal reduction defect of tibia', 187),
(11138, 'Q72.6', 'Longitudinal reduction defect of fibula', 187),
(11139, 'Q72.7', 'Split foot', 187),
(11140, 'Q72.8', 'Other reduction defects of lower limb(s)', 187),
(11141, 'Q72.9', 'Reduction defect of lower limb, unspecified', 187),
(11142, 'Q73', 'Reduction defects of unspecified limb', 187),
(11143, 'Q73.0', 'Congenital absence of unspecified limb(s)', 187),
(11144, 'Q73.1', 'Phocomelia, unspecified limb(s)', 187),
(11145, 'Q73.8', 'Other reduction defects of unspecified limb(s)', 187),
(11146, 'Q74', 'Other congenital malformations of limb(s)', 187),
(11147, 'Q74.0', 'Other congenital malformations of upper limb(s), including shoulder girdle', 187),
(11148, 'Q74.1', 'Congenital malformation of knee', 187),
(11149, 'Q74.2', 'Other congenital malformations of lower limb(s), including pelvic girdle', 187),
(11150, 'Q74.3', 'Arthrogryposis multiplex congenita', 187),
(11151, 'Q74.8', 'Other specified congenital malformations of limb(s)', 187),
(11152, 'Q74.9', 'Unspecified congenital malformation of limb(s)', 187),
(11153, 'Q75', 'Other congenital malformations of skull and face bones', 187),
(11154, 'Q75.0', 'Craniosynostosis', 187),
(11155, 'Q75.1', 'Craniofacial dysostosis', 187),
(11156, 'Q75.2', 'Hypertelorism', 187),
(11157, 'Q75.3', 'Macrocephaly', 187),
(11158, 'Q75.4', 'Mandibulofacial dysostosis', 187),
(11159, 'Q75.5', 'Oculomandibular dysostosis', 187),
(11160, 'Q75.8', 'Other specified congenital malformations of skull and face bones', 187),
(11161, 'Q75.9', 'Congenital malformation of skull and face bones, unspecified', 187),
(11162, 'Q76', 'Congenital malformations of spine and bony thorax', 187),
(11163, 'Q76.0', 'Spina bifida occulta', 187),
(11164, 'Q76.1', 'Klippel-Feil syndrome', 187),
(11165, 'Q76.2', 'Congenital spondylolisthesis', 187),
(11166, 'Q76.3', 'Congenital scoliosis due to congenital bony malformation', 187),
(11167, 'Q76.4', 'Other congenital malformations of spine, not associated with scoliosis', 187),
(11168, 'Q76.5', 'Cervical rib', 187),
(11169, 'Q76.6', 'Other congenital malformations of ribs', 187),
(11170, 'Q76.7', 'Congenital malformation of sternum', 187),
(11171, 'Q76.8', 'Other congenital malformations of bony thorax', 187),
(11172, 'Q76.9', 'Congenital malformation of bony thorax, unspecified', 187),
(11173, 'Q77', 'Osteochondrodysplasia with defects of growth of tubular bones and spine', 187),
(11174, 'Q77.0', 'Achondrogenesis', 187),
(11175, 'Q77.1', 'Thanatophoric short stature', 187),
(11176, 'Q77.2', 'Short rib syndrome', 187),
(11177, 'Q77.3', 'Chondrodysplasia punctata', 187),
(11178, 'Q77.4', 'Achondroplasia', 187),
(11179, 'Q77.5', 'Diastrophic dysplasia', 187),
(11180, 'Q77.6', 'Chondroectodermal dysplasia', 187),
(11181, 'Q77.7', 'Spondyloepiphyseal dysplasia', 187),
(11182, 'Q77.8', 'Other osteochondrodysplasia with defects of growth of tubular bones and spine', 187),
(11183, 'Q77.9', 'Osteochondrodysplasia with defects of growth of tubular bones and spine, unspecified', 187),
(11184, 'Q78', 'Other osteochondrodysplasias', 187),
(11185, 'Q78.0', 'Osteogenesis imperfecta', 187),
(11186, 'Q78.1', 'Polyostotic fibrous dysplasia', 187),
(11187, 'Q78.2', 'Osteopetrosis', 187),
(11188, 'Q78.3', 'Progressive diaphyseal dysplasia', 187),
(11189, 'Q78.4', 'Enchondromatosis', 187),
(11190, 'Q78.5', 'Metaphyseal dysplasia', 187),
(11191, 'Q78.6', 'Multiple congenital exostoses', 187),
(11192, 'Q78.8', 'Other specified osteochondrodysplasias', 187),
(11193, 'Q78.9', 'Osteochondrodysplasia, unspecified', 187),
(11194, 'Q79', 'Congenital malformations of musculoskeletal system, not elsewhere classified', 187),
(11195, 'Q79.0', 'Congenital diaphragmatic hernia', 187),
(11196, 'Q79.1', 'Other congenital malformations of diaphragm', 187),
(11197, 'Q79.2', 'Exomphalos', 187),
(11198, 'Q79.3', 'Gastroschisis', 187),
(11199, 'Q79.4', 'Prune belly syndrome', 187),
(11200, 'Q79.5', 'Other congenital malformations of abdominal wall', 187),
(11201, 'Q79.6', 'Ehlers-Danlos syndrome', 187),
(11202, 'Q79.8', 'Other congenital malformations of musculoskeletal system', 187),
(11203, 'Q79.9', 'Congenital malformation of musculoskeletal system, unspecified', 187),
(11204, 'Q80', 'Congenital ichthyosis', 188),
(11205, 'Q80.0', 'Ichthyosis vulgaris', 188),
(11206, 'Q80.1', 'X-linked ichthyosis', 188),
(11207, 'Q80.2', 'Lamellar ichthyosis', 188),
(11208, 'Q80.3', 'Congenital bullous ichthyosiform erythroderma', 188),
(11209, 'Q80.4', 'Harlequin fetus', 188),
(11210, 'Q80.8', 'Other congenital ichthyosis', 188),
(11211, 'Q80.9', 'Congenital ichthyosis, unspecified', 188),
(11212, 'Q81', 'Epidermolysis bullosa', 188),
(11213, 'Q81.0', 'Epidermolysis bullosa simplex', 188),
(11214, 'Q81.1', 'Epidermolysis bullosa letalis', 188),
(11215, 'Q81.2', 'Epidermolysis bullosa dystrophica', 188),
(11216, 'Q81.8', 'Other epidermolysis bullosa', 188),
(11217, 'Q81.9', 'Epidermolysis bullosa, unspecified', 188),
(11218, 'Q82', 'Other congenital malformations of skin', 188),
(11219, 'Q82.0', 'Hereditary lymphedema', 188),
(11220, 'Q82.1', 'Xeroderma pigmentosum', 188),
(11221, 'Q82.2', 'Mastocytosis', 188),
(11222, 'Q82.3', 'Incontinentia pigmenti', 188),
(11223, 'Q82.4', 'Ectodermal dysplasia (anhidrotic)', 188),
(11224, 'Q82.5', 'Congenital nonneoplastic nevus', 188),
(11225, 'Q82.8', 'Other specified congenital malformations of skin', 188),
(11226, 'Q82.9', 'Congenital malformation of skin, unspecified', 188),
(11227, 'Q83', 'Congenital malformations of breast', 188),
(11228, 'Q83.0', 'Congenital absence of breast with absent nipple', 188),
(11229, 'Q83.1', 'Accessory breast', 188),
(11230, 'Q83.2', 'Absent nipple', 188),
(11231, 'Q83.3', 'Accessory nipple', 188),
(11232, 'Q83.8', 'Other congenital malformations of breast', 188),
(11233, 'Q83.9', 'Congenital malformation of breast, unspecified', 188),
(11234, 'Q84', 'Other congenital malformations of integument', 188),
(11235, 'Q84.0', 'Congenital alopecia', 188),
(11236, 'Q84.1', 'Congenital morphological disturbances of hair, not elsewhere classified', 188),
(11237, 'Q84.2', 'Other congenital malformations of hair', 188),
(11238, 'Q84.3', 'Anonychia', 188),
(11239, 'Q84.4', 'Congenital leukonychia', 188),
(11240, 'Q84.5', 'Enlarged and hypertrophic nails', 188),
(11241, 'Q84.6', 'Other congenital malformations of nails', 188),
(11242, 'Q84.8', 'Other specified congenital malformations of integument', 188),
(11243, 'Q84.9', 'Congenital malformation of integument, unspecified', 188),
(11244, 'Q85', 'Phakomatoses, not elsewhere classified', 188),
(11245, 'Q85.0', 'Neurofibromatosis (nonmalignant)', 188),
(11246, 'Q85.1', 'Tuberous sclerosis', 188),
(11247, 'Q85.8', 'Other phakomatoses, not elsewhere classified', 188),
(11248, 'Q85.9', 'Phakomatosis, unspecified', 188),
(11249, 'Q86', 'Congenital malformation syndromes due to known exogenous causes, not elsewhere classified', 188),
(11250, 'Q86.0', 'Fetal alcohol syndrome (dysmorphic)', 188),
(11251, 'Q86.1', 'Fetal hydantoin syndrome', 188),
(11252, 'Q86.2', 'Dysmorphism due to warfarin', 188),
(11253, 'Q86.8', 'Other congenital malformation syndromes due to known exogenous causes', 188),
(11254, 'Q87', 'Other specified congenital malformation syndromes affecting multiple systems', 188),
(11255, 'Q87.0', 'Congenital malformation syndromes predominantly affecting facial appearance', 188),
(11256, 'Q87.1', 'Congenital malformation syndromes predominantly associated with short stature', 188),
(11257, 'Q87.2', 'Congenital malformation syndromes predominantly involving limbs', 188),
(11258, 'Q87.3', 'Congenital malformation syndromes involving early overgrowth', 188),
(11259, 'Q87.4', 'Marfan\'s syndrome', 188),
(11260, 'Q87.5', 'Other congenital malformation syndromes with other skeletal changes', 188),
(11261, 'Q87.8', 'Other specified congenital malformation syndromes, not elsewhere classified', 188),
(11262, 'Q89', 'Other congenital malformations, not elsewhere classified', 188),
(11263, 'Q89.0', 'Congenital malformations of spleen', 188),
(11264, 'Q89.1', 'Congenital malformations of adrenal gland', 188),
(11265, 'Q89.2', 'Congenital malformations of other endocrine glands', 188),
(11266, 'Q89.3', 'Situs inversus', 188),
(11267, 'Q89.4', 'Conjoined twins', 188),
(11268, 'Q89.7', 'Multiple congenital malformations, not elsewhere classified', 188),
(11269, 'Q89.8', 'Other specified congenital malformations', 188),
(11270, 'Q89.9', 'Congenital malformation, unspecified', 188),
(11271, 'Q90', 'Down\'s syndrome', 189),
(11272, 'Q90.0', 'Trisomy 21, meiotic nondisjunction', 189),
(11273, 'Q90.1', 'Trisomy 21, mosaicism (mitotic nondisjunction)', 189),
(11274, 'Q90.2', 'Trisomy 21, translocation', 189),
(11275, 'Q90.9', 'Down\'s syndrome, unspecified', 189),
(11276, 'Q91', 'Edwards\' syndrome and Patau\'s syndrome', 189),
(11277, 'Q91.0', 'Trisomy 18, meiotic nondisjunction', 189),
(11278, 'Q91.1', 'Trisomy 18, mosaicism (mitotic nondisjunction)', 189),
(11279, 'Q91.2', 'Trisomy 18, translocation', 189),
(11280, 'Q91.3', 'Edwards\' syndrome, unspecified', 189),
(11281, 'Q91.4', 'Trisomy 13, meiotic nondisjunction', 189),
(11282, 'Q91.5', 'Trisomy 13, mosaicism (mitotic nondisjunction)', 189),
(11283, 'Q91.6', 'Trisomy 13, translocation', 189),
(11284, 'Q91.7', 'Patau\'s syndrome, unspecified', 189),
(11285, 'Q92', 'Other trisomies and partial trisomies of autosomes, not elsewhere classified', 189),
(11286, 'Q92.0', 'Whole chromosome trisomy, meiotic nondisjunction', 189),
(11287, 'Q92.1', 'Whole chromosome trisomy, mosaicism (mitotic nondisjunction)', 189),
(11288, 'Q92.2', 'Major partial trisomy', 189),
(11289, 'Q92.3', 'Minor partial trisomy', 189),
(11290, 'Q92.4', 'Duplications seen only at prometaphase', 189),
(11291, 'Q92.5', 'Duplications with other complex rearrangements', 189),
(11292, 'Q92.6', 'Extra marker chromosomes', 189),
(11293, 'Q92.7', 'Triploidy and polyploidy', 189),
(11294, 'Q92.8', 'Other specified trisomies and partial trisomies of autosomes', 189),
(11295, 'Q92.9', 'Trisomy and partial trisomy of autosomes, unspecified', 189),
(11296, 'Q93', 'Monosomies and deletions from the autosomes, not elsewhere classified', 189),
(11297, 'Q93.0', 'Whole chromosome monosomy, meiotic nondisjunction', 189),
(11298, 'Q93.1', 'Whole chromosome monosomy, mosaicism (mitotic nondisjunction)', 189),
(11299, 'Q93.2', 'Chromosome replaced with ring or dicentric', 189),
(11300, 'Q93.3', 'Deletion of short arm of chromosome 4', 189),
(11301, 'Q93.4', 'Deletion of short arm of chromosome 5', 189),
(11302, 'Q93.5', 'Other deletions of part of a chromosome', 189),
(11303, 'Q93.6', 'Deletions seen only at prometaphase', 189),
(11304, 'Q93.7', 'Deletions with other complex rearrangements', 189),
(11305, 'Q93.8', 'Other deletions from the autosomes', 189),
(11306, 'Q93.9', 'Deletion from autosomes, unspecified', 189),
(11307, 'Q95', 'Balanced rearrangements and structural markers, not elsewhere classified', 189),
(11308, 'Q95.0', 'Balanced translocation and insertion in normal individual', 189),
(11309, 'Q95.1', 'Chromosome inversion in normal individual', 189),
(11310, 'Q95.2', 'Balanced autosomal rearrangement in abnormal individual', 189),
(11311, 'Q95.3', 'Balanced sex/autosomal rearrangement in abnormal individual', 189),
(11312, 'Q95.4', 'Individuals with marker heterochromatin', 189),
(11313, 'Q95.5', 'Individuals with autosomal fragile site', 189),
(11314, 'Q95.8', 'Other balanced rearrangements and structural markers', 189),
(11315, 'Q95.9', 'Balanced rearrangement and structural marker, unspecified', 189),
(11316, 'Q96', 'Turner\'s syndrome', 189),
(11317, 'Q96.0', 'Karyotype 45,X', 189),
(11318, 'Q96.1', 'Karyotype 46,X iso (Xq)', 189),
(11319, 'Q96.2', 'Karyotype 46,X with abnormal sex chromosome, except iso (Xq)', 189),
(11320, 'Q96.3', 'Mosaicism, 45,X/46,XX, or XY', 189),
(11321, 'Q96.4', 'Mosaicism, 45,X/other cell line(s) with abnormal sex chromosome', 189),
(11322, 'Q96.8', 'Other variants of Turner\'s syndrome', 189),
(11323, 'Q96.9', 'Turner\'s syndrome, unspecified', 189),
(11324, 'Q97', 'Other sex chromosome abnormalities, female phenotype, not elsewhere classified', 189),
(11325, 'Q97.0', 'Karyotype 47,XXX', 189),
(11326, 'Q97.1', 'Female with more than three X chromosomes', 189),
(11327, 'Q97.2', 'Mosaicism, lines with various numbers of X chromosomes', 189),
(11328, 'Q97.3', 'Female with 46,XY karyotype', 189),
(11329, 'Q97.8', 'Other specified sex chromosome abnormalities, female phenotype', 189),
(11330, 'Q97.9', 'Sex chromosome abnormality, female phenotype, unspecified', 189),
(11331, 'Q98', 'Other sex chromosome abnormalities, male phenotype, not elsewhere classified', 189),
(11332, 'Q98.0', 'Klinefelter\'s syndrome karyotype 47,XXY', 189),
(11333, 'Q98.1', 'Klinefelter\'s syndrome, male with more than two X chromosomes', 189),
(11334, 'Q98.2', 'Klinefelter\'s syndrome, male with 46,XX karyotype', 189),
(11335, 'Q98.3', 'Other male with 46,XX karyotype', 189),
(11336, 'Q98.4', 'Klinefelter\'s syndrome, unspecified', 189),
(11337, 'Q98.5', 'Karyotype 47,XYY', 189),
(11338, 'Q98.6', 'Male with structurally abnormal sex chromosome', 189),
(11339, 'Q98.7', 'Male with sex chromosome mosaicism', 189),
(11340, 'Q98.8', 'Other specified sex chromosome abnormalities, male phenotype', 189),
(11341, 'Q98.9', 'Sex chromosome abnormality, male phenotype, unspecified', 189),
(11342, 'Q99', 'Other chromosome abnormalities, not elsewhere classified', 189),
(11343, 'Q99.0', 'Chimera 46,XX/46,XY', 189),
(11344, 'Q99.1', '46,XX true hermaphrodite', 189),
(11345, 'Q99.2', 'Fragile X chromosome', 189),
(11346, 'Q99.8', 'Other specified chromosome abnormalities', 189),
(11347, 'Q99.9', 'Chromosomal abnormality, unspecified', 189),
(11348, 'R00', 'Abnormalities of heart beat', 190),
(11349, 'R00.0', 'Tachycardia, unspecified', 190),
(11350, 'R00.1', 'Bradycardia, unspecified', 190),
(11351, 'R00.2', 'Palpitations', 190),
(11352, 'R00.8', 'Other and unspecified abnormalities of heart beat', 190),
(11353, 'R01', 'Cardiac murmurs and other cardiac sounds', 190),
(11354, 'R01.0', 'Benign and innocent cardiac murmurs', 190),
(11355, 'R01.1', 'Cardiac murmur, unspecified', 190),
(11356, 'R01.2', 'Other cardiac sounds', 190),
(11357, 'R02', 'Gangrene, not elsewhere classified', 190),
(11358, 'R03', 'Abnormal blood-pressure reading, without diagnosis', 190),
(11359, 'R03.0', 'Elevated blood-pressure reading, without diagnosis of hypertension', 190),
(11360, 'R03.1', 'Nonspecific low blood-pressure reading', 190),
(11361, 'R04', 'Hemorrhage from respiratory passages', 190),
(11362, 'R04.0', 'Epistaxis', 190),
(11363, 'R04.1', 'Hemorrhage from throat', 190),
(11364, 'R04.2', 'Hemoptysis', 190),
(11365, 'R04.8', 'Hemorrhage from other sites in respiratory passages', 190),
(11366, 'R04.9', 'Hemorrhage from respiratory passages, unspecified', 190),
(11367, 'R05', 'Cough', 190),
(11368, 'R06', 'Abnormalities of breathing', 190),
(11369, 'R06.0', 'Dyspnea', 190),
(11370, 'R06.1', 'Stridor', 190),
(11371, 'R06.2', 'Wheezing', 190),
(11372, 'R06.3', 'Periodic breathing', 190),
(11373, 'R06.4', 'Hyperventilation', 190),
(11374, 'R06.5', 'Mouth breathing', 190),
(11375, 'R06.6', 'Hiccough', 190),
(11376, 'R06.7', 'Sneezing', 190),
(11377, 'R06.8', 'Other and unspecified abnormalities of breathing', 190),
(11378, 'R07', 'Pain in throat and chest', 190),
(11379, 'R07.0', 'Pain in throat', 190),
(11380, 'R07.1', 'Chest pain on breathing', 190),
(11381, 'R07.2', 'Precordial pain', 190),
(11382, 'R07.3', 'Other chest pain', 190),
(11383, 'R07.4', 'Chest pain, unspecified', 190),
(11384, 'R09', 'Other symptoms and signs involving the circulatory and respiratory systems', 190),
(11385, 'R09.0', 'Asphyxia', 190),
(11386, 'R09.1', 'Pleurisy', 190),
(11387, 'R09.2', 'Respiratory arrest', 190),
(11388, 'R09.3', 'Abnormal sputum', 190),
(11389, 'R09.8', 'Other specified symptoms and signs involving the circulatory and respiratory systems', 190),
(11390, 'R10', 'Abdominal and pelvic pain', 191),
(11391, 'R10.0', 'Acute abdomen', 191),
(11392, 'R10.1', 'Pain localized to upper abdomen', 191),
(11393, 'R10.2', 'Pelvic and perineal pain', 191),
(11394, 'R10.3', 'Pain localized to other parts of lower abdomen', 191),
(11395, 'R10.4', 'Other and unspecified abdominal pain', 191),
(11396, 'R11', 'Nausea and vomiting', 191),
(11397, 'R12', 'Heartburn', 191),
(11398, 'R13', 'Dysphagia', 191),
(11399, 'R14', 'Flatulence and related conditions', 191),
(11400, 'R15', 'Fecal incontinence', 191),
(11401, 'R16', 'Hepatomegaly and splenomegaly, not elsewhere classified', 191),
(11402, 'R16.0', 'Hepatomegaly, not elsewhere classified', 191),
(11403, 'R16.1', 'Splenomegaly, not elsewhere classified', 191),
(11404, 'R16.2', 'Hepatomegaly with splenomegaly, not elsewhere classified', 191),
(11405, 'R17', 'Unspecified jaundice', 191),
(11406, 'R18', 'Ascites', 191),
(11407, 'R19', 'Other symptoms and signs involving the digestive system and abdomen', 191),
(11408, 'R19.0', 'Intra-abdominal and pelvic swelling, mass, and lump', 191),
(11409, 'R19.1', 'Abnormal bowel sounds', 191),
(11410, 'R19.2', 'Visible peristalsis', 191),
(11411, 'R19.3', 'Abdominal rigidity', 191),
(11412, 'R19.4', 'Change in bowel habit', 191),
(11413, 'R19.5', 'Other fecal abnormalities', 191),
(11414, 'R19.6', 'Halitosis', 191),
(11415, 'R19.8', 'Other specified symptoms and signs involving the digestive system and abdomen', 191),
(11416, 'R20', 'Disturbances of skin sensation', 192),
(11417, 'R20.0', 'Anesthesia of skin', 192),
(11418, 'R20.1', 'Hypoesthesia of skin', 192),
(11419, 'R20.2', 'Paresthesia of skin', 192),
(11420, 'R20.3', 'Hyperesthesia', 192),
(11421, 'R20.8', 'Other and unspecified disturbances of skin sensation', 192),
(11422, 'R21', 'Rash and other nonspecific skin eruption', 192),
(11423, 'R22', 'Localized swelling, mass, and lump of skin and subcutaneous tissue', 192),
(11424, 'R22.0', 'Localized swelling, mass, and lump, head', 192),
(11425, 'R22.1', 'Localized swelling, mass, and lump, neck', 192),
(11426, 'R22.2', 'Localized swelling, mass, and lump, trunk', 192),
(11427, 'R22.3', 'Localized swelling, mass, and lump, upper limb', 192),
(11428, 'R22.4', 'Localized swelling, mass, and lump, lower limb', 192),
(11429, 'R22.7', 'Localized swelling, mass, and lump, multiple sites', 192),
(11430, 'R22.9', 'Localized swelling, mass, and lump, unspecified', 192),
(11431, 'R23', 'Other skin changes', 192),
(11432, 'R23.0', 'Cyanosis', 192),
(11433, 'R23.1', 'Pallor', 192),
(11434, 'R23.2', 'Flushing', 192),
(11435, 'R23.3', 'Spontaneous ecchymoses', 192),
(11436, 'R23.4', 'Changes in skin texture', 192),
(11437, 'R23.8', 'Other and unspecified skin changes', 192),
(11438, 'R25', 'Abnormal involuntary movements', 193),
(11439, 'R25.0', 'Abnormal head movements', 193),
(11440, 'R25.1', 'Tremor, unspecified', 193),
(11441, 'R25.2', 'Cramp and spasm', 193),
(11442, 'R25.3', 'Fasciculation', 193),
(11443, 'R25.8', 'Other and unspecified abnormal involuntary movements', 193),
(11444, 'R26', 'Abnormalities of gait and mobility', 193),
(11445, 'R26.0', 'Ataxic gait', 193),
(11446, 'R26.1', 'Paralytic gait', 193),
(11447, 'R26.2', 'Difficulty in walking, not elsewhere classified', 193),
(11448, 'R26.8', 'Other and unspecified abnormalities of gait and mobility', 193),
(11449, 'R27', 'Other lack of coordination', 193),
(11450, 'R27.0', 'Ataxia, unspecified', 193),
(11451, 'R27.8', 'Other and unspecified lack of coordination', 193),
(11452, 'R29', 'Other symptoms and signs involving the nervous and musculoskeletal systems', 193),
(11453, 'R29.0', 'Tetany', 193),
(11454, 'R29.1', 'Meningismus', 193),
(11455, 'R29.2', 'Abnormal reflex', 193),
(11456, 'R29.3', 'Abnormal posture', 193),
(11457, 'R29.4', 'Clicking hip', 193),
(11458, 'R29.8', 'Other and unspecified symptoms and signs involving the nervous and musculoskeletal systems', 193),
(11459, 'R30', 'Pain associated with micturition', 194),
(11460, 'R30.0', 'Dysuria', 194),
(11461, 'R30.1', 'Vesical tenesmus', 194),
(11462, 'R30.9', 'Painful micturition, unspecified', 194),
(11463, 'R31', 'Unspecified hematuria', 194),
(11464, 'R32', 'Unspecified urinary incontinence', 194),
(11465, 'R33', 'Retention of urine', 194),
(11466, 'R34', 'Anuria and oliguria', 194),
(11467, 'R35', 'Polyuria', 194),
(11468, 'R36', 'Urethral discharge', 194),
(11469, 'R39', 'Other symptoms and signs involving the urinary system', 194),
(11470, 'R39.0', 'Extravasation of urine', 194),
(11471, 'R39.1', 'Other difficulties with micturition', 194),
(11472, 'R39.2', 'Extrarenal uremia', 194),
(11473, 'R39.8', 'Other and unspecified symptoms and signs involving the urinary system', 194),
(11474, 'R40', 'Somnolence, stupor, and coma', 195),
(11475, 'R40.0', 'Somnolence', 195),
(11476, 'R40.1', 'Stupor', 195),
(11477, 'R40.2', 'Coma, unspecified', 195),
(11478, 'R41', 'Other symptoms and signs involving cognitive functions and awareness', 195),
(11479, 'R41.0', 'Disorientation, unspecified', 195),
(11480, 'R41.1', 'Anterograde amnesia', 195),
(11481, 'R41.2', 'Retrograde amnesia', 195),
(11482, 'R41.3', 'Other amnesia', 195),
(11483, 'R41.8', 'Other and unspecified symptoms and signs involving cognitive functions and awareness', 195),
(11484, 'R42', 'Dizziness and giddiness', 195),
(11485, 'R43', 'Disturbances of smell and taste', 195),
(11486, 'R43.0', 'Anosmia', 195),
(11487, 'R43.1', 'Parosmia', 195),
(11488, 'R43.2', 'Parageusia', 195),
(11489, 'R43.8', 'Other and unspecified disturbances of smell and taste', 195),
(11490, 'R44', 'Other symptoms and signs involving general sensations and perceptions', 195),
(11491, 'R44.0', 'Auditory hallucinations', 195),
(11492, 'R44.1', 'Visual hallucinations', 195),
(11493, 'R44.2', 'Other hallucinations', 195),
(11494, 'R44.3', 'Hallucinations, unspecified', 195),
(11495, 'R44.8', 'Other and unspecified symptoms and signs involving general sensations and perceptions', 195),
(11496, 'R45', 'Symptoms and signs involving emotional state', 195),
(11497, 'R45.0', 'Nervousness', 195),
(11498, 'R45.1', 'Restlessness and agitation', 195),
(11499, 'R45.2', 'Unhappiness', 195),
(11500, 'R45.3', 'Demoralization and apathy', 195),
(11501, 'R45.4', 'Irritability and anger', 195),
(11502, 'R45.5', 'Hostility', 195),
(11503, 'R45.6', 'Physical violence', 195),
(11504, 'R45.7', 'State of emotional shock and stress, unspecified', 195),
(11505, 'R45.8', 'Other symptoms and signs involving emotional state', 195),
(11506, 'R46', 'Symptoms and signs involving appearance and behavior', 195),
(11507, 'R46.0', 'Very low level of personal hygiene', 195),
(11508, 'R46.1', 'Bizarre personal appearance', 195),
(11509, 'R46.2', 'Strange and inexplicable behavior', 195),
(11510, 'R46.3', 'Overactivity', 195),
(11511, 'R46.4', 'Slowness and poor responsiveness', 195),
(11512, 'R46.5', 'Suspiciousness and marked evasiveness', 195),
(11513, 'R46.6', 'Undue concern and preoccupation with stressful events', 195),
(11514, 'R46.7', 'Verbosity and circumstantial detail obscuring reason for contact', 195),
(11515, 'R46.8', 'Other symptoms and signs involving appearance and behavior', 195),
(11516, 'R47', 'Speech disturbances, not elsewhere classified', 196),
(11517, 'R47.0', 'Dysphasia and aphasia', 196),
(11518, 'R47.1', 'Dysarthria and anarthria', 196),
(11519, 'R47.8', 'Other and unspecified speech disturbances', 196),
(11520, 'R48', 'Dyslexia and other symbolic dysfunctions, not elsewhere classified', 196),
(11521, 'R48.0', 'Dyslexia and alexia', 196),
(11522, 'R48.1', 'Agnosia', 196),
(11523, 'R48.2', 'Apraxia', 196),
(11524, 'R48.8', 'Other and unspecified symbolic dysfunctions', 196),
(11525, 'R49', 'Voice disturbances', 196),
(11526, 'R49.0', 'Dysphonia', 196),
(11527, 'R49.1', 'Aphonia', 196),
(11528, 'R49.2', 'Hypernasality and hyponasality', 196),
(11529, 'R49.8', 'Other and unspecified voice disturbances', 196),
(11530, 'R50', 'Fever of unknown origin', 197),
(11531, 'R50.0', 'Fever with chills', 197),
(11532, 'R50.1', 'Persistent fever', 197),
(11533, 'R50.9', 'Fever, unspecified', 197),
(11534, 'R51', 'Headache', 197),
(11535, 'R52', 'Pain, not elsewhere classified', 197),
(11536, 'R52.0', 'Acute pain', 197),
(11537, 'R52.1', 'Chronic intractable pain', 197),
(11538, 'R52.2', 'Other chronic pain', 197),
(11539, 'R52.9', 'Pain, unspecified', 197),
(11540, 'R53', 'Malaise and fatigue', 197),
(11541, 'R54', 'Senility', 197),
(11542, 'R55', 'Syncope and collapse', 197),
(11543, 'R56', 'Convulsions, not elsewhere classified', 197),
(11544, 'R56.0', 'Febrile convulsions', 197),
(11545, 'R56.8', 'Other and unspecified convulsions', 197),
(11546, 'R57', 'Shock, not elsewhere classified', 197),
(11547, 'R57.0', 'Cardiogenic shock', 197),
(11548, 'R57.1', 'Hypovolemic shock', 197),
(11549, 'R57.8', 'Other shock', 197),
(11550, 'R57.9', 'Shock, unspecified', 197),
(11551, 'R58', 'Hemorrhage, not elsewhere classified', 197),
(11552, 'R59', 'Enlarged lymph nodes', 197),
(11553, 'R59.0', 'Localized enlarged lymph nodes', 197),
(11554, 'R59.1', 'Generalized enlarged lymph nodes', 197),
(11555, 'R59.9', 'Enlarged lymph nodes, unspecified', 197),
(11556, 'R60', 'Edema, not elsewhere classified', 197),
(11557, 'R60.0', 'Localized edema', 197),
(11558, 'R60.1', 'Generalized edema', 197),
(11559, 'R60.9', 'Edema, unspecified', 197),
(11560, 'R61', 'Hyperhidrosis', 197),
(11561, 'R61.0', 'Localized hyperhidrosis', 197),
(11562, 'R61.1', 'Generalized hyperhidrosis', 197),
(11563, 'R61.9', 'Hyperhidrosis, unspecified', 197),
(11564, 'R62', 'Lack of expected normal physiological development', 197),
(11565, 'R62.0', 'Delayed milestone', 197),
(11566, 'R62.8', 'Other lack of expected normal physiological development', 197),
(11567, 'R62.9', 'Lack of expected normal physiological development, unspecified', 197),
(11568, 'R63', 'Symptoms and signs concerning food and fluid intake', 197),
(11569, 'R63.0', 'Anorexia', 197),
(11570, 'R63.1', 'Polydipsia', 197),
(11571, 'R63.2', 'Polyphagia', 197),
(11572, 'R63.3', 'Feeding difficulties and mismanagement', 197),
(11573, 'R63.4', 'Abnormal weight loss', 197),
(11574, 'R63.5', 'Abnormal weight gain', 197),
(11575, 'R63.8', 'Other symptoms and signs concerning food and fluid intake', 197),
(11576, 'R64', 'Cachexia', 197),
(11577, 'R68', 'Other general symptoms and signs', 197),
(11578, 'R68.0', 'Hypothermia, not associated with low environmental temperature', 197),
(11579, 'R68.1', 'Nonspecific symptoms peculiar to infancy', 197),
(11580, 'R68.2', 'Dry mouth, unspecified', 197),
(11581, 'R68.3', 'Clubbing of fingers', 197),
(11582, 'R68.8', 'Other specified general symptoms and signs', 197),
(11583, 'R70', 'Elevated erythrocyte sedimentation rate and abnormality of plasma viscosity', 198),
(11584, 'R70.0', 'Elevated erythrocyte sedimentation rate', 198),
(11585, 'R70.1', 'Abnormal plasma viscosity', 198),
(11586, 'R71', 'Abnormality of red blood cells', 198),
(11587, 'R72', 'Abnormality of white blood cells, not elsewhere classified', 198),
(11588, 'R73', 'Elevated blood glucose level', 198),
(11589, 'R73.0', 'Abnormal glucose tolerance test', 198),
(11590, 'R73.9', 'Hyperglycemia, unspecified', 198),
(11591, 'R74', 'Abnormal serum enzyme levels', 198),
(11592, 'R74.0', 'Elevation of levels of transaminase and lactic acid dehydrogenase [LDH]', 198),
(11593, 'R74.8', 'Abnormal levels of other serum enzymes', 198),
(11594, 'R74.9', 'Abnormal level of unspecified serum enzyme', 198),
(11595, 'R75', 'Laboratory evidence of human immunodeficiency virus [HIV]', 198),
(11596, 'R76', 'Other abnormal immunological findings in serum', 198),
(11597, 'R76.0', 'Raised antibody titer', 198),
(11598, 'R76.1', 'Abnormal reaction to tuberculin test', 198),
(11599, 'R76.2', 'False-positive serological test for syphilis', 198),
(11600, 'R76.8', 'Other specified abnormal immunological findings in serum', 198),
(11601, 'R76.9', 'Abnormal immunological finding in serum, unspecified', 198),
(11602, 'R77', 'Other abnormalities of plasma proteins', 198),
(11603, 'R77.0', 'Abnormality of albumin', 198),
(11604, 'R77.1', 'Abnormality of globulin', 198),
(11605, 'R77.2', 'Abnormality of alphafetoprotein', 198),
(11606, 'R77.8', 'Other specified abnormalities of plasma proteins', 198),
(11607, 'R77.9', 'Abnormality of plasma protein, unspecified', 198),
(11608, 'R78', 'Findings of drugs and other substances, not normally found in blood', 198),
(11609, 'R78.0', 'Finding of alcohol in blood', 198),
(11610, 'R78.1', 'Finding of opiate drug in blood', 198),
(11611, 'R78.2', 'Finding of cocaine in blood', 198),
(11612, 'R78.3', 'Finding of hallucinogen in blood', 198),
(11613, 'R78.4', 'Finding of other drugs of addictive potential in blood', 198),
(11614, 'R78.5', 'Finding of psychotropic drug in blood', 198),
(11615, 'R78.6', 'Finding of steroid agent in blood', 198),
(11616, 'R78.7', 'Finding of abnormal level of heavy metals in blood', 198),
(11617, 'R78.8', 'Finding of other specified substances, not normally found in blood', 198),
(11618, 'R78.9', 'Finding of unspecified substance, not normally found in blood', 198),
(11619, 'R79', 'Other abnormal findings of blood chemistry', 198),
(11620, 'R79.0', 'Abnormal level of blood mineral', 198),
(11621, 'R79.8', 'Other specified abnormal findings of blood chemistry', 198),
(11622, 'R79.9', 'Abnormal finding of blood chemistry, unspecified', 198),
(11623, 'R80', 'Isolated proteinuria', 199),
(11624, 'R81', 'Glycosuria', 199),
(11625, 'R82', 'Other abnormal findings in urine', 199),
(11626, 'R82.0', 'Chyluria', 199),
(11627, 'R82.1', 'Myoglobinuria', 199),
(11628, 'R82.2', 'Biliuria', 199),
(11629, 'R82.3', 'Hemoglobinuria', 199),
(11630, 'R82.4', 'Acetonuria', 199),
(11631, 'R82.5', 'Elevated urine levels of drugs, medicaments, and biological substances', 199),
(11632, 'R82.6', 'Abnormal urine levels of substances chiefly nonmedicinal as to source', 199),
(11633, 'R82.7', 'Abnormal findings on microbiological examination of urine', 199),
(11634, 'R82.8', 'Abnormal findings on cytological and histological examination of urine', 199),
(11635, 'R82.9', 'Other and unspecified abnormal finding in urine', 199),
(11636, 'R83', 'Abnormal findings in cerebrospinal fluid', 200),
(11637, 'R83.0', 'Abnormal level of enzymes', 200),
(11638, 'R83.1', 'Abnormal level of hormones', 200),
(11639, 'R83.2', 'Abnormal level of other drugs, medicaments, and biological substances', 200),
(11640, 'R83.3', 'Abnormal level of substances chiefly nonmedicinal as to source', 200),
(11641, 'R83.4', 'Abnormal immunological findings', 200),
(11642, 'R83.5', 'Abnormal microbiological findings', 200),
(11643, 'R83.6', 'Abnormal cytological findings', 200),
(11644, 'R83.7', 'Abnormal histological findings', 200),
(11645, 'R83.8', 'Other abnormal findings', 200),
(11646, 'R83.9', 'Unspecified abnormal finding', 200),
(11647, 'R84', 'Abnormal findings in specimens from respiratory organs and thorax', 200),
(11648, 'R84.0', 'Abnormal level of enzymes', 200),
(11649, 'R84.1', 'Abnormal level of hormones', 200),
(11650, 'R84.2', 'Abnormal level of other drugs, medicaments, and biological substances', 200),
(11651, 'R84.3', 'Abnormal level of substances chiefly nonmedicinal as to source', 200),
(11652, 'R84.4', 'Abnormal immunological findings', 200),
(11653, 'R84.5', 'Abnormal microbiological findings', 200),
(11654, 'R84.6', 'Abnormal cytological findings', 200),
(11655, 'R84.7', 'Abnormal histological findings', 200),
(11656, 'R84.8', 'Other abnormal findings', 200),
(11657, 'R84.9', 'Unspecified abnormal finding', 200),
(11658, 'R85', 'Abnormal findings in specimens from digestive organs and abdominal cavity', 200),
(11659, 'R85.0', 'Abnormal level of enzymes', 200),
(11660, 'R85.1', 'Abnormal level of hormones', 200),
(11661, 'R85.2', 'Abnormal level of other drugs, medicaments, and biological substances', 200),
(11662, 'R85.3', 'Abnormal level of substances chiefly nonmedicinal as to source', 200),
(11663, 'R85.4', 'Abnormal immunological findings', 200),
(11664, 'R85.5', 'Abnormal microbiological findings', 200),
(11665, 'R85.6', 'Abnormal cytological findings', 200),
(11666, 'R85.7', 'Abnormal histological findings', 200),
(11667, 'R85.8', 'Other abnormal findings', 200),
(11668, 'R85.9', 'Unspecified abnormal finding', 200),
(11669, 'R86', 'Abnormal findings in specimens from male genital organs', 200),
(11670, 'R86.0', 'Abnormal level of enzymes', 200),
(11671, 'R86.1', 'Abnormal level of hormones', 200),
(11672, 'R86.2', 'Abnormal level of other drugs, medicaments, and biological substances', 200),
(11673, 'R86.3', 'Abnormal level of substances chiefly nonmedicinal as to source', 200),
(11674, 'R86.4', 'Abnormal immunological findings', 200),
(11675, 'R86.5', 'Abnormal microbiological findings', 200),
(11676, 'R86.6', 'Abnormal cytological findings', 200),
(11677, 'R86.7', 'Abnormal histological findings', 200),
(11678, 'R86.8', 'Other abnormal findings', 200),
(11679, 'R86.9', 'Unspecified abnormal finding', 200),
(11680, 'R87', 'Abnormal findings in specimens from female genital organs', 200),
(11681, 'R87.0', 'Abnormal level of enzymes', 200),
(11682, 'R87.1', 'Abnormal level of hormones', 200),
(11683, 'R87.2', 'Abnormal level of other drugs, medicaments, and biological substances', 200),
(11684, 'R87.3', 'Abnormal level of substances chiefly nonmedicinal as to source', 200),
(11685, 'R87.4', 'Abnormal immunological findings', 200),
(11686, 'R87.5', 'Abnormal microbiological findings', 200),
(11687, 'R87.6', 'Abnormal cytological findings', 200),
(11688, 'R87.7', 'Abnormal histological findings', 200),
(11689, 'R87.8', 'Other abnormal findings', 200),
(11690, 'R87.9', 'Unspecified abnormal finding', 200),
(11691, 'R89', 'Abnormal findings in specimens from other organs, systems, and tissues', 200),
(11692, 'R89.0', 'Abnormal level of enzymes', 200),
(11693, 'R89.1', 'Abnormal level of hormones', 200),
(11694, 'R89.2', 'Abnormal level of other drugs, medicaments, and biological substances', 200),
(11695, 'R89.3', 'Abnormal level of substances chiefly nonmedicinal as to source', 200),
(11696, 'R89.4', 'Abnormal immunological findings', 200),
(11697, 'R89.5', 'Abnormal microbiological findings', 200),
(11698, 'R89.6', 'Abnormal cytological findings', 200),
(11699, 'R89.7', 'Abnormal histological findings', 200),
(11700, 'R89.8', 'Other abnormal findings', 200),
(11701, 'R89.9', 'Unspecified abnormal finding', 200),
(11702, 'R90', 'Abnormal findings on diagnostic imaging of central nervous system', 201),
(11703, 'R90.0', 'Intracranial space-occupying lesion', 201),
(11704, 'R90.8', 'Other abnormal findings on diagnostic imaging of central nervous system', 201),
(11705, 'R91', 'Abnormal findings on diagnostic imaging of lung', 201),
(11706, 'R92', 'Abnormal findings on diagnostic imaging of breast', 201),
(11707, 'R93', 'Abnormal findings on diagnostic imaging of other body structures', 201),
(11708, 'R93.0', 'Abnormal findings on diagnostic imaging of skull and head, not elsewhere classified', 201),
(11709, 'R93.1', 'Abnormal findings on diagnostic imaging of heart and coronary circulation', 201),
(11710, 'R93.2', 'Abnormal findings on diagnostic imaging of liver and biliary tract', 201),
(11711, 'R93.3', 'Abnormal findings on diagnostic imaging of other parts of digestive tract', 201),
(11712, 'R93.4', 'Abnormal findings on diagnostic imaging of urinary organs', 201),
(11713, 'R93.5', 'Abnormal findings on diagnostic imaging of other abdominal regions, including retroperitoneum', 201),
(11714, 'R93.6', 'Abnormal findings on diagnostic imaging of limbs', 201),
(11715, 'R93.7', 'Abnormal findings on diagnostic imaging of other parts of musculoskeletal system', 201),
(11716, 'R93.8', 'Abnormal findings on diagnostic imaging of other specified body structures', 201),
(11717, 'R94', 'Abnormal results of function studies', 201),
(11718, 'R94.0', 'Abnormal results of function studies of central nervous system', 201),
(11719, 'R94.1', 'Abnormal results of function studies of peripheral nervous system and special senses', 201),
(11720, 'R94.2', 'Abnormal results of pulmonary function studies', 201),
(11721, 'R94.3', 'Abnormal results of cardiovascular function studies', 201),
(11722, 'R94.4', 'Abnormal results of kidney function studies', 201),
(11723, 'R94.5', 'Abnormal results of liver function studies', 201),
(11724, 'R94.6', 'Abnormal results of thyroid function studies', 201),
(11725, 'R94.7', 'Abnormal results of other endocrine function studies', 201),
(11726, 'R94.8', 'Abnormal results of function studies of other organs and systems', 201),
(11727, 'R95', 'Sudden infant death syndrome', 202),
(11728, 'R96', 'Other sudden death, cause unknown', 202),
(11729, 'R96.0', 'Instantaneous death', 202),
(11730, 'R96.1', 'Death occurring less than 24 hours from onset of symptoms, not otherwise explained', 202),
(11731, 'R98', 'Unattended death', 202),
(11732, 'R99', 'Other ill-defined and unspecified causes of mortality', 202),
(11733, 'V01', 'Pedestrian injured in collision with pedal cycle', 229),
(11734, 'V01.0', 'Nontraffic accident', 229),
(11735, 'V01.1', 'Traffic accident', 229),
(11736, 'V01.9', 'Unspecified whether traffic or nontraffic accident', 229),
(11737, 'V02', 'Pedestrian injured in collision with two- or three-wheeled motor vehicle', 229),
(11738, 'V02.0', 'Nontraffic accident', 229),
(11739, 'V02.1', 'Traffic accident', 229),
(11740, 'V02.9', 'Unspecified whether traffic or nontraffic accident', 229),
(11741, 'V03', 'Pedestrian injured in collision with car, pickup truck, or van', 229),
(11742, 'V03.0', 'Nontraffic accident', 229),
(11743, 'V03.1', 'Traffic accident', 229),
(11744, 'V03.9', 'Unspecified whether traffic or nontraffic accident', 229),
(11745, 'V04', 'Pedestrian injured in collision with heavy transport vehicle or bus', 229),
(11746, 'V04.0', 'Nontraffic accident', 229),
(11747, 'V04.1', 'Traffic accident', 229),
(11748, 'V04.9', 'Unspecified whether traffic or nontraffic accident', 229),
(11749, 'V05', 'Pedestrian injured in collision with railway train or railway vehicle', 229),
(11750, 'V05.0', 'Nontraffic accident', 229),
(11751, 'V05.1', 'Traffic accident', 229),
(11752, 'V05.9', 'Unspecified whether traffic or nontraffic accident', 229),
(11753, 'V06', 'Pedestrian injured in collision with other nonmotor vehicle', 229),
(11754, 'V06.0', 'Nontraffic accident', 229),
(11755, 'V06.1', 'Traffic accident', 229),
(11756, 'V06.9', 'Unspecified whether traffic or nontraffic accident', 229),
(11757, 'V09', 'Pedestrian injured in other and unspecified transport accidents', 229),
(11758, 'V09.0', 'Pedestrian injured in nontraffic accident involving other and unspecified motor vehicles', 229),
(11759, 'V09.1', 'Pedestrian injured in unspecified nontraffic accident', 229),
(11760, 'V09.2', 'Pedestrian injured in traffic accident involving other and unspecified motor vehicles', 229),
(11761, 'V09.3', 'Pedestrian injured in unspecified traffic accident', 229),
(11762, 'V09.9', 'Pedestrian injured in unspecified transport accident', 229),
(11763, 'V10', 'Pedal cyclist injured in collision with pedestrian or animal', 230),
(11764, 'V10.0', 'Driver injured in nontraffic accident', 230),
(11765, 'V10.1', 'Passenger injured in nontraffic accident', 230),
(11766, 'V10.2', 'Unspecified pedal cyclist injured in nontraffic accident', 230),
(11767, 'V10.3', 'Person injured while boarding or alighting', 230),
(11768, 'V10.4', 'Driver injured in traffic accident', 230),
(11769, 'V10.5', 'Passenger injured in traffic accident', 230),
(11770, 'V10.9', 'Unspecified pedal cyclist injured in traffic accident', 230),
(11771, 'V11', 'Pedal cyclist injured in collision with other pedal cycle', 230),
(11772, 'V11.0', 'Driver injured in nontraffic accident', 230),
(11773, 'V11.1', 'Passenger injured in nontraffic accident', 230),
(11774, 'V11.2', 'Unspecified pedal cyclist injured in nontraffic accident', 230),
(11775, 'V11.3', 'Person injured while boarding or alighting', 230),
(11776, 'V11.4', 'Driver injured in traffic accident', 230),
(11777, 'V11.5', 'Passenger injured in traffic accident', 230),
(11778, 'V11.9', 'Unspecified pedal cyclist injured in traffic accident', 230),
(11779, 'V12', 'Pedal cyclist injured in collision with two- or three-wheeled motor vehicle', 230),
(11780, 'V12.0', 'Driver injured in nontraffic accident', 230),
(11781, 'V12.1', 'Passenger injured in nontraffic accident', 230),
(11782, 'V12.2', 'Unspecified pedal cyclist injured in nontraffic accident', 230),
(11783, 'V12.3', 'Person injured while boarding or alighting', 230),
(11784, 'V12.4', 'Driver injured in traffic accident', 230),
(11785, 'V12.5', 'Passenger injured in traffic accident', 230),
(11786, 'V12.9', 'Unspecified pedal cyclist injured in traffic accident', 230),
(11787, 'V13', 'Pedal cyclist injured in collision with car, pickup truck, or van', 230),
(11788, 'V13.0', 'Driver injured in nontraffic accident', 230),
(11789, 'V13.1', 'Passenger injured in nontraffic accident', 230),
(11790, 'V13.2', 'Unspecified pedal cyclist injured in nontraffic accident', 230),
(11791, 'V13.3', 'Person injured while boarding or alighting', 230),
(11792, 'V13.4', 'Driver injured in traffic accident', 230),
(11793, 'V13.5', 'Passenger injured in traffic accident', 230),
(11794, 'V13.9', 'Unspecified pedal cyclist injured in traffic accident', 230),
(11795, 'V14', 'Pedal cyclist injured in collision with heavy transport vehicle or bus', 230),
(11796, 'V14.0', 'Driver injured in nontraffic accident', 230),
(11797, 'V14.1', 'Passenger injured in nontraffic accident', 230),
(11798, 'V14.2', 'Unspecified pedal cyclist injured in nontraffic accident', 230),
(11799, 'V14.3', 'Person injured while boarding or alighting', 230),
(11800, 'V14.4', 'Driver injured in traffic accident', 230),
(11801, 'V14.5', 'Passenger injured in traffic accident', 230),
(11802, 'V14.9', 'Unspecified pedal cyclist injured in traffic accident', 230),
(11803, 'V15', 'Pedal cyclist injured in collision with railway train or railway vehicle', 230),
(11804, 'V15.0', 'Driver injured in nontraffic accident', 230),
(11805, 'V15.1', 'Passenger injured in nontraffic accident', 230),
(11806, 'V15.2', 'Unspecified pedal cyclist injured in nontraffic accident', 230),
(11807, 'V15.3', 'Person injured while boarding or alighting', 230),
(11808, 'V15.4', 'Driver injured in traffic accident', 230),
(11809, 'V15.5', 'Passenger injured in traffic accident', 230),
(11810, 'V15.9', 'Unspecified pedal cyclist injured in traffic accident', 230),
(11811, 'V16', 'Pedal cyclist injured in collision with other nonmotor vehicle', 230),
(11812, 'V16.0', 'Driver injured in nontraffic accident', 230),
(11813, 'V16.1', 'Passenger injured in nontraffic accident', 230),
(11814, 'V16.2', 'Unspecified pedal cyclist injured in nontraffic accident', 230),
(11815, 'V16.3', 'Person injured while boarding or alighting', 230),
(11816, 'V16.4', 'Driver injured in traffic accident', 230),
(11817, 'V16.5', 'Passenger injured in traffic accident', 230),
(11818, 'V16.9', 'Unspecified pedal cyclist injured in traffic accident', 230),
(11819, 'V17', 'Pedal cyclist injured in collision with fixed or stationary object', 230);
INSERT INTO `diseases` (`id`, `disease_code`, `disease_name`, `section_id`) VALUES
(11820, 'V17.0', 'Driver injured in nontraffic accident', 230),
(11821, 'V17.1', 'Passenger injured in nontraffic accident', 230),
(11822, 'V17.2', 'Unspecified pedal cyclist injured in nontraffic accident', 230),
(11823, 'V17.3', 'Person injured while boarding or alighting', 230),
(11824, 'V17.4', 'Driver injured in traffic accident', 230),
(11825, 'V17.5', 'Passenger injured in traffic accident', 230),
(11826, 'V17.9', 'Unspecified pedal cyclist injured in traffic accident', 230),
(11827, 'V18', 'Pedal cyclist injured in noncollision transport accident', 230),
(11828, 'V18.0', 'Driver injured in nontraffic accident', 230),
(11829, 'V18.1', 'Passenger injured in nontraffic accident', 230),
(11830, 'V18.2', 'Unspecified pedal cyclist injured in nontraffic accident', 230),
(11831, 'V18.3', 'Person injured while boarding or alighting', 230),
(11832, 'V18.4', 'Driver injured in traffic accident', 230),
(11833, 'V18.5', 'Passenger injured in traffic accident', 230),
(11834, 'V18.9', 'Unspecified pedal cyclist injured in traffic accident', 230),
(11835, 'V19', 'Pedal cyclist injured in other and unspecified transport accidents', 230),
(11836, 'V19.0', 'Driver injured in collision with other and unspecified motor vehicles in nontraffic accident', 230),
(11837, 'V19.1', 'Passenger injured in collision with other and unspecified motor vehicles in nontraffic accident', 230),
(11838, 'V19.2', 'Unspecified pedal cyclist injured in collision with other and unspecified motor vehicles in nontraffic accident', 230),
(11839, 'V19.3', 'Pedal cyclist [any] injured in an unspecified nontraffic accident', 230),
(11840, 'V19.4', 'Driver injured in collision with other and unspecified motor vehicles in traffic accident', 230),
(11841, 'V19.5', 'Passenger injured in collision with other and unspecified motor vehicles in traffic accident', 230),
(11842, 'V19.6', 'Unspecified pedal cyclist injured in collision with other and unspecified motor vehicles in traffic accident', 230),
(11843, 'V19.8', 'Pedal cyclist [any] injured in other specified transport accidents', 230),
(11844, 'V19.9', 'Pedal cyclist [any] injured in unspecified traffic accident', 230),
(11845, 'V20', 'Motorcycle rider injured in collision with pedestrian or animal', 231),
(11846, 'V20.0', 'Driver injured in nontraffic accident', 231),
(11847, 'V20.1', 'Passenger injured in nontraffic accident', 231),
(11848, 'V20.2', 'Unspecified motorcycle rider injured in nontraffic accident', 231),
(11849, 'V20.3', 'Person injured while boarding or alighting', 231),
(11850, 'V20.4', 'Driver injured in traffic accident', 231),
(11851, 'V20.5', 'Passenger injured in traffic accident', 231),
(11852, 'V20.9', 'Unspecified motorcycle rider injured in traffic accident', 231),
(11853, 'V21', 'Motorcycle rider injured in collision with pedal cycle', 231),
(11854, 'V21.0', 'Driver injured in nontraffic accident', 231),
(11855, 'V21.1', 'Passenger injured in nontraffic accident', 231),
(11856, 'V21.2', 'Unspecified motorcycle rider injured in nontraffic accident', 231),
(11857, 'V21.3', 'Person injured while boarding or alighting', 231),
(11858, 'V21.4', 'Driver injured in traffic accident', 231),
(11859, 'V21.5', 'Passenger injured in traffic accident', 231),
(11860, 'V21.9', 'Unspecified motorcycle rider injured in traffic accident', 231),
(11861, 'V22', 'Motorcycle rider injured in collision with two- or three-wheeled motor vehicle', 231),
(11862, 'V22.0', 'Driver injured in nontraffic accident', 231),
(11863, 'V22.1', 'Passenger injured in nontraffic accident', 231),
(11864, 'V22.2', 'Unspecified motorcycle rider injured in nontraffic accident', 231),
(11865, 'V22.3', 'Person injured while boarding or alighting', 231),
(11866, 'V22.4', 'Driver injured in traffic accident', 231),
(11867, 'V22.5', 'Passenger injured in traffic accident', 231),
(11868, 'V22.9', 'Unspecified motorcycle rider injured in traffic accident', 231),
(11869, 'V23', 'Motorcycle rider injured in collision with car, pickup truck, or van', 231),
(11870, 'V23.0', 'Driver injured in nontraffic accident', 231),
(11871, 'V23.1', 'Passenger injured in nontraffic accident', 231),
(11872, 'V23.2', 'Unspecified motorcycle rider injured in nontraffic accident', 231),
(11873, 'V23.3', 'Person injured while boarding or alighting', 231),
(11874, 'V23.4', 'Driver injured in traffic accident', 231),
(11875, 'V23.5', 'Passenger injured in traffic accident', 231),
(11876, 'V23.9', 'Unspecified motorcycle rider injured in traffic accident', 231),
(11877, 'V24', 'Motorcycle rider injured in collision with heavy transport vehicle or bus', 231),
(11878, 'V24.0', 'Driver injured in nontraffic accident', 231),
(11879, 'V24.1', 'Passenger injured in nontraffic accident', 231),
(11880, 'V24.2', 'Unspecified motorcycle rider injured in nontraffic accident', 231),
(11881, 'V24.3', 'Person injured while boarding or alighting', 231),
(11882, 'V24.4', 'Driver injured in traffic accident', 231),
(11883, 'V24.5', 'Passenger injured in traffic accident', 231),
(11884, 'V24.9', 'Unspecified motorcycle rider injured in traffic accident', 231),
(11885, 'V25', 'Motorcycle rider injured in collision with railway train or railway vehicle', 231),
(11886, 'V25.0', 'Driver injured in nontraffic accident', 231),
(11887, 'V25.1', 'Passenger injured in nontraffic accident', 231),
(11888, 'V25.2', 'Unspecified motorcycle rider injured in nontraffic accident', 231),
(11889, 'V25.3', 'Person injured while boarding or alighting', 231),
(11890, 'V25.4', 'Driver injured in traffic accident', 231),
(11891, 'V25.5', 'Passenger injured in traffic accident', 231),
(11892, 'V25.9', 'Unspecified motorcycle rider injured in traffic accident', 231),
(11893, 'V26', 'Motorcycle rider injured in collision with other nonmotor vehicle', 231),
(11894, 'V26.0', 'Driver injured in nontraffic accident', 231),
(11895, 'V26.1', 'Passenger injured in nontraffic accident', 231),
(11896, 'V26.2', 'Unspecified motorcycle rider injured in nontraffic accident', 231),
(11897, 'V26.3', 'Person injured while boarding or alighting', 231),
(11898, 'V26.4', 'Driver injured in traffic accident', 231),
(11899, 'V26.5', 'Passenger injured in traffic accident', 231),
(11900, 'V26.9', 'Unspecified motorcycle rider injured in traffic accident', 231),
(11901, 'V27', 'Motorcycle rider injured in collision with fixed or stationary object', 231),
(11902, 'V27.0', 'Driver injured in nontraffic accident', 231),
(11903, 'V27.1', 'Passenger injured in nontraffic accident', 231),
(11904, 'V27.2', 'Unspecified motorcycle rider injured in nontraffic accident', 231),
(11905, 'V27.3', 'Person injured while boarding or alighting', 231),
(11906, 'V27.4', 'Driver injured in traffic accident', 231),
(11907, 'V27.5', 'Passenger injured in traffic accident', 231),
(11908, 'V27.9', 'Unspecified motorcycle rider injured in traffic accident', 231),
(11909, 'V28', 'Motorcycle rider injured in noncollision transport accident', 231),
(11910, 'V28.0', 'Driver injured in nontraffic accident', 231),
(11911, 'V28.1', 'Passenger injured in nontraffic accident', 231),
(11912, 'V28.2', 'Unspecified motorcycle rider injured in nontraffic accident', 231),
(11913, 'V28.3', 'Person injured while boarding or alighting', 231),
(11914, 'V28.4', 'Driver injured in traffic accident', 231),
(11915, 'V28.5', 'Passenger injured in traffic accident', 231),
(11916, 'V28.9', 'Unspecified motorcycle rider injured in traffic accident', 231),
(11917, 'V29', 'Motorcycle rider injured in other and unspecified transport accidents', 231),
(11918, 'V29.0', 'Driver injured in collision with other and unspecified motor vehicles in nontraffic accident', 231),
(11919, 'V29.1', 'Passenger injured in collision with other and unspecified motor vehicles in nontraffic accident', 231),
(11920, 'V29.2', 'Unspecified motorcycle rider injured in collision with other and unspecified motor vehicles in nontraffic accident', 231),
(11921, 'V29.3', 'Motorcycle rider [any] injured in unspecified nontraffic accident', 231),
(11922, 'V29.4', 'Driver injured in collision with other and unspecified motor vehicles in traffic accident', 231),
(11923, 'V29.5', 'Passenger injured in collision with other and unspecified motor vehicles in traffic accident', 231),
(11924, 'V29.6', 'Unspecified motorcycle rider injured in collision with other and unspecified motor vehicles in traffic accident', 231),
(11925, 'V29.8', 'Motorcycle rider [any] injured in other specified transport accidents', 231),
(11926, 'V29.9', 'Motorcycle rider [any] injured in unspecified traffic accident', 231),
(11927, 'V30', 'Occupant of three-wheeled motor vehicle injured in collision with pedestrian or animal', 232),
(11928, 'V30.0', 'Driver injured in nontraffic accident', 232),
(11929, 'V30.1', 'Passenger injured in nontraffic accident', 232),
(11930, 'V30.2', 'Person on outside of vehicle injured in nontraffic accident', 232),
(11931, 'V30.3', 'Unspecified occupant of three-wheeled motor vehicle injured in nontraffic accident', 232),
(11932, 'V30.4', 'Person injured while boarding or alighting', 232),
(11933, 'V30.5', 'Driver injured in traffic accident', 232),
(11934, 'V30.6', 'Passenger injured in traffic accident', 232),
(11935, 'V30.7', 'Person on outside of vehicle injured in traffic accident', 232),
(11936, 'V30.9', 'Unspecified occupant of three-wheeled motor vehicle injured in traffic accident', 232),
(11937, 'V31', 'Occupant of three-wheeled motor vehicle injured in collision with pedal cycle', 232),
(11938, 'V31.0', 'Driver injured in nontraffic accident', 232),
(11939, 'V31.1', 'Passenger injured in nontraffic accident', 232),
(11940, 'V31.2', 'Person on outside of vehicle injured in nontraffic accident', 232),
(11941, 'V31.3', 'Unspecified occupant of three-wheeled motor vehicle injured in nontraffic accident', 232),
(11942, 'V31.4', 'Person injured while boarding or alighting', 232),
(11943, 'V31.5', 'Driver injured in traffic accident', 232),
(11944, 'V31.6', 'Passenger injured in traffic accident', 232),
(11945, 'V31.7', 'Person on outside of vehicle injured in traffic accident', 232),
(11946, 'V31.9', 'Unspecified occupant of three-wheeled motor vehicle injured in traffic accident', 232),
(11947, 'V32', 'Occupant of three-wheeled motor vehicle injured in collision with two- or three-wheeled motor vehicle', 232),
(11948, 'V32.0', 'Driver injured in nontraffic accident', 232),
(11949, 'V32.1', 'Passenger injured in nontraffic accident', 232),
(11950, 'V32.2', 'Person on outside of vehicle injured in nontraffic accident', 232),
(11951, 'V32.3', 'Unspecified occupant of three-wheeled motor vehicle injured in nontraffic accident', 232),
(11952, 'V32.4', 'Person injured while boarding or alighting', 232),
(11953, 'V32.5', 'Driver injured in traffic accident', 232),
(11954, 'V32.6', 'Passenger injured in traffic accident', 232),
(11955, 'V32.7', 'Person on outside of vehicle injured in traffic accident', 232),
(11956, 'V32.9', 'Unspecified occupant of three-wheeled motor vehicle injured in traffic accident', 232),
(11957, 'V33', 'Occupant of three-wheeled motor vehicle injured in collision with car, pickup truck, or van', 232),
(11958, 'V33.0', 'Driver injured in nontraffic accident', 232),
(11959, 'V33.1', 'Passenger injured in nontraffic accident', 232),
(11960, 'V33.2', 'Person on outside of vehicle injured in nontraffic accident', 232),
(11961, 'V33.3', 'Unspecified occupant of three-wheeled motor vehicle injured in nontraffic accident', 232),
(11962, 'V33.4', 'Person injured while boarding or alighting', 232),
(11963, 'V33.5', 'Driver injured in traffic accident', 232),
(11964, 'V33.6', 'Passenger injured in traffic accident', 232),
(11965, 'V33.7', 'Person on outside of vehicle injured in traffic accident', 232),
(11966, 'V33.9', 'Unspecified occupant of three-wheeled motor vehicle injured in traffic accident', 232),
(11967, 'V34', 'Occupant of three-wheeled motor vehicle injured in collision with heavy transport vehicle or bus', 232),
(11968, 'V34.0', 'Driver injured in nontraffic accident', 232),
(11969, 'V34.1', 'Passenger injured in nontraffic accident', 232),
(11970, 'V34.2', 'Person on outside of vehicle injured in nontraffic accident', 232),
(11971, 'V34.3', 'Unspecified occupant of three-wheeled motor vehicle injured in nontraffic accident', 232),
(11972, 'V34.4', 'Person injured while boarding or alighting', 232),
(11973, 'V34.5', 'Driver injured in traffic accident', 232),
(11974, 'V34.6', 'Passenger injured in traffic accident', 232),
(11975, 'V34.7', 'Person on outside of vehicle injured in traffic accident', 232),
(11976, 'V34.9', 'Unspecified occupant of three-wheeled motor vehicle injured in traffic accident', 232),
(11977, 'V35', 'Occupant of three-wheeled motor vehicle injured in collision with railway train or railway vehicle', 232),
(11978, 'V35.0', 'Driver injured in nontraffic accident', 232),
(11979, 'V35.1', 'Passenger injured in nontraffic accident', 232),
(11980, 'V35.2', 'Person on outside of vehicle injured in nontraffic accident', 232),
(11981, 'V35.3', 'Unspecified occupant of three-wheeled motor vehicle injured in nontraffic accident', 232),
(11982, 'V35.4', 'Person injured while boarding or alighting', 232),
(11983, 'V35.5', 'Driver injured in traffic accident', 232),
(11984, 'V35.6', 'Passenger injured in traffic accident', 232),
(11985, 'V35.7', 'Person on outside of vehicle injured in traffic accident', 232),
(11986, 'V35.9', 'Unspecified occupant of three-wheeled motor vehicle injured in traffic accident', 232),
(11987, 'V36', 'Occupant of three-wheeled motor vehicle injured in collison with other nonmotor vehicle', 232),
(11988, 'V36.0', 'Driver injured in nontraffic accident', 232),
(11989, 'V36.1', 'Passenger injured in nontraffic accident', 232),
(11990, 'V36.2', 'Person on outside of vehicle injured in nontraffic accident', 232),
(11991, 'V36.3', 'Unspecified occupant of three-wheeled motor vehicle injured in nontraffic accident', 232),
(11992, 'V36.4', 'Person injured while boarding or alighting', 232),
(11993, 'V36.5', 'Driver injured in traffic accident', 232),
(11994, 'V36.6', 'Passenger injured in traffic accident', 232),
(11995, 'V36.7', 'Person on outside of vehicle injured in traffic accident', 232),
(11996, 'V36.9', 'Unspecified occupant of three-wheeled motor vehicle injured in traffic accident', 232),
(11997, 'V37', 'Occupant of three-wheeled motor vehicle injured in collision with fixed or stationary object', 232),
(11998, 'V37.0', 'Driver injured in nontraffic accident', 232),
(11999, 'V37.1', 'Passenger injured in nontraffic accident', 232),
(12000, 'V37.2', 'Person on outside of vehicle injured in nontraffic accident', 232),
(12001, 'V37.3', 'Unspecified occupant of three-wheeled motor vehicle injured in nontraffic accident', 232),
(12002, 'V37.4', 'Person injured while boarding or alighting', 232),
(12003, 'V37.5', 'Driver injured in traffic accident', 232),
(12004, 'V37.6', 'Passenger injured in traffic accident', 232),
(12005, 'V37.7', 'Person on outside of vehicle injured in traffic accident', 232),
(12006, 'V37.9', 'Unspecified occupant of three-wheeled motor vehicle injured in traffic accident', 232),
(12007, 'V38', 'Occupant of three-wheeled motor vehicle injured in noncollision transport accident', 232),
(12008, 'V38.0', 'Driver injured in nontraffic accident', 232),
(12009, 'V38.1', 'Passenger injured in nontraffic accident', 232),
(12010, 'V38.2', 'Person on outside of vehicle injured in nontraffic accident', 232),
(12011, 'V38.3', 'Unspecified occupant of three-wheeled motor vehicle injured in nontraffic accident', 232),
(12012, 'V38.4', 'Person injured while boarding or alighting', 232),
(12013, 'V38.5', 'Driver injured in traffic accident', 232),
(12014, 'V38.6', 'Passenger injured in traffic accident', 232),
(12015, 'V38.7', 'Person on outside of vehicle injured in traffic accident', 232),
(12016, 'V38.9', 'Unspecified occupant of three-wheeled motor vehicle injured in traffic accident', 232),
(12017, 'V39', 'Occupant of three-wheeled motor vehicle injured in other and unspecified transport accidents', 232),
(12018, 'V39.0', 'Driver injured in collision with other and unspecified motor vehicles in nontraffic accident', 232),
(12019, 'V39.1', 'Passenger injured in collision with other and unspecified motor vehicles in nontraffic accident', 232),
(12020, 'V39.2', 'Unspecified occupant of three-wheeled motor vehicle injured in collision with other and unspecified motor vehicles in nontraffic accident', 232),
(12021, 'V39.3', 'Occupant [any] of three-wheeled motor vehicle injured in unspecified nontraffic accident', 232),
(12022, 'V39.4', 'Driver injured in collision with other and unspecified motor vehicles in traffic accident', 232),
(12023, 'V39.5', 'Passenger injured in collision with other and unspecified motor vehicles in traffic accident', 232),
(12024, 'V39.6', 'Unspecified occupant of three-wheeled motor vehicle injured in collision with other and unspecified motor vehicles in traffic accident', 232),
(12025, 'V39.8', 'Occupant [any] of three-wheeled motor vehicle injured in other specified transport accidents', 232),
(12026, 'V39.9', 'Occupant [any] of three-wheeled motor vehicle injured in unspecified traffic accident', 232),
(12027, 'V40', 'Car occupant injured in collision with pedestrian or animal', 233),
(12028, 'V40.0', 'Driver injured in nontraffic accident', 233),
(12029, 'V40.1', 'Passenger injured in nontraffic accident', 233),
(12030, 'V40.2', 'Person on outside of vehicle injured in nontraffic accident', 233),
(12031, 'V40.3', 'Unspecified car occupant injured in nontraffic accident', 233),
(12032, 'V40.4', 'Person injured while boarding or alighting', 233),
(12033, 'V40.5', 'Driver injured in traffic accident', 233),
(12034, 'V40.6', 'Passenger injured in traffic accident', 233),
(12035, 'V40.7', 'Person on outside of vehicle injured in traffic accident', 233),
(12036, 'V40.9', 'Unspecified car occupant injured in traffic accident', 233),
(12037, 'V41', 'Car occupant injured in collision with pedal cycle', 233),
(12038, 'V41.0', 'Driver injured in nontraffic accident', 233),
(12039, 'V41.1', 'Passenger injured in nontraffic accident', 233),
(12040, 'V41.2', 'Person on outside of vehicle injured in nontraffic accident', 233),
(12041, 'V41.3', 'Unspecified car occupant injured in nontraffic accident', 233),
(12042, 'V41.4', 'Person injured while boarding or alighting', 233),
(12043, 'V41.5', 'Driver injured in traffic accident', 233),
(12044, 'V41.6', 'Passenger injured in traffic accident', 233),
(12045, 'V41.7', 'Person on outside of vehicle injured in traffic accident', 233),
(12046, 'V41.9', 'Unspecified car occupant injured in traffic accident', 233),
(12047, 'V42', 'Car occupant injured in collision with two- or three-wheeled motor vehicle', 233),
(12048, 'V42.0', 'Driver injured in nontraffic accident', 233),
(12049, 'V42.1', 'Passenger injured in nontraffic accident', 233),
(12050, 'V42.2', 'Person on outside of vehicle injured in nontraffic accident', 233),
(12051, 'V42.3', 'Unspecified car occupant injured in nontraffic accident', 233),
(12052, 'V42.4', 'Person injured while boarding or alighting', 233),
(12053, 'V42.5', 'Driver injured in traffic accident', 233),
(12054, 'V42.6', 'Passenger injured in traffic accident', 233),
(12055, 'V42.7', 'Person on outside of vehicle injured in traffic accident', 233),
(12056, 'V42.9', 'Unspecified car occupant injured in traffic accident', 233),
(12057, 'V43', 'Car occupant injured in collision with car, pickup truck, or van', 233),
(12058, 'V43.0', 'Driver injured in nontraffic accident', 233),
(12059, 'V43.1', 'Passenger injured in nontraffic accident', 233),
(12060, 'V43.2', 'Person on outside of vehicle injured in nontraffic accident', 233),
(12061, 'V43.3', 'Unspecified car occupant injured in nontraffic accident', 233),
(12062, 'V43.4', 'Person injured while boarding or alighting', 233),
(12063, 'V43.5', 'Driver injured in traffic accident', 233),
(12064, 'V43.6', 'Passenger injured in traffic accident', 233),
(12065, 'V43.7', 'Person on outside of vehicle injured in traffic accident', 233),
(12066, 'V43.9', 'Unspecified car occupant injured in traffic accident', 233),
(12067, 'V44', 'Car occupant injured in collision with heavy transport vehicle or bus', 233),
(12068, 'V44.0', 'Driver injured in nontraffic accident', 233),
(12069, 'V44.1', 'Passenger injured in nontraffic accident', 233),
(12070, 'V44.2', 'Person on outside of vehicle injured in nontraffic accident', 233),
(12071, 'V44.3', 'Unspecified car occupant injured in nontraffic accident', 233),
(12072, 'V44.4', 'Person injured while boarding or alighting', 233),
(12073, 'V44.5', 'Driver injured in traffic accident', 233),
(12074, 'V44.6', 'Passenger injured in traffic accident', 233),
(12075, 'V44.7', 'Person on outside of vehicle injured in traffic accident', 233),
(12076, 'V44.9', 'Unspecified car occupant injured in traffic accident', 233),
(12077, 'V45', 'Car occupant injured in collision with railway train or railway vehicle', 233),
(12078, 'V45.0', 'Driver injured in nontraffic accident', 233),
(12079, 'V45.1', 'Passenger injured in nontraffic accident', 233),
(12080, 'V45.2', 'Person on outside of vehicle injured in nontraffic accident', 233),
(12081, 'V45.3', 'Unspecified car occupant injured in nontraffic accident', 233),
(12082, 'V45.4', 'Person injured while boarding or alighting', 233),
(12083, 'V45.5', 'Driver injured in traffic accident', 233),
(12084, 'V45.6', 'Passenger injured in traffic accident', 233),
(12085, 'V45.7', 'Person on outside of vehicle injured in traffic accident', 233),
(12086, 'V45.9', 'Unspecified car occupant injured in traffic accident', 233),
(12087, 'V46', 'Car occupant injured in collision with other nonmotor vehicle', 233),
(12088, 'V46.0', 'Driver injured in nontraffic accident', 233),
(12089, 'V46.1', 'Passenger injured in nontraffic accident', 233),
(12090, 'V46.2', 'Person on outside of vehicle injured in nontraffic accident', 233),
(12091, 'V46.3', 'Unspecified car occupant injured in nontraffic accident', 233),
(12092, 'V46.4', 'Person injured while boarding or alighting', 233),
(12093, 'V46.5', 'Driver injured in traffic accident', 233),
(12094, 'V46.6', 'Passenger injured in traffic accident', 233),
(12095, 'V46.7', 'Person on outside of vehicle injured in traffic accident', 233),
(12096, 'V46.9', 'Unspecified car occupant injured in traffic accident', 233),
(12097, 'V47', 'Car occupant injured in collision with fixed or stationary object', 233),
(12098, 'V47.0', 'Driver injured in nontraffic accident', 233),
(12099, 'V47.1', 'Passenger injured in nontraffic accident', 233),
(12100, 'V47.2', 'Person on outside of vehicle injured in nontraffic accident', 233),
(12101, 'V47.3', 'Unspecified car occupant injured in nontraffic accident', 233),
(12102, 'V47.4', 'Person injured while boarding or alighting', 233),
(12103, 'V47.5', 'Driver injured in traffic accident', 233),
(12104, 'V47.6', 'Passenger injured in traffic accident', 233),
(12105, 'V47.7', 'Person on outside of vehicle injured in traffic accident', 233),
(12106, 'V47.9', 'Unspecified car occupant injured in traffic accident', 233),
(12107, 'V48', 'Car occupant injured in noncollision transport accident', 233),
(12108, 'V48.0', 'Driver injured in nontraffic accident', 233),
(12109, 'V48.1', 'Passenger injured in nontraffic accident', 233),
(12110, 'V48.2', 'Person on outside of vehicle injured in nontraffic accident', 233),
(12111, 'V48.3', 'Unspecified car occupant injured in nontraffic accident', 233),
(12112, 'V48.4', 'Person injured while boarding or alighting', 233),
(12113, 'V48.5', 'Driver injured in traffic accident', 233),
(12114, 'V48.6', 'Passenger injured in traffic accident', 233),
(12115, 'V48.7', 'Person on outside of vehicle injured in traffic accident', 233),
(12116, 'V48.9', 'Unspecified car occupant injured in traffic accident', 233),
(12117, 'V49', 'Car occupant injured in other and unspecified transport accidents', 233),
(12118, 'V49.0', 'Driver injured in collision with other and unspecified motor vehicles in nontraffic accident', 233),
(12119, 'V49.1', 'Passenger injured in collision with other and unspecified motor vehicles in nontraffic accident', 233),
(12120, 'V49.2', 'Unspecified car occupant injured in collision with other and unspecified motor vehicles in nontraffic accident', 233),
(12121, 'V49.3', 'Car occupant [any] injured in unspecified nontraffic accident', 233),
(12122, 'V49.4', 'Driver injured in collision with other and unspecified motor vehicles in traffic accident', 233),
(12123, 'V49.5', 'Passenger injured in collision with other and unspecified motor vehicles in traffic accident', 233),
(12124, 'V49.6', 'Unspecified car occupant injured in collision with other and unspecified motor vehicles in traffic accident', 233),
(12125, 'V49.8', 'Car occupant [any] injured in other specified transport accidents', 233),
(12126, 'V49.9', 'Car occupant [any] injured in unspecified traffic accident', 233),
(12127, 'V50', 'Occupant of pickup truck or van injured in collision with pedestrian or animal', 234),
(12128, 'V50.0', 'Driver injured in nontraffic accident', 234),
(12129, 'V50.1', 'Passenger injured in nontraffic accident', 234),
(12130, 'V50.2', 'Person on outside of vehicle injured in nontraffic accident', 234),
(12131, 'V50.3', 'Unspecified occupant of pickup truck or van injured in nontraffic accident', 234),
(12132, 'V50.4', 'Person injured while boarding or alighting', 234),
(12133, 'V50.5', 'Driver injured in traffic accident', 234),
(12134, 'V50.6', 'Passenger injured in traffic accident', 234),
(12135, 'V50.7', 'Person on outside of vehicle injured in traffic accident', 234),
(12136, 'V50.9', 'Unspecified occupant of pickup truck or van injured in traffic accident', 234),
(12137, 'V51', 'Occupant of pickup truck or van injured in collision with pedal cycle', 234),
(12138, 'V51.0', 'Driver injured in nontraffic accident', 234),
(12139, 'V51.1', 'Passenger injured in nontraffic accident', 234),
(12140, 'V51.2', 'Person on outside of vehicle injured in nontraffic accident', 234),
(12141, 'V51.3', 'Unspecified occupant of pickup truck or van injured in nontraffic accident', 234),
(12142, 'V51.4', 'Person injured while boarding or alighting', 234),
(12143, 'V51.5', 'Driver injured in traffic accident', 234),
(12144, 'V51.6', 'Passenger injured in traffic accident', 234),
(12145, 'V51.7', 'Person on outside of vehicle injured in traffic accident', 234),
(12146, 'V51.9', 'Unspecified occupant of pickup truck or van injured in traffic accident', 234),
(12147, 'V52', 'Occupant of pickup truck or van injured in collision with two- or three-wheeled motor vehicle', 234),
(12148, 'V52.0', 'Driver injured in nontraffic accident', 234),
(12149, 'V52.1', 'Passenger injured in nontraffic accident', 234),
(12150, 'V52.2', 'Person on outside of vehicle injured in nontraffic accident', 234),
(12151, 'V52.3', 'Unspecified occupant of pickup truck or van injured in nontraffic accident', 234),
(12152, 'V52.4', 'Person injured while boarding or alighting', 234),
(12153, 'V52.5', 'Driver injured in traffic accident', 234),
(12154, 'V52.6', 'Passenger injured in traffic accident', 234),
(12155, 'V52.7', 'Person on outside of vehicle injured in traffic accident', 234),
(12156, 'V52.9', 'Unspecified occupant of pickup truck or van injured in traffic accident', 234),
(12157, 'V53', 'Occupant of pickup truck or van injured in collision with car, pickup truck, or van', 234),
(12158, 'V53.0', 'Driver injured in nontraffic accident', 234),
(12159, 'V53.1', 'Passenger injured in nontraffic accident', 234),
(12160, 'V53.2', 'Person on outside of vehicle injured in nontraffic accident', 234),
(12161, 'V53.3', 'Unspecified occupant of pickup truck or van injured in nontraffic accident', 234),
(12162, 'V53.4', 'Person injured while boarding or alighting', 234),
(12163, 'V53.5', 'Driver injured in traffic accident', 234),
(12164, 'V53.6', 'Passenger injured in traffic accident', 234),
(12165, 'V53.7', 'Person on outside of vehicle injured in traffic accident', 234),
(12166, 'V53.9', 'Unspecified occupant of pickup truck or van injured in traffic accident', 234),
(12167, 'V54', 'Occupant of pickup truck or van injured in collision with heavy transport vehicle or bus', 234),
(12168, 'V54.0', 'Driver injured in nontraffic accident', 234),
(12169, 'V54.1', 'Passenger injured in nontraffic accident', 234),
(12170, 'V54.2', 'Person on outside of vehicle injured in nontraffic accident', 234),
(12171, 'V54.3', 'Unspecified occupant of pickup truck or van injured in nontraffic accident', 234),
(12172, 'V54.4', 'Person injured while boarding or alighting', 234),
(12173, 'V54.5', 'Driver injured in traffic accident', 234),
(12174, 'V54.6', 'Passenger injured in traffic accident', 234),
(12175, 'V54.7', 'Person on outside of vehicle injured in traffic accident', 234),
(12176, 'V54.9', 'Unspecified occupant of pickup truck or van injured in traffic accident', 234),
(12177, 'V55', 'Occupant of pickup truck or van injured in collision with railway train or railway vehicle', 234),
(12178, 'V55.0', 'Driver injured in nontraffic accident', 234),
(12179, 'V55.1', 'Passenger injured in nontraffic accident', 234),
(12180, 'V55.2', 'Person on outside of vehicle injured in nontraffic accident', 234),
(12181, 'V55.3', 'Unspecified occupant of pickup truck or van injured in nontraffic accident', 234),
(12182, 'V55.4', 'Person injured while boarding or alighting', 234),
(12183, 'V55.5', 'Driver injured in traffic accident', 234),
(12184, 'V55.6', 'Passenger injured in traffic accident', 234),
(12185, 'V55.7', 'Person on outside of vehicle injured in traffic accident', 234),
(12186, 'V55.9', 'Unspecified occupant of pickup truck or van injured in traffic accident', 234),
(12187, 'V56', 'Occupant of pickup truck or van injured in collision with other nonmotor vehicle', 234),
(12188, 'V56.0', 'Driver injured in nontraffic accident', 234),
(12189, 'V56.1', 'Passenger injured in nontraffic accident', 234),
(12190, 'V56.2', 'Person on outside of vehicle injured in nontraffic accident', 234),
(12191, 'V56.3', 'Unspecified occupant of pickup truck or van injured in nontraffic accident', 234),
(12192, 'V56.4', 'Person injured while boarding or alighting', 234),
(12193, 'V56.5', 'Driver injured in traffic accident', 234),
(12194, 'V56.6', 'Passenger injured in traffic accident', 234),
(12195, 'V56.7', 'Person on outside of vehicle injured in traffic accident', 234),
(12196, 'V56.9', 'Unspecified occupant of pickup truck or van injured in traffic accident', 234),
(12197, 'V57', 'Occupant of pickup truck or van injured in collision with fixed or stationary object', 234),
(12198, 'V57.0', 'Driver injured in nontraffic accident', 234),
(12199, 'V57.1', 'Passenger injured in nontraffic accident', 234),
(12200, 'V57.2', 'Person on outside of vehicle injured in nontraffic accident', 234),
(12201, 'V57.3', 'Unspecified occupant of pickup truck or van injured in nontraffic accident', 234),
(12202, 'V57.4', 'Person injured while boarding or alighting', 234),
(12203, 'V57.5', 'Driver injured in traffic accident', 234),
(12204, 'V57.6', 'Passenger injured in traffic accident', 234),
(12205, 'V57.7', 'Person on outside of vehicle injured in traffic accident', 234),
(12206, 'V57.9', 'Unspecified occupant of pickup truck or van injured in traffic accident', 234),
(12207, 'V58', 'Occupant of pickup truck or van injured in noncollision transport accident', 234),
(12208, 'V58.0', 'Driver injured in nontraffic accident', 234),
(12209, 'V58.1', 'Passenger injured in nontraffic accident', 234),
(12210, 'V58.2', 'Person on outside of vehicle injured in nontraffic accident', 234),
(12211, 'V58.3', 'Unspecified occupant of pickup truck or van injured in nontraffic accident', 234),
(12212, 'V58.4', 'Person injured while boarding or alighting', 234),
(12213, 'V58.5', 'Driver injured in traffic accident', 234),
(12214, 'V58.6', 'Passenger injured in traffic accident', 234),
(12215, 'V58.7', 'Person on outside of vehicle injured in traffic accident', 234),
(12216, 'V58.9', 'Unspecified occupant of pickup truck or van injured in traffic accident', 234),
(12217, 'V59', 'Occupant of pickup truck or van injured in other and unspecified transport accidents', 234),
(12218, 'V59.0', 'Driver injured in collision with other and unspecified motor vehicles in nontraffic accident', 234),
(12219, 'V59.1', 'Passenger injured in collision with other and unspecified motor vehicles in nontraffic accident', 234),
(12220, 'V59.2', 'Unspecified occupant of pickup truck or van injured in collision with other and unspecified motor vehicles in nontraffic accident', 234),
(12221, 'V59.3', 'Occupant [any] of pickup truck or van injured in unspecified nontraffic accident', 234),
(12222, 'V59.4', 'Driver injured in collision with other and unspecified motor vehicles in traffic accident', 234),
(12223, 'V59.5', 'Passenger injured in collision with other and unspecified motor vehicles in traffic accident', 234),
(12224, 'V59.6', 'Unspecified occupant of pickup truck or van injured in collision with other and unspecified motor vehicles in traffic accident', 234),
(12225, 'V59.8', 'Occupant [any] of pickup truck or van injured in other specified transport accidents', 234),
(12226, 'V59.9', 'Occupant [any] of pickup truck or van injured in unspecified traffic accident', 234),
(12227, 'V60', 'Occupant of heavy transport vehicle injured in collision with pedestrian or animal', 235),
(12228, 'V60.0', 'Driver injured in nontraffic accident', 235),
(12229, 'V60.1', 'Passenger injured in nontraffic accident', 235),
(12230, 'V60.2', 'Person on outside of vehicle injured in nontraffic accident', 235),
(12231, 'V60.3', 'Unspecified occupant of heavy transport vehicle injured in nontraffic accident', 235),
(12232, 'V60.4', 'Person injured while boarding or alighting', 235),
(12233, 'V60.5', 'Driver injured in traffic accident', 235),
(12234, 'V60.6', 'Passenger injured in traffic accident', 235),
(12235, 'V60.7', 'Person on outside of vehicle injured in traffic accident', 235),
(12236, 'V60.9', 'Unspecified occupant of heavy transport vehicle injured in traffic accident', 235),
(12237, 'V61', 'Occupant of heavy transport vehicle injured in collision with pedal cycle', 235),
(12238, 'V61.0', 'Driver injured in nontraffic accident', 235),
(12239, 'V61.1', 'Passenger injured in nontraffic accident', 235),
(12240, 'V61.2', 'Person on outside of vehicle injured in nontraffic accident', 235),
(12241, 'V61.3', 'Unspecified occupant of heavy transport vehicle injured in nontraffic accident', 235),
(12242, 'V61.4', 'Person injured while boarding or alighting', 235),
(12243, 'V61.5', 'Driver injured in traffic accident', 235),
(12244, 'V61.6', 'Passenger injured in traffic accident', 235),
(12245, 'V61.7', 'Person on outside of vehicle injured in traffic accident', 235),
(12246, 'V61.9', 'Unspecified occupant of heavy transport vehicle injured in traffic accident', 235),
(12247, 'V62', 'Occupant of heavy transport vehicle injured in collision with two- or three-wheeled motor vehicle', 235),
(12248, 'V62.0', 'Driver injured in nontraffic accident', 235),
(12249, 'V62.1', 'Passenger injured in nontraffic accident', 235),
(12250, 'V62.2', 'Person on outside of vehicle injured in nontraffic accident', 235),
(12251, 'V62.3', 'Unspecified occupant of heavy transport vehicle injured in nontraffic accident', 235),
(12252, 'V62.4', 'Person injured while boarding or alighting', 235),
(12253, 'V62.5', 'Driver injured in traffic accident', 235),
(12254, 'V62.6', 'Passenger injured in traffic accident', 235),
(12255, 'V62.7', 'Person on outside of vehicle injured in traffic accident', 235),
(12256, 'V62.9', 'Unspecified occupant of heavy transport vehicle injured in traffic accident', 235),
(12257, 'V63', 'Occupant of heavy transport vehicle injured in collision with car, pickup truck, or van', 235),
(12258, 'V63.0', 'Driver injured in nontraffic accident', 235),
(12259, 'V63.1', 'Passenger injured in nontraffic accident', 235),
(12260, 'V63.2', 'Person on outside of vehicle injured in nontraffic accident', 235),
(12261, 'V63.3', 'Unspecified occupant of heavy transport vehicle injured in nontraffic accident', 235),
(12262, 'V63.4', 'Person injured while boarding or alighting', 235),
(12263, 'V63.5', 'Driver injured in traffic accident', 235),
(12264, 'V63.6', 'Passenger injured in traffic accident', 235),
(12265, 'V63.7', 'Person on outside of vehicle injured in traffic accident', 235),
(12266, 'V63.9', 'Unspecified occupant of heavy transport vehicle injured in traffic accident', 235),
(12267, 'V64', 'Occupant of heavy transport vehicle injured in collision with heavy transport vehicle or bus', 235),
(12268, 'V64.0', 'Driver injured in nontraffic accident', 235),
(12269, 'V64.1', 'Passenger injured in nontraffic accident', 235),
(12270, 'V64.2', 'Person on outside of vehicle injured in nontraffic accident', 235),
(12271, 'V64.3', 'Unspecified occupant of heavy transport vehicle injured in nontraffic accident', 235),
(12272, 'V64.4', 'Person injured while boarding or alighting', 235),
(12273, 'V64.5', 'Driver injured in traffic accident', 235),
(12274, 'V64.6', 'Passenger injured in traffic accident', 235),
(12275, 'V64.7', 'Person on outside of vehicle injured in traffic accident', 235),
(12276, 'V64.9', 'Unspecified occupant of heavy transport vehicle injured in traffic accident', 235),
(12277, 'V65', 'Occupant of heavy transport vehicle injured in collision with railway train or railway vehicle', 235),
(12278, 'V65.0', 'Driver injured in nontraffic accident', 235),
(12279, 'V65.1', 'Passenger injured in nontraffic accident', 235),
(12280, 'V65.2', 'Person on outside of vehicle injured in nontraffic accident', 235),
(12281, 'V65.3', 'Unspecified occupant of heavy transport vehicle injured in nontraffic accident', 235),
(12282, 'V65.4', 'Person injured while boarding or alighting', 235),
(12283, 'V65.5', 'Driver injured in traffic accident', 235),
(12284, 'V65.6', 'Passenger injured in traffic accident', 235),
(12285, 'V65.7', 'Person on outside of vehicle injured in traffic accident', 235),
(12286, 'V65.9', 'Unspecified occupant of heavy transport vehicle injured in traffic accident', 235),
(12287, 'V66', 'Occupant of heavy transport vehicle injured in collision with other nonmotor vehicle', 235),
(12288, 'V66.0', 'Driver injured in nontraffic accident', 235),
(12289, 'V66.1', 'Passenger injured in nontraffic accident', 235),
(12290, 'V66.2', 'Person on outside of vehicle injured in nontraffic accident', 235),
(12291, 'V66.3', 'Unspecified occupant of heavy transport vehicle injured in nontraffic accident', 235),
(12292, 'V66.4', 'Person injured while boarding or alighting', 235),
(12293, 'V66.5', 'Driver injured in traffic accident', 235),
(12294, 'V66.6', 'Passenger injured in traffic accident', 235),
(12295, 'V66.7', 'Person on outside of vehicle injured in traffic accident', 235),
(12296, 'V66.9', 'Unspecified occupant of heavy transport vehicle injured in traffic accident', 235),
(12297, 'V67', 'Occupant of heavy transport vehicle injured in collision with fixed or stationary object', 235),
(12298, 'V67.0', 'Driver injured in nontraffic accident', 235),
(12299, 'V67.1', 'Passenger injured in nontraffic accident', 235),
(12300, 'V67.2', 'Person on outside of vehicle injured in nontraffic accident', 235),
(12301, 'V67.3', 'Unspecified occupant of heavy transport vehicle injured in nontraffic accident', 235),
(12302, 'V67.4', 'Person injured while boarding or alighting', 235),
(12303, 'V67.5', 'Driver injured in traffic accident', 235),
(12304, 'V67.6', 'Passenger injured in traffic accident', 235),
(12305, 'V67.7', 'Person on outside of vehicle injured in traffic accident', 235),
(12306, 'V67.9', 'Unspecified occupant of heavy transport vehicle injured in traffic accident', 235),
(12307, 'V68', 'Occupant of heavy transport vehicle injured in noncollision transport accident', 235),
(12308, 'V68.0', 'Driver injured in nontraffic accident', 235),
(12309, 'V68.1', 'Passenger injured in nontraffic accident', 235),
(12310, 'V68.2', 'Person on outside of vehicle injured in nontraffic accident', 235),
(12311, 'V68.3', 'Unspecified occupant of heavy transport vehicle injured in nontraffic accident', 235),
(12312, 'V68.4', 'Person injured while boarding or alighting', 235),
(12313, 'V68.5', 'Driver injured in traffic accident', 235),
(12314, 'V68.6', 'Passenger injured in traffic accident', 235),
(12315, 'V68.7', 'Person on outside of vehicle injured in traffic accident', 235),
(12316, 'V68.9', 'Unspecified occupant of heavy transport vehicle injured in traffic accident', 235),
(12317, 'V69', 'Occupant of heavy transport vehicle injured in other and unspecified transport accidents', 235),
(12318, 'V69.0', 'Driver injured in collision with other and unspecified motor vehicles in nontraffic accident', 235),
(12319, 'V69.1', 'Passenger injured in collision with other and unspecified motor vehicles in nontraffic accident', 235),
(12320, 'V69.2', 'Unspecified occupant of heavy transport vehicle injured in collision with other and unspecified motor vehicles in nontraffic accident', 235),
(12321, 'V69.3', 'Occupant [any] of heavy transport vehicle injured in unspecified nontraffic accident', 235),
(12322, 'V69.4', 'Driver injured in collision with other and unspecified motor vehicles in traffic accident', 235),
(12323, 'V69.5', 'Passenger injured in collision with other and unspecified motor vehicles in traffic accident', 235),
(12324, 'V69.6', 'Unspecified occupant of heavy transport vehicle injured in collision with other and unspecified motor vehicles in traffic accident', 235),
(12325, 'V69.8', 'Occupant [any] of heavy transport vehicle injured in other specified transport accidents', 235),
(12326, 'V69.9', 'Occupant [any] of heavy transport vehicle injured in unspecified traffic accident', 235),
(12327, 'V70', 'Bus occupant injured in collision with pedestrian or animal', 236),
(12328, 'V70.0', 'Driver injured in nontraffic accident', 236),
(12329, 'V70.1', 'Passenger injured in nontraffic accident', 236),
(12330, 'V70.2', 'Person on outside of vehicle injured in nontraffic accident', 236),
(12331, 'V70.3', 'Unspecified bus occupant injured in nontraffic accident', 236),
(12332, 'V70.4', 'Person injured while boarding or alighting', 236),
(12333, 'V70.5', 'Driver injured in traffic accident', 236),
(12334, 'V70.6', 'Passenger injured in traffic accident', 236),
(12335, 'V70.7', 'Person on outside of vehicle injured in traffic accident', 236),
(12336, 'V70.9', 'Unspecified bus occupant injured in traffic accident', 236),
(12337, 'V71', 'Bus occupant injured in collision with pedal cycle', 236),
(12338, 'V71.0', 'Driver injured in nontraffic accident', 236),
(12339, 'V71.1', 'Passenger injured in nontraffic accident', 236),
(12340, 'V71.2', 'Person on outside of vehicle injured in nontraffic accident', 236),
(12341, 'V71.3', 'Unspecified bus occupant injured in nontraffic accident', 236),
(12342, 'V71.4', 'Person injured while boarding or alighting', 236),
(12343, 'V71.5', 'Driver injured in traffic accident', 236),
(12344, 'V71.6', 'Passenger injured in traffic accident', 236),
(12345, 'V71.7', 'Person on outside of vehicle injured in traffic accident', 236),
(12346, 'V71.9', 'Unspecified bus occupant injured in traffic accident', 236),
(12347, 'V72', 'Bus occupant injured in collision with two- or three-wheeled motor vehicle', 236),
(12348, 'V72.0', 'Driver injured in nontraffic accident', 236),
(12349, 'V72.1', 'Passenger injured in nontraffic accident', 236),
(12350, 'V72.2', 'Person on outside of vehicle injured in nontraffic accident', 236),
(12351, 'V72.3', 'Unspecified bus occupant injured in nontraffic accident', 236),
(12352, 'V72.4', 'Person injured while boarding or alighting', 236),
(12353, 'V72.5', 'Driver injured in traffic accident', 236),
(12354, 'V72.6', 'Passenger injured in traffic accident', 236),
(12355, 'V72.7', 'Person on outside of vehicle injured in traffic accident', 236),
(12356, 'V72.9', 'Unspecified bus occupant injured in traffic accident', 236),
(12357, 'V73', 'Bus occupant injured in collision with car, pickup truck, or van', 236),
(12358, 'V73.0', 'Driver injured in nontraffic accident', 236),
(12359, 'V73.1', 'Passenger injured in nontraffic accident', 236),
(12360, 'V73.2', 'Person on outside of vehicle injured in nontraffic accident', 236),
(12361, 'V73.3', 'Unspecified bus occupant injured in nontraffic accident', 236),
(12362, 'V73.4', 'Person injured while boarding or alighting', 236),
(12363, 'V73.5', 'Driver injured in traffic accident', 236),
(12364, 'V73.6', 'Passenger injured in traffic accident', 236),
(12365, 'V73.7', 'Person on outside of vehicle injured in traffic accident', 236),
(12366, 'V73.9', 'Unspecified bus occupant injured in traffic accident', 236),
(12367, 'V74', 'Bus occupant injured in collision with heavy transport vehicle or bus', 236),
(12368, 'V74.0', 'Driver injured in nontraffic accident', 236),
(12369, 'V74.1', 'Passenger injured in nontraffic accident', 236),
(12370, 'V74.2', 'Person on outside of vehicle injured in nontraffic accident', 236),
(12371, 'V74.3', 'Unspecified bus occupant injured in nontraffic accident', 236),
(12372, 'V74.4', 'Person injured while boarding or alighting', 236),
(12373, 'V74.5', 'Driver injured in traffic accident', 236),
(12374, 'V74.6', 'Passenger injured in traffic accident', 236),
(12375, 'V74.7', 'Person on outside of vehicle injured in traffic accident', 236),
(12376, 'V74.9', 'Unspecified bus occupant injured in traffic accident', 236),
(12377, 'V75', 'Bus occupant injured in collision with railway train or railway vehicle', 236),
(12378, 'V75.0', 'Driver injured in nontraffic accident', 236),
(12379, 'V75.1', 'Passenger injured in nontraffic accident', 236),
(12380, 'V75.2', 'Person on outside of vehicle injured in nontraffic accident', 236),
(12381, 'V75.3', 'Unspecified bus occupant injured in nontraffic accident', 236),
(12382, 'V75.4', 'Person injured while boarding or alighting', 236),
(12383, 'V75.5', 'Driver injured in traffic accident', 236),
(12384, 'V75.6', 'Passenger injured in traffic accident', 236),
(12385, 'V75.7', 'Person on outside of vehicle injured in traffic accident', 236),
(12386, 'V75.9', 'Unspecified bus occupant injured in traffic accident', 236),
(12387, 'V76', 'Bus occupant injured in collision with other nonmotor vehicle', 236),
(12388, 'V76.0', 'Driver injured in nontraffic accident', 236),
(12389, 'V76.1', 'Passenger injured in nontraffic accident', 236),
(12390, 'V76.2', 'Person on outside of vehicle injured in nontraffic accident', 236),
(12391, 'V76.3', 'Unspecified bus occupant injured in nontraffic accident', 236),
(12392, 'V76.4', 'Person injured while boarding or alighting', 236),
(12393, 'V76.5', 'Driver injured in traffic accident', 236),
(12394, 'V76.6', 'Passenger injured in traffic accident', 236),
(12395, 'V76.7', 'Person on outside of vehicle injured in traffic accident', 236),
(12396, 'V76.9', 'Unspecified bus occupant injured in traffic accident', 236),
(12397, 'V77', 'Bus occupant injured in collision with fixed or stationary object', 236),
(12398, 'V77.0', 'Driver injured in nontraffic accident', 236),
(12399, 'V77.1', 'Passenger injured in nontraffic accident', 236),
(12400, 'V77.2', 'Person on outside of vehicle injured in nontraffic accident', 236),
(12401, 'V77.3', 'Unspecified bus occupant injured in nontraffic accident', 236),
(12402, 'V77.4', 'Person injured while boarding or alighting', 236),
(12403, 'V77.5', 'Driver injured in traffic accident', 236),
(12404, 'V77.6', 'Passenger injured in traffic accident', 236),
(12405, 'V77.7', 'Person on outside of vehicle injured in traffic accident', 236),
(12406, 'V77.9', 'Unspecified bus occupant injured in traffic accident', 236),
(12407, 'V78', 'Bus occupant injured in noncollision transport accident', 236),
(12408, 'V78.0', 'Driver injured in nontraffic accident', 236),
(12409, 'V78.1', 'Passenger injured in nontraffic accident', 236),
(12410, 'V78.2', 'Person on outside of vehicle injured in nontraffic accident', 236),
(12411, 'V78.3', 'Unspecified bus occupant injured in nontraffic accident', 236),
(12412, 'V78.4', 'Person injured while boarding or alighting', 236),
(12413, 'V78.5', 'Driver injured in traffic accident', 236),
(12414, 'V78.6', 'Passenger injured in traffic accident', 236),
(12415, 'V78.7', 'Person on outside of vehicle injured in traffic accident', 236),
(12416, 'V78.9', 'Unspecified bus occupant injured in traffic accident', 236),
(12417, 'V79', 'Bus occupant injured in other and unspecified transport accidents', 236),
(12418, 'V79.0', 'Driver injured in collision with other and unspecified motor vehicles in nontraffic accident', 236),
(12419, 'V79.1', 'Passenger injured in collision with other and unspecified motor vehicles in nontraffic accident', 236),
(12420, 'V79.2', 'Unspecified bus occupant injured in collision with other and unspecified motor vehicles in nontraffic accident', 236),
(12421, 'V79.3', 'Bus occupant [any] injured in unspecified nontraffic accident', 236),
(12422, 'V79.4', 'Driver injured in collision with other and unspecified motor vehicles in traffic accident', 236),
(12423, 'V79.5', 'Passenger injured in collision with other and unspecified motor vehicles in traffic accident', 236),
(12424, 'V79.6', 'Unspecified bus occupant injured in collision with other and unspecified motor vehicles in traffic accident', 236),
(12425, 'V79.8', 'Bus occupant [any] injured in other specified transport accidents', 236),
(12426, 'V79.9', 'Bus occupant [any] injured in unspecified traffic accident', 236),
(12427, 'V80', 'Animal-rider or occupant of animal-drawn vehicle injured in transport accident', 237),
(12428, 'V80.0', 'Rider or occupant injured by fall from or being thrown from animal or animal-drawn vehicle in noncollision accident', 237),
(12429, 'V80.1', 'Rider or occupant injured in collision with pedestrian or animal', 237),
(12430, 'V80.2', 'Rider or occupant injured in collision with pedal cycle', 237),
(12431, 'V80.3', 'Rider or occupant injured in collision with two- or three-wheeled motor vehicle', 237),
(12432, 'V80.4', 'Rider or occupant injured in collision with car, pickup truck, van, heavy transport vehicle, or bus', 237),
(12433, 'V80.5', 'Rider or occupant injured in collision with other specified motor vehicle', 237),
(12434, 'V80.6', 'Rider or occupant injured in collision with railway train or railway vehicle', 237),
(12435, 'V80.7', 'Rider or occupant injured in collision with other nonmotor vehicle', 237),
(12436, 'V80.8', 'Rider or occupant injured in collision with fixed or stationary object', 237),
(12437, 'V80.9', 'Rider or occupant injured in other and unspecified transport accidents', 237),
(12438, 'V81', 'Occupant of railway train or railway vehicle injured in transport accident', 237);
INSERT INTO `diseases` (`id`, `disease_code`, `disease_name`, `section_id`) VALUES
(12439, 'V81.0', 'Occupant of railway train or railway vehicle injured in collision with motor vehicle in nontraffic accident', 237),
(12440, 'V81.1', 'Occupant of railway train or railway vehicle injured in collision with motor vehicle in traffic accident', 237),
(12441, 'V81.2', 'Occupant of railway train or railway vehicle injured in collision with or hit by rolling stock', 237),
(12442, 'V81.3', 'Occupant of railway train or railway vehicle injured in collision with other object', 237),
(12443, 'V81.4', 'Person injured while boarding or alighting from railway train or railway vehicle', 237),
(12444, 'V81.5', 'Occupant of railway train or railway vehicle injured by fall in railway train or railway vehicle', 237),
(12445, 'V81.6', 'Occupant of railway train or railway vehicle injured by fall from railway train or railway vehicle', 237),
(12446, 'V81.7', 'Occupant of railway train or railway vehicle injured in derailment without antecedent collision', 237),
(12447, 'V81.8', 'Occupant of railway train or railway vehicle injured in other specified railway accidents', 237),
(12448, 'V81.9', 'Occupant of railway train or railway vehicle injured in unspecified railway accident', 237),
(12449, 'V82', 'Occupant of streetcar injured in transport accident', 237),
(12450, 'V82.0', 'Occupant of streetcar injured in collision with motor vehicle in nontraffic accident', 237),
(12451, 'V82.1', 'Occupant of streetcar injured in collision with motor vehicle in traffic accident', 237),
(12452, 'V82.2', 'Occupant of streetcar injured in collision with or hit by rolling stock', 237),
(12453, 'V82.3', 'Occupant of streetcar injured in collision with other object', 237),
(12454, 'V82.4', 'Person injured while boarding or alighting from streetcar', 237),
(12455, 'V82.5', 'Occupant of streetcar injured by fall in streetcar', 237),
(12456, 'V82.6', 'Occupant of streetcar injured by fall from streetcar', 237),
(12457, 'V82.7', 'Occupant of streetcar injured in derailment without antecedent collision', 237),
(12458, 'V82.8', 'Occupant of streetcar injured in other specified transport accidents', 237),
(12459, 'V82.9', 'Occupant of streetcar injured in unspecified traffic accident', 237),
(12460, 'V83', 'Occupant of special vehicle mainly used on industrial premises injured in transport accident', 237),
(12461, 'V83.0', 'Driver of special industrial vehicle injured in traffic accident', 237),
(12462, 'V83.1', 'Passenger of special industrial vehicle injured in traffic accident', 237),
(12463, 'V83.2', 'Person on outside of special industrial vehicle injured in traffic accident', 237),
(12464, 'V83.3', 'Unspecified occupant of special industrial vehicle injured in traffic accident', 237),
(12465, 'V83.4', 'Person injured while boarding or alighting from special industrial vehicle', 237),
(12466, 'V83.5', 'Driver of special industrial vehicle injured in nontraffic accident', 237),
(12467, 'V83.6', 'Passenger of special industrial vehicle injured in nontraffic accident', 237),
(12468, 'V83.7', 'Person on outside of special industrial vehicle injured in nontraffic accident', 237),
(12469, 'V83.9', 'Unspecified occupant of special industrial vehicle injured in nontraffic accident', 237),
(12470, 'V84', 'Occupant of special vehicle mainly used in agriculture injured in transport accident', 237),
(12471, 'V84.0', 'Driver of special agricultural vehicle injured in traffic accident', 237),
(12472, 'V84.1', 'Passenger of special agricultural vehicle injured in traffic accident', 237),
(12473, 'V84.2', 'Person on outside of special agricultural vehicle injured in traffic accident', 237),
(12474, 'V84.3', 'Unspecified occupant of special agricultural vehicle injured in traffic accident', 237),
(12475, 'V84.4', 'Person injured while boarding or alighting from special agricultural vehicle', 237),
(12476, 'V84.5', 'Driver of special agricultural vehicle injured in nontraffic accident', 237),
(12477, 'V84.6', 'Passenger of special agricultural vehicle injured in nontraffic accident', 237),
(12478, 'V84.7', 'Person on outside of special agricultural vehicle injured in nontraffic accident', 237),
(12479, 'V84.9', 'Unspecified occupant of special agricultural vehicle injured in nontraffic accident', 237),
(12480, 'V85', 'Occupant of special construction vehicle injured in transport accident', 237),
(12481, 'V85.0', 'Driver of special construction vehicle injured in traffic accident', 237),
(12482, 'V85.1', 'Passenger of special construction vehicle injured in traffic accident', 237),
(12483, 'V85.2', 'Person on outside of special construction vehicle injured in traffic accident', 237),
(12484, 'V85.3', 'Unspecified occupant of special construction vehicle injured in traffic accident', 237),
(12485, 'V85.4', 'Person injured while boarding or alighting from special construction vehicle', 237),
(12486, 'V85.5', 'Driver of special construction vehicle injured in nontraffic accident', 237),
(12487, 'V85.6', 'Passenger of special construction vehicle injured in nontraffic accident', 237),
(12488, 'V85.7', 'Person on outside of special construction vehicle injured in nontraffic accident', 237),
(12489, 'V85.9', 'Unspecified occupant of special construction vehicle injured in nontraffic accident', 237),
(12490, 'V86', 'Occupant of special all-terrain or other motor vehicle designed primarily for off-road use, injured in transport accident', 237),
(12491, 'V86.0', 'Driver of all-terrain or other off-road motor vehicle injured in traffic accident', 237),
(12492, 'V86.1', 'Passenger of all-terrain or other off-road motor vehicle injured in traffic accident', 237),
(12493, 'V86.2', 'Person on outside of all-terrain or other off-road motor vehicle injured in traffic accident', 237),
(12494, 'V86.3', 'Unspecified occupant of all-terrain or other off-road motor vehicles injured in traffic accident', 237),
(12495, 'V86.4', 'Person injured while boarding or alighting from all-terrain or other off-road motor vehicle', 237),
(12496, 'V86.5', 'Driver of all-terrain or other off-road motor vehicle injured in nontraffic accident', 237),
(12497, 'V86.6', 'Passenger of all-terrain or other off-road motor vehicle injured in nontraffic accident', 237),
(12498, 'V86.7', 'Person on outside of all-terrain or other off-road motor vehicle injured in nontraffic accident', 237),
(12499, 'V86.9', 'Unspecified occupant of all-terrain or other off-road motor vehicle injured in nontraffic accident', 237),
(12500, 'V87', 'Traffic accident of specified type but victim\'s mode of transport unknown', 237),
(12501, 'V87.0', 'Person injured in collision between car and two- or three-wheeled motor vehicle (traffic)', 237),
(12502, 'V87.1', 'Person injured in collision between other motor vehicle and two- or three-wheeled motor vehicle (traffic)', 237),
(12503, 'V87.2', 'Person injured in collision between car and pickup truck or van (traffic)', 237),
(12504, 'V87.3', 'Person injured in collision between car and bus (traffic)', 237),
(12505, 'V87.4', 'Person injured in collision between car and heavy transport vehicle (traffic)', 237),
(12506, 'V87.5', 'Person injured in collision between heavy transport vehicle and bus (traffic)', 237),
(12507, 'V87.6', 'Person injured in collision between railway train or railway vehicle and car (traffic)', 237),
(12508, 'V87.7', 'Person injured in collision between other specified motor vehicles (traffic)', 237),
(12509, 'V87.8', 'Person injured in other specified noncollision transport accidents involving motor vehicle (traffic)', 237),
(12510, 'V87.9', 'Person injured in other specified (collision) (noncollision) transport accidents involving nonmotor vehicle (traffic)', 237),
(12511, 'V88', 'Nontraffic accident of specified type but victim\'s mode of transport unknown', 237),
(12512, 'V88.0', 'Person injured in collision between car and two- or three-wheeled motor vehicle, nontraffic', 237),
(12513, 'V88.1', 'Person injured in collision between other motor vehicle and two- or three-wheeled motor vehicle, nontraffic', 237),
(12514, 'V88.2', 'Person injured in collision between car and pickup truck or van, nontraffic', 237),
(12515, 'V88.3', 'Person injured in collision between car and bus, nontraffic', 237),
(12516, 'V88.4', 'Person injured in collision between car and heavy transport vehicle, nontraffic', 237),
(12517, 'V88.5', 'Person injured in collision between heavy transport vehicle and bus, nontraffic', 237),
(12518, 'V88.6', 'Person injured in collision between railway train or railway vehicle and car, nontraffic', 237),
(12519, 'V88.7', 'Person injured in collision between other specified motor vehicles, nontraffic', 237),
(12520, 'V88.8', 'Person injured in other specified noncollision transport accidents involving motor vehicle, nontraffic', 237),
(12521, 'V88.9', 'Person injured in other specified (collision) (noncollision) transport accidents involving nonmotor vehicle, nontraffic', 237),
(12522, 'V89', 'Motor- or nonmotor-vehicle accident, type of vehicle unspecified', 237),
(12523, 'V89.0', 'Person injured in unspecified motor-vehicle accident, nontraffic', 237),
(12524, 'V89.1', 'Person injured in unspecified nonmotor-vehicle accident, nontraffic', 237),
(12525, 'V89.2', 'Person injured in unspecified motor-vehicle accident, traffic', 237),
(12526, 'V89.3', 'Person injured in unspecified nonmotor-vehicle accident, traffic', 237),
(12527, 'V89.9', 'Person injured in unspecified vehicle accident', 237),
(12528, 'V90', 'Accident to watercraft causing drowning and submersion', 238),
(12529, 'V90.0', 'Merchant ship', 238),
(12530, 'V90.1', 'Passenger ship', 238),
(12531, 'V90.2', 'Fishing boat', 238),
(12532, 'V90.3', 'Other powered watercraft', 238),
(12533, 'V90.4', 'Sailboat', 238),
(12534, 'V90.5', 'Canoe or kayak', 238),
(12535, 'V90.6', 'Inflatable craft (nonpowered)', 238),
(12536, 'V90.7', 'Water-skis', 238),
(12537, 'V90.8', 'Other unpowered watercraft', 238),
(12538, 'V90.9', 'Unspecified watercraft', 238),
(12539, 'V91', 'Accident to watercraft causing other injury', 238),
(12540, 'V91.0', 'Merchant ship', 238),
(12541, 'V91.1', 'Passenger ship', 238),
(12542, 'V91.2', 'Fishing boat', 238),
(12543, 'V91.3', 'Other powered watercraft', 238),
(12544, 'V91.4', 'Sailboat', 238),
(12545, 'V91.5', 'Canoe or kayak', 238),
(12546, 'V91.6', 'Inflatable craft (nonpowered)', 238),
(12547, 'V91.7', 'Water-skis', 238),
(12548, 'V91.8', 'Other unpowered watercraft', 238),
(12549, 'V91.9', 'Unspecified watercraft', 238),
(12550, 'V92', 'Water-transport-related drowning and submersion without accident to watercraft', 238),
(12551, 'V92.0', 'Merchant ship', 238),
(12552, 'V92.1', 'Passenger ship', 238),
(12553, 'V92.2', 'Fishing boat', 238),
(12554, 'V92.3', 'Other powered watercraft', 238),
(12555, 'V92.4', 'Sailboat', 238),
(12556, 'V92.5', 'Canoe or kayak', 238),
(12557, 'V92.6', 'Inflatable craft (nonpowered)', 238),
(12558, 'V92.7', 'Water-skis', 238),
(12559, 'V92.8', 'Other unpowered watercraft', 238),
(12560, 'V92.9', 'Unspecified watercraft', 238),
(12561, 'V93', 'Accident onboard watercraft without accident to watercraft, not causing drowning and submersion', 238),
(12562, 'V93.0', 'Merchant ship', 238),
(12563, 'V93.1', 'Passenger ship', 238),
(12564, 'V93.2', 'Fishing boat', 238),
(12565, 'V93.3', 'Other powered watercraft', 238),
(12566, 'V93.4', 'Sailboat', 238),
(12567, 'V93.5', 'Canoe or kayak', 238),
(12568, 'V93.6', 'Inflatable craft (nonpowered)', 238),
(12569, 'V93.7', 'Water-skis', 238),
(12570, 'V93.8', 'Other unpowered watercraft', 238),
(12571, 'V93.9', 'Unspecified watercraft', 238),
(12572, 'V94', 'Other and unspecified water transport accidents', 238),
(12573, 'V94.0', 'Merchant ship', 238),
(12574, 'V94.1', 'Passenger ship', 238),
(12575, 'V94.2', 'Fishing boat', 238),
(12576, 'V94.3', 'Other powered watercraft', 238),
(12577, 'V94.4', 'Sailboat', 238),
(12578, 'V94.5', 'Canoe or kayak', 238),
(12579, 'V94.6', 'Inflatable craft (nonpowered)', 238),
(12580, 'V94.7', 'Water-skis', 238),
(12581, 'V94.8', 'Other unpowered watercraft', 238),
(12582, 'V94.9', 'Unspecified watercraft', 238),
(12583, 'V95', 'Accident to powered aircraft causing injury to occupant', 239),
(12584, 'V95.0', 'Helicopter accident injuring occupant', 239),
(12585, 'V95.1', 'Ultralight, microlight, or powered-glider accident injuring occupant', 239),
(12586, 'V95.2', 'Accident to other private fixed-wing aircraft, injuring occupant', 239),
(12587, 'V95.3', 'Accident to commercial fixed-wing aircraft, injuring occupant', 239),
(12588, 'V95.4', 'Spacecraft accident injuring occupant', 239),
(12589, 'V95.8', 'Other aircraft accidents injuring occupant', 239),
(12590, 'V95.9', 'Unspecified aircraft accident injuring occupant', 239),
(12591, 'V96', 'Accident to nonpowered aircraft causing injury to occupant', 239),
(12592, 'V96.0', 'Balloon accident injuring occupant', 239),
(12593, 'V96.1', 'Hang-glider accident injuring occupant', 239),
(12594, 'V96.2', 'Glider (nonpowered) accident injuring occupant', 239),
(12595, 'V96.8', 'Other nonpowered-aircraft accidents injuring occupant', 239),
(12596, 'V96.9', 'Unspecified nonpowered-aircraft accident injuring occupant', 239),
(12597, 'V97', 'Other specified air transport accidents', 239),
(12598, 'V97.0', 'Occupant of aircraft injured in other specified air transport accidents', 239),
(12599, 'V97.1', 'Person injured while boarding or alighting from aircraft', 239),
(12600, 'V97.2', 'Parachutist injured in air transport accident', 239),
(12601, 'V97.3', 'Person on ground injured in air transport accident', 239),
(12602, 'V97.8', 'Other air transport accidents, not elsewhere classified', 239),
(12603, 'V98', 'Other specified transport accidents', 240),
(12604, 'V99', 'Unspecified transport accident', 240),
(12605, 'W00', 'Fall on same level involving ice and snow', 242),
(12606, 'W01', 'Fall on same level from slipping, tripping, and stumbling', 242),
(12607, 'W02', 'Fall involving ice skates, skis, roller skates, or skateboards', 242),
(12608, 'W03', 'Other fall on same level due to collision with, or pushing by, another person', 242),
(12609, 'W04', 'Fall while being carried or supported by other persons', 242),
(12610, 'W05', 'Fall involving wheelchair', 242),
(12611, 'W06', 'Fall involving bed', 242),
(12612, 'W07', 'Fall involving chair', 242),
(12613, 'W08', 'Fall involving other furniture', 242),
(12614, 'W09', 'Fall involving playground equipment', 242),
(12615, 'W10', 'Fall on and from stairs and steps', 242),
(12616, 'W11', 'Fall on and from ladder', 242),
(12617, 'W12', 'Fall on and from scaffolding', 242),
(12618, 'W13', 'Fall from, out of, or through building or structure', 242),
(12619, 'W14', 'Fall from tree', 242),
(12620, 'W15', 'Fall from cliff', 242),
(12621, 'W16', 'Diving or jumping into water causing injury other than drowning or submersion', 242),
(12622, 'W17', 'Other fall from one level to another', 242),
(12623, 'W18', 'Other fall on same level', 242),
(12624, 'W19', 'Unspecified fall', 242),
(12625, 'W20', 'Struck by thrown, projected, or falling object', 243),
(12626, 'W21', 'Striking against or struck by sports equipment', 243),
(12627, 'W22', 'Striking against or struck by other objects', 243),
(12628, 'W23', 'Caught, crushed, jammed, or pinched in or between objects', 243),
(12629, 'W24', 'Contact with lifting and transmission devices, not elsewhere classified', 243),
(12630, 'W25', 'Contact with sharp glass', 243),
(12631, 'W26', 'Contact with knife, sword, or dagger', 243),
(12632, 'W27', 'Contact with nonpowered hand tool', 243),
(12633, 'W28', 'Contact with powered lawn mower', 243),
(12634, 'W29', 'Contact with other powered hand tools and household machinery', 243),
(12635, 'W30', 'Contact with agricultural machinery', 243),
(12636, 'W31', 'Contact with other and unspecified machinery', 243),
(12637, 'W32', 'Handgun discharge', 243),
(12638, 'W33', 'Rifle, shotgun, and larger firearm discharge', 243),
(12639, 'W34', 'Discharge from other and unspecified firearms', 243),
(12640, 'W35', 'Explosion and rupture of boiler', 243),
(12641, 'W36', 'Explosion and rupture of gas cylinder', 243),
(12642, 'W37', 'Explosion and rupture of pressurized tire, pipe, or hose', 243),
(12643, 'W38', 'Explosion and rupture of other specified pressurized devices', 243),
(12644, 'W39', 'Discharge of firework', 243),
(12645, 'W40', 'Explosion of other materials', 243),
(12646, 'W41', 'Exposure to high pressure jet', 243),
(12647, 'W42', 'Exposure to noise', 243),
(12648, 'W43', 'Exposure to vibration', 243),
(12649, 'W44', 'Foreign body entering into or through eye or natural orifice', 243),
(12650, 'W45', 'Foreign body or object entering through skin', 243),
(12651, 'W49', 'Exposure to other and unspecified inanimate mechanical forces', 243),
(12652, 'W50', 'Hit, struck, kicked, twisted, bitten, or scratched by another person', 244),
(12653, 'W51', 'Striking against or bumped into by another person', 244),
(12654, 'W52', 'Crushed, pushed, or stepped on by crowd or human stampede', 244),
(12655, 'W53', 'Bitten by rat', 244),
(12656, 'W54', 'Bitten or struck by dog', 244),
(12657, 'W55', 'Bitten or struck by other mammals', 244),
(12658, 'W56', 'Contact with marine animal', 244),
(12659, 'W57', 'Bitten or stung by nonvenomous insect and other nonvenomous arthropods', 244),
(12660, 'W58', 'Bitten or struck by crocodile or alligator', 244),
(12661, 'W59', 'Bitten or crushed by other reptiles', 244),
(12662, 'W60', 'Contact with plant thorns, spines, and sharp leaves', 244),
(12663, 'W64', 'Exposure to other and unspecified animate mechanical forces', 244),
(12664, 'W65', 'Drowning and submersion while in bathtub', 245),
(12665, 'W66', 'Drowning and submersion following fall into bathtub', 245),
(12666, 'W67', 'Drowning and submersion while in swimming pool', 245),
(12667, 'W68', 'Drowning and submersion following fall into swimming pool', 245),
(12668, 'W69', 'Drowning and submersion while in natural water', 245),
(12669, 'W70', 'Drowning and submersion following fall into natural water', 245),
(12670, 'W73', 'Other specified drowning and submersion', 245),
(12671, 'W74', 'Unspecified drowning and submersion', 245),
(12672, 'W75', 'Accidental suffocation and strangulation in bed', 246),
(12673, 'W76', 'Other accidental hanging and strangulation', 246),
(12674, 'W77', 'Threat to breathing due to cave-in, falling earth, and other substances', 246),
(12675, 'W78', 'Inhalation of gastric contents', 246),
(12676, 'W79', 'Inhalation and ingestion of food causing obstruction of respiratory tract', 246),
(12677, 'W80', 'Inhalation and ingestion of other objects causing obstruction of respiratory tract', 246),
(12678, 'W81', 'Confined to or trapped in a low-oxygen environment', 246),
(12679, 'W83', 'Other specified threats to breathing', 246),
(12680, 'W84', 'Unspecified threat to breathing', 246),
(12681, 'W85', 'Exposure to electric transmission lines', 247),
(12682, 'W86', 'Exposure to other specified electric current', 247),
(12683, 'W87', 'Exposure to unspecified electric current', 247),
(12684, 'W88', 'Exposure to ionizing radiation', 247),
(12685, 'W89', 'Exposure to man-made visible and ultraviolet light', 247),
(12686, 'W90', 'Exposure to other nonionizing radiation', 247),
(12687, 'W91', 'Exposure to unspecified type of radiation', 247),
(12688, 'W92', 'Exposure to excessive heat of man-made origin', 247),
(12689, 'W93', 'Exposure to excessive cold of man-made origin', 247),
(12690, 'W94', 'Exposure to high and low air pressure and changes in air pressure', 247),
(12691, 'W99', 'Exposure to other and unspecified man-made environmental factors', 247),
(12692, 'X00', 'Exposure to uncontrolled fire in building or structure', 248),
(12693, 'X01', 'Exposure to uncontrolled fire, not in building or structure', 248),
(12694, 'X02', 'Exposure to controlled fire in building or structure', 248),
(12695, 'X03', 'Exposure to controlled fire, not in building or structure', 248),
(12696, 'X04', 'Exposure to ignition of highly flammable material', 248),
(12697, 'X05', 'Exposure to ignition or melting of nightwear', 248),
(12698, 'X06', 'Exposure to ignition or melting of other clothing and apparel', 248),
(12699, 'X08', 'Exposure to other specified smoke, fire, and flames', 248),
(12700, 'X09', 'Exposure to unspecified smoke, fire, and flames', 248),
(12701, 'X10', 'Contact with hot drinks, food, fats, and cooking oils', 249),
(12702, 'X11', 'Contact with hot tap water', 249),
(12703, 'X12', 'Contact with other hot fluids', 249),
(12704, 'X13', 'Contact with steam and hot vapors', 249),
(12705, 'X14', 'Contact with hot air and gases', 249),
(12706, 'X15', 'Contact with hot household appliances', 249),
(12707, 'X16', 'Contact with hot heating appliances, radiators, and pipes', 249),
(12708, 'X17', 'Contact with hot engines, machinery, and tools', 249),
(12709, 'X18', 'Contact with other hot metals', 249),
(12710, 'X19', 'Contact with other and unspecified heat and hot substances', 249),
(12711, 'X20', 'Contact with venomous snakes and lizards', 250),
(12712, 'X21', 'Contact with venomous spiders', 250),
(12713, 'X22', 'Contact with scorpions', 250),
(12714, 'X23', 'Contact with hornets, wasps, and bees', 250),
(12715, 'X24', 'Contact with centipedes and venomous millipedes (tropical)', 250),
(12716, 'X25', 'Contact with other specified venomous arthropods', 250),
(12717, 'X26', 'Contact with venomous marine animals and plants', 250),
(12718, 'X27', 'Contact with other specified venomous animals', 250),
(12719, 'X28', 'Contact with other specified venomous plants', 250),
(12720, 'X29', 'Contact with unspecified venomous animal or plant', 250),
(12721, 'X30', 'Exposure to excessive natural heat', 251),
(12722, 'X31', 'Exposure to excessive natural cold', 251),
(12723, 'X32', 'Exposure to sunlight', 251),
(12724, 'X33', 'Victim of lightning', 251),
(12725, 'X34', 'Victim of earthquake', 251),
(12726, 'X35', 'Victim of volcanic eruption', 251),
(12727, 'X36', 'Victim of avalanche, landslide, and other earth movements', 251),
(12728, 'X37', 'Victim of cataclysmic storm', 251),
(12729, 'X38', 'Victim of flood', 251),
(12730, 'X39', 'Exposure to other and unspecified forces of nature', 251),
(12731, 'X40', 'Accidental poisoning by and exposure to nonopioid analgesics, antipyretics, and antirheumatics', 252),
(12732, 'X41', 'Accidental poisoning by and exposure to antiepileptic, sedative-hypnotic, antiparkinsonism, and psychotropic drugs, not elsewhere classified', 252),
(12733, 'X42', 'Accidental poisoning by and exposure to narcotics and psychodysleptics [hallucinogens], not elsewhere classified', 252),
(12734, 'X43', 'Accidental poisoning by and exposure to other drugs acting on the autonomic nervous system', 252),
(12735, 'X44', 'Accidental poisoning by and exposure to other and unspecified drugs, medicaments, and biological substances', 252),
(12736, 'X45', 'Accidental poisoning by and exposure to alcohol', 252),
(12737, 'X46', 'Accidental poisoning by and exposure to organic solvents and halogenated hydrocarbons and their vapors', 252),
(12738, 'X47', 'Accidental poisoning by and exposure to other gases and vapors', 252),
(12739, 'X48', 'Accidental poisoning by and exposure to pesticides', 252),
(12740, 'X49', 'Accidental poisoning by and exposure to other and unspecified chemicals and noxious substances', 252),
(12741, 'X50', 'Overexertion and strenuous or repetitive movements', 253),
(12742, 'X51', 'Travel and motion', 253),
(12743, 'X52', 'Prolonged stay in weightless environment', 253),
(12744, 'X53', 'Lack of food', 253),
(12745, 'X54', 'Lack of water', 253),
(12746, 'X57', 'Unspecified privation', 253),
(12747, 'X58', 'Exposure to other specified factors', 254),
(12748, 'X59', 'Exposure to unspecified factor', 254),
(12749, 'X60', 'Intentional self-poisoning (suicide) by and exposure to nonopioid analgesics, antipyretics, and antirheumatics', 255),
(12750, 'X61', 'Intentional self-poisoning (suicide) by and exposure to antiepileptic, sedative-hypnotic, antiparkinsonism, and psychotropic drugs, not elsewhere classified', 255),
(12751, 'X62', 'Intentional self-poisoning (suicide) by and exposure to narcotics and psychodysleptics [hallucinogens], not elsewhere classified', 255),
(12752, 'X63', 'Intentional self-poisoning (suicide) by and exposure to other drugs acting on the autonomic nervous system', 255),
(12753, 'X64', 'Intentional self-poisoning (suicide) by and exposure to other and unspecified drugs, medicaments, and biological substances', 255),
(12754, 'X65', 'Intentional self-poisoning (suicide) by and exposure to alcohol', 255),
(12755, 'X66', 'Intentional self-poisoning (suicide) by and exposure to organic solvents and halogenated hydrocarbons and their vapors', 255),
(12756, 'X67', 'Intentional self-poisoning (suicide) by and exposure to other gases and vapors', 255),
(12757, 'X68', 'Intentional self-poisoning (suicide) by and exposure to pesticides', 255),
(12758, 'X69', 'Intentional self-poisoning (suicide) by and exposure to other and unspecified chemicals and noxious substances', 255),
(12759, 'X70', 'Intentional self harm (suicide) by hanging, strangulation, and suffocation', 255),
(12760, 'X71', 'Intentional self harm (suicide) by drowning and submersion', 255),
(12761, 'X72', 'Intentional self harm (suicide) by handgun discharge', 255),
(12762, 'X73', 'Intentional self harm (suicide) by rifle, shotgun, and larger firearm discharge', 255),
(12763, 'X74', 'Intentional self harm (suicide) by other and unspecified firearm discharge', 255),
(12764, 'X75', 'Intentional self harm (suicide) by explosive material', 255),
(12765, 'X76', 'Intentional self harm (suicide) by smoke, fire, and flames', 255),
(12766, 'X77', 'Intentional self harm (suicide) by steam, hot vapors, and hot objects', 255),
(12767, 'X78', 'Intentional self harm (suicide) by sharp object', 255),
(12768, 'X79', 'Intentional self harm (suicide) by blunt object', 255),
(12769, 'X80', 'Intentional self harm (suicide) by jumping from a high place', 255),
(12770, 'X81', 'Intentional self harm (suicide) by jumping or lying before moving object', 255),
(12771, 'X82', 'Intentional self harm (suicide) by crashing of motor vehicle', 255),
(12772, 'X83', 'Intentional self harm (suicide) by other specified means', 255),
(12773, 'X84', 'Intentional self harm (suicide) by unspecified means', 255),
(12774, 'X85', 'Assault (homicide) by drugs, medicaments, and biological substances', 0),
(12775, 'X86', 'Assault (homicide) by corrosive substance', 0),
(12776, 'X87', 'Assault (homicide) by pesticides', 0),
(12777, 'X88', 'Assault (homicide) by gases and vapors', 0),
(12778, 'X89', 'Assault (homicide) by other specified chemicals and noxious substances', 0),
(12779, 'X90', 'Assault (homicide) by unspecified chemical or noxious substance', 0),
(12780, 'X91', 'Assault (homicide) by hanging, strangulation, and suffocation', 0),
(12781, 'X92', 'Assault (homicide) by drowning and submersion', 0),
(12782, 'X93', 'Assault (homicide) by handgun discharge', 0),
(12783, 'X94', 'Assault (homicide) by rifle, shotgun, and larger firearm discharge', 0),
(12784, 'X95', 'Assault (homicide) by other and unspecified firearm discharge', 0),
(12785, 'X96', 'Assault (homicide) by explosive material', 0),
(12786, 'X97', 'Assault (homicide) by smoke, fire, and flames', 0),
(12787, 'X98', 'Assault (homicide) by steam, hot vapors, and hot objects', 0),
(12788, 'X99', 'Assault (homicide) by sharp object', 0),
(12789, 'Y00', 'Assault (homicide) by blunt object', 0),
(12790, 'Y01', 'Assault (homicide) by pushing from high place', 0),
(12791, 'Y02', 'Assault (homicide) by pushing or placing victim before moving object', 0),
(12792, 'Y03', 'Assault (homicide) by crashing of motor vehicle', 0),
(12793, 'Y04', 'Assault (homicide) by bodily force', 0),
(12794, 'Y05', 'Sexual assault (homicide) by bodily force', 0),
(12795, 'Y06', 'Neglect and abandonment', 0),
(12796, 'Y06.0', 'By spouse or partner', 0),
(12797, 'Y06.1', 'By parent', 0),
(12798, 'Y06.2', 'By acquaintance or friend', 0),
(12799, 'Y06.8', 'By other specified persons', 0),
(12800, 'Y06.9', 'By unspecified person', 0),
(12801, 'Y07', 'Other maltreatment syndromes', 0),
(12802, 'Y07.0', 'By spouse or partner', 0),
(12803, 'Y07.1', 'By parent', 0),
(12804, 'Y07.2', 'By acquaintance or friend', 0),
(12805, 'Y07.3', 'By official authorities', 0),
(12806, 'Y07.8', 'By other specified persons', 0),
(12807, 'Y07.9', 'By unspecified person', 0),
(12808, 'Y08', 'Assault (homicide) by other specified means', 0),
(12809, 'Y09', 'Assault (homicide) by unspecified means', 0),
(12810, 'Y10', 'Poisoning by and exposure to nonopioid analgesics, antipyretics, and antirheumatics, undetermined intent', 257),
(12811, 'Y11', 'Poisoning by and exposure to antiepileptic, sedative-hypnotic, antiparkinsonism, and psychotropic drugs, not elsewhere classified, undetermined intent', 257),
(12812, 'Y12', 'Poisoning by and exposure to narcotics and psychodysleptics [hallucinogens], not elsewhere classified, undetermined intent', 257),
(12813, 'Y13', 'Poisoning by and exposure to other drugs acting on the autonomic nervous system, undetermined intent', 257),
(12814, 'Y14', 'Poisoning by and exposure to other and unspecified drugs, medicaments, and biological substances, undetermined intent', 257),
(12815, 'Y15', 'Poisoning by and exposure to alcohol, undetermined intent', 257),
(12816, 'Y16', 'Poisoning by and exposure to organic solvents and halogenated hydrocarbons and their vapors, undetermined intent', 257),
(12817, 'Y17', 'Poisoning by and exposure to other gases and vapors, undetermined intent', 257),
(12818, 'Y18', 'Poisoning by and exposure to pesticides, undetermined intent', 257),
(12819, 'Y19', 'Poisoning by and exposure to other and unspecified chemicals and noxious substances, undetermined intent', 257),
(12820, 'Y20', 'Hanging, strangulation, and suffocation, undetermined intent', 257),
(12821, 'Y21', 'Drowning and submersion, undetermined intent', 257),
(12822, 'Y22', 'Handgun discharge, undetermined intent', 257),
(12823, 'Y23', 'Rifle, shotgun, and larger firearm discharge, undetermined intent', 257),
(12824, 'Y24', 'Other and unspecified firearm discharge, undetermined intent', 257),
(12825, 'Y25', 'Contact with explosive material, undetermined intent', 257),
(12826, 'Y26', 'Exposure to smoke, fire, and flames, undetermined intent', 257),
(12827, 'Y27', 'Contact with steam, hot vapors, and hot objects, undetermined intent', 257),
(12828, 'Y28', 'Contact with sharp object, undetermined intent', 257),
(12829, 'Y29', 'Contact with blunt object, undetermined intent', 257),
(12830, 'Y30', 'Falling, jumping, or pushed from a high place, undetermined intent', 257),
(12831, 'Y31', 'Falling, lying, or running before or into moving object, undetermined intent', 257),
(12832, 'Y32', 'Crashing of motor vehicle, undetermined intent', 257),
(12833, 'Y33', 'Other specified events, undetermined intent', 257),
(12834, 'Y34', 'Unspecified event, undetermined intent', 257),
(12835, 'Y35', 'Legal intervention', 258),
(12836, 'Y35.0', 'Legal intervention involving firearm discharge', 258),
(12837, 'Y35.1', 'Legal intervention involving explosives', 258),
(12838, 'Y35.2', 'Legal intervention involving gas', 258),
(12839, 'Y35.3', 'Legal intervention involving blunt objects', 258),
(12840, 'Y35.4', 'Legal intervention involving sharp objects', 258),
(12841, 'Y35.5', 'Legal execution', 258),
(12842, 'Y35.6', 'Legal intervention involving other specified means', 258),
(12843, 'Y35.7', 'Legal intervention, means unspecified', 258),
(12844, 'Y36', 'Operations of war', 258),
(12845, 'Y36.0', 'War operations involving explosion of marine weapons', 258),
(12846, 'Y36.1', 'War operations involving destruction of aircraft', 258),
(12847, 'Y36.2', 'War operations involving other explosions and fragments', 258),
(12848, 'Y36.3', 'War operations involving fires, conflagrations, and hot substances', 258),
(12849, 'Y36.4', 'War operations involving firearm discharge and other forms of conventional warfare', 258),
(12850, 'Y36.5', 'War operations involving nuclear weapons', 258),
(12851, 'Y36.6', 'War operations involving biological weapons', 258),
(12852, 'Y36.7', 'War operations involving chemical weapons and other forms of unconventional warfare', 258),
(12853, 'Y36.8', 'War operations occurring after cessation of hostilities', 258),
(12854, 'Y36.9', 'War operations, unspecified', 258),
(12855, 'Y40', 'Systemic antibiotics', 260),
(12856, 'Y40.0', 'Penicillins', 260),
(12857, 'Y40.1', 'Cefalosporins and other  -lactam antibiotics', 260),
(12858, 'Y40.2', 'Chloramphenicol group', 260),
(12859, 'Y40.3', 'Macrolides', 260),
(12860, 'Y40.4', 'Tetracyclines', 260),
(12861, 'Y40.5', 'Aminoglycosides', 260),
(12862, 'Y40.6', 'Rifamycins', 260),
(12863, 'Y40.7', 'Antifungal antibiotics, systemically used', 260),
(12864, 'Y40.8', 'Other systemic antibiotics', 260),
(12865, 'Y40.9', 'Systemic antibiotic, unspecified', 260),
(12866, 'Y41', 'Other systemic anti-infectives and antiparasitics', 260),
(12867, 'Y41.0', 'Sulfonamides', 260),
(12868, 'Y41.1', 'Antimycobacterial drugs', 260),
(12869, 'Y41.2', 'Antimalarials and drugs acting on other blood protozoa', 260),
(12870, 'Y41.3', 'Other antiprotozoal drugs', 260),
(12871, 'Y41.4', 'Anthelminthics', 260),
(12872, 'Y41.5', 'Antiviral drugs', 260),
(12873, 'Y41.8', 'Other specified systemic anti-infectives and antiparasitics', 260),
(12874, 'Y41.9', 'Systemic anti-infective and antiparasitic, unspecified', 260),
(12875, 'Y42', 'Hormones and their synthetic substitutes and antagonists, not elsewhere classified', 260),
(12876, 'Y42.0', 'Glucocorticoids and synthetic analogs', 260),
(12877, 'Y42.1', 'Thyroid hormones and substitutes', 260),
(12878, 'Y42.2', 'Antithyroid drugs', 260),
(12879, 'Y42.3', 'Insulin and oral hypoglycemic [antidiabetic] drugs', 260),
(12880, 'Y42.4', 'Oral contraceptives', 260),
(12881, 'Y42.5', 'Other estrogens and progestogens', 260),
(12882, 'Y42.6', 'Antigonadotrophins, antiestrogens, antiandrogens, not elsewhere classified', 260),
(12883, 'Y42.7', 'Androgens and anabolic congeners', 260),
(12884, 'Y42.8', 'Other and unspecified hormones and their synthetic substitutes', 260),
(12885, 'Y42.9', 'Other and unspecified hormone antagonists', 260),
(12886, 'Y43', 'Primarily systemic agents', 260),
(12887, 'Y43.0', 'Antiallergic and antiemetic drugs', 260),
(12888, 'Y43.1', 'Antineoplastic antimetabolites', 260),
(12889, 'Y43.2', 'Antineoplastic natural products', 260),
(12890, 'Y43.3', 'Other antineoplastic drugs', 260),
(12891, 'Y43.4', 'Immunosuppressive agents', 260),
(12892, 'Y43.5', 'Acidifying and alkalizing agents', 260),
(12893, 'Y43.6', 'Enzymes, not elsewhere classified', 260),
(12894, 'Y43.8', 'Other primarily systemic agents, not elsewhere classified', 260),
(12895, 'Y43.9', 'Primarily systemic agent, unspecified', 260),
(12896, 'Y44', 'Agents primarily affecting blood constituents', 260),
(12897, 'Y44.0', 'Iron preparations and other anti-hypochromic-anemia preparations', 260),
(12898, 'Y44.1', 'Vitamin B12, folic acid, and other anti-megaloblastic-anemia preparations', 260),
(12899, 'Y44.2', 'Anticoagulants', 260),
(12900, 'Y44.3', 'Anticoagulant antagonists, vitamin K, and other coagulants', 260),
(12901, 'Y44.4', 'Antithrombotic drugs [platelet-aggregation inhibitors]', 260),
(12902, 'Y44.5', 'Thrombolytic drugs', 260),
(12903, 'Y44.6', 'Natural blood and blood products', 260),
(12904, 'Y44.7', 'Plasma substitutes', 260),
(12905, 'Y44.9', 'Other and unspecified agents affecting blood constituents', 260),
(12906, 'Y45', 'Analgesics, antipyretics, and anti-inflammatory drugs', 260),
(12907, 'Y45.0', 'Opioids and related analgesics', 260),
(12908, 'Y45.1', 'Salicylates', 260),
(12909, 'Y45.2', 'Propionic acid derivatives', 260),
(12910, 'Y45.3', 'Other nonsteroidal anti-inflammatory drugs [NSAID]', 260),
(12911, 'Y45.4', 'Antirheumatics', 260),
(12912, 'Y45.5', '4-Aminophenol derivatives', 260),
(12913, 'Y45.8', 'Other analgesics, antipyretics, and anti-inflammatory drugs', 260),
(12914, 'Y45.9', 'Analgesic, antipyretic, and anti-inflammatory drug, unspecified', 260),
(12915, 'Y46', 'Antiepileptics and antiparkinsonism drugs', 260),
(12916, 'Y46.0', 'Succinimides', 260),
(12917, 'Y46.1', 'Oxazolidinediones', 260),
(12918, 'Y46.2', 'Hydantoin derivatives', 260),
(12919, 'Y46.3', 'Deoxybarbiturates', 260),
(12920, 'Y46.4', 'Iminostilbenes', 260),
(12921, 'Y46.5', 'Valproic acid', 260),
(12922, 'Y46.6', 'Other and unspecified antiepileptics', 260),
(12923, 'Y46.7', 'Antiparkinsonism drugs', 260),
(12924, 'Y46.8', 'Antispasticity drugs', 260),
(12925, 'Y47', 'Sedatives, hypnotics, and antianxiety drugs', 260),
(12926, 'Y47.0', 'Barbiturates, not elsewhere classified', 260),
(12927, 'Y47.1', 'Benzodiazepines', 260),
(12928, 'Y47.2', 'Chloral derivatives', 260),
(12929, 'Y47.3', 'Paraldehyde', 260),
(12930, 'Y47.4', 'Bromine compounds', 260),
(12931, 'Y47.5', 'Mixed sedatives and hypnotics, not elsewhere classified', 260),
(12932, 'Y47.8', 'Other sedatives, hypnotics, and antianxiety drugs', 260),
(12933, 'Y47.9', 'Sedative, hypnotic, and antianxiety drug, unspecified', 260),
(12934, 'Y48', 'Anesthetics and therapeutic gases', 260),
(12935, 'Y48.0', 'Inhaled anesthetics', 260),
(12936, 'Y48.1', 'Parenteral anesthetics', 260),
(12937, 'Y48.2', 'Other and unspecified general anesthetics', 260),
(12938, 'Y48.3', 'Local anesthetics', 260),
(12939, 'Y48.4', 'Anesthetic, unspecified', 260),
(12940, 'Y48.5', 'Therapeutic gases', 260),
(12941, 'Y49', 'Psychotropic drugs, not elsewhere classified', 260),
(12942, 'Y49.0', 'Tricyclic and tetracyclic antidepressants', 260),
(12943, 'Y49.1', 'Monoamine-oxidase-inhibitor antidepressants', 260),
(12944, 'Y49.2', 'Other and unspecified antidepressants', 260),
(12945, 'Y49.3', 'Phenothiazine antipsychotics and neuroleptics', 260),
(12946, 'Y49.4', 'Butyrophenone and thioxanthene neuroleptics', 260),
(12947, 'Y49.5', 'Other antipsychotics and neuroleptics', 260),
(12948, 'Y49.6', 'Psychodysleptics [hallucinogens]', 260),
(12949, 'Y49.7', 'Psychostimulants with abuse potential', 260),
(12950, 'Y49.8', 'Other psychotropic drugs, not elsewhere classified', 260),
(12951, 'Y49.9', 'Psychotropic drug, unspecified', 260),
(12952, 'Y50', 'Central nervous system stimulants, not elsewhere classified', 260),
(12953, 'Y50.0', 'Analeptics', 260),
(12954, 'Y50.1', 'Opioid receptor antagonists', 260),
(12955, 'Y50.2', 'Methylxanthines, not elsewhere classified', 260),
(12956, 'Y50.8', 'Other central nervous system stimulants', 260),
(12957, 'Y50.9', 'Central nervous system stimulant, unspecified', 260),
(12958, 'Y51', 'Drugs primarily affecting the autonomic nervous system', 260),
(12959, 'Y51.0', 'Anticholinesterase agents', 260),
(12960, 'Y51.1', 'Other parasympathomimetics [cholinergics]', 260),
(12961, 'Y51.2', 'Ganglionic blocking drugs, not elsewhere classified', 260),
(12962, 'Y51.3', 'Other parasympatholytics [anticholinergics and antimuscarinics] and spasmolytics, not elsewhere classified', 260),
(12963, 'Y51.4', 'Predominantly -adrenoreceptor agonists, not elsewhere classified', 260),
(12964, 'Y51.5', 'Predominantly  -adrenoreceptor agonists, not elsewhere classified', 260),
(12965, 'Y51.6', '-Adrenoreceptor antagonists, not elsewhere classified', 260),
(12966, 'Y51.7', 'b-Adrenoreceptor antagonists, not elsewhere classified', 260),
(12967, 'Y51.8', 'Centrally acting and adrenergic-neuron-blocking agents, not elsewhere classified', 260),
(12968, 'Y51.9', 'Other and unspecified drugs primarily affecting the autonomic nervous system', 260),
(12969, 'Y52', 'Agents primarily affecting the cardiovascular system', 260),
(12970, 'Y52.0', 'Cardiac-stimulant glycosides and drugs of similar action', 260),
(12971, 'Y52.1', 'Calcium-channel blockers', 260),
(12972, 'Y52.2', 'Other antidysrhythmic drugs, not elsewhere classified', 260),
(12973, 'Y52.3', 'Coronary vasodilators, not elsewhere classified', 260),
(12974, 'Y52.4', 'Angiotensin-converting-enzyme inhibitors', 260),
(12975, 'Y52.5', 'Other antihypertensive drugs, not elsewhere classified', 260),
(12976, 'Y52.6', 'Antihyperlipidemic and antiarteriosclerotic drugs', 260),
(12977, 'Y52.7', 'Peripheral vasodilators', 260),
(12978, 'Y52.8', 'Antivaricose drugs, including sclerosing agents', 260),
(12979, 'Y52.9', 'Other and unspecified agents primarily affecting the cardiovascular system', 260),
(12980, 'Y53', 'Agents primarily affecting the gastrointestinal system', 260),
(12981, 'Y53.0', 'Histamine H2-receptor antagonists', 260),
(12982, 'Y53.1', 'Other antacids and anti-gastric-secretion drugs', 260),
(12983, 'Y53.2', 'Stimulant laxatives', 260),
(12984, 'Y53.3', 'Saline and osmotic laxatives', 260),
(12985, 'Y53.4', 'Other laxatives', 260),
(12986, 'Y53.5', 'Digestants', 260),
(12987, 'Y53.6', 'Antidiarrheal drugs', 260),
(12988, 'Y53.7', 'Emetics', 260),
(12989, 'Y53.8', 'Other agents primarily affecting the gastrointestinal system', 260),
(12990, 'Y53.9', 'Agent primarily affecting the gastrointestinal system, unspecified', 260),
(12991, 'Y54', 'Agents primarily affecting water balance and mineral and uric acid metabolism', 260),
(12992, 'Y54.0', 'Mineralocorticoids', 260),
(12993, 'Y54.1', 'Mineralocorticoid antagonists [aldosterone antagonists]', 260),
(12994, 'Y54.2', 'Carbonic-anhydrase inhibitors', 260),
(12995, 'Y54.3', 'Benzothiadiazine derivatives', 260),
(12996, 'Y54.4', 'Loop [high-ceiling] diuretics', 260),
(12997, 'Y54.5', 'Other diuretics', 260),
(12998, 'Y54.6', 'Electrolytic, caloric, and water balance agents', 260),
(12999, 'Y54.7', 'Agents affecting calcification', 260),
(13000, 'Y54.8', 'Agents affecting uric acid metabolism', 260),
(13001, 'Y54.9', 'Mineral salts, not elsewhere classified', 260),
(13002, 'Y55', 'Agents primarily acting on smooth and skeletal muscles and the respiratory system', 260),
(13003, 'Y55.0', 'Oxytocic drugs', 260),
(13004, 'Y55.1', 'Skeletal muscle relaxants [neuromuscular blocking agents]', 260),
(13005, 'Y55.2', 'Other and unspecified agents primarily acting on muscles', 260),
(13006, 'Y55.3', 'Antitussives', 260),
(13007, 'Y55.4', 'Expectorants', 260),
(13008, 'Y55.5', 'Anticommon cold drugs', 260),
(13009, 'Y55.6', 'Antiasthmatics, not elsewhere classified', 260),
(13010, 'Y55.7', 'Other and unspecified agents primarily acting on the respiratory system', 260),
(13011, 'Y56', 'Topical agents primarily affecting skin and mucous membrane and ophthalmological, otorhinolaryngological, and dental drugs', 260),
(13012, 'Y56.0', 'Local antifungal, anti-infective, and anti-inflammatory drugs, not elsewhere classified', 260),
(13013, 'Y56.1', 'Antipruritics', 260),
(13014, 'Y56.2', 'Local astringents and local detergents', 260),
(13015, 'Y56.3', 'Emollients, demulcents, and protectants', 260),
(13016, 'Y56.4', 'Keratolytics, keratoplastics, and other hair treatment drugs and preparations', 260),
(13017, 'Y56.5', 'Ophthalmological drugs and preparations', 260),
(13018, 'Y56.6', 'Otorhinolaryngological drugs and preparations', 260),
(13019, 'Y56.7', 'Dental drugs, topically applied', 260),
(13020, 'Y56.8', 'Other topical agents', 260),
(13021, 'Y56.9', 'Topical agent, unspecified', 260),
(13022, 'Y57', 'Other and unspecified drugs and medicaments', 260),
(13023, 'Y57.0', 'Appetite depressants [anorectics]', 260),
(13024, 'Y57.1', 'Lipotropic drugs', 260),
(13025, 'Y57.2', 'Antidotes and chelating agents, not elsewhere classified', 260),
(13026, 'Y57.3', 'Alcohol deterrents', 260),
(13027, 'Y57.4', 'Pharmaceutical excipients', 260),
(13028, 'Y57.5', 'X-ray contrast media', 260),
(13029, 'Y57.6', 'Other diagnostic agents', 260),
(13030, 'Y57.7', 'Vitamins, not elsewhere classified', 260),
(13031, 'Y57.8', 'Other drugs and medicaments', 260),
(13032, 'Y57.9', 'Drug or medicament, unspecified', 260),
(13033, 'Y58', 'Bacterial vaccines', 260),
(13034, 'Y58.0', 'BCG vaccine', 260),
(13035, 'Y58.1', 'Typhoid and paratyphoid vaccine', 260),
(13036, 'Y58.2', 'Cholera vaccine', 260),
(13037, 'Y58.3', 'Plague vaccine', 260),
(13038, 'Y58.4', 'Tetanus vaccine', 260),
(13039, 'Y58.5', 'Diphtheria vaccine', 260),
(13040, 'Y58.6', 'Pertussis vaccine, including combinations with a pertussis component', 260),
(13041, 'Y58.8', 'Mixed bacterial vaccines, except combinations with a pertussis component', 260),
(13042, 'Y58.9', 'Other and unspecified bacterial vaccines', 260),
(13043, 'Y59', 'Other and unspecified vaccines and biological substances', 260),
(13044, 'Y59.0', 'Viral vaccines', 260),
(13045, 'Y59.1', 'Rickettsial vaccines', 260),
(13046, 'Y59.2', 'Protozoal vaccines', 260),
(13047, 'Y59.3', 'Immunoglobulin', 260),
(13048, 'Y59.8', 'Other specified vaccines and biological substances', 260),
(13049, 'Y59.9', 'Vaccine or biological substance, unspecified', 260),
(13050, 'Y60', 'Unintentional cut, puncture, perforation, or hemorrhage during surgical and medical care', 261),
(13051, 'Y60.0', 'During surgical operation', 261),
(13052, 'Y60.1', 'During infusion or transfusion', 261),
(13053, 'Y60.2', 'During kidney dialysis or other perfusion', 261),
(13054, 'Y60.3', 'During injection or immunization', 261),
(13055, 'Y60.4', 'During endoscopic examination', 261),
(13056, 'Y60.5', 'During heart catheterization', 261),
(13057, 'Y60.6', 'During aspiration, puncture, and other catheterization', 261),
(13058, 'Y60.7', 'During administration of enema', 261),
(13059, 'Y60.8', 'During other surgical and medical care', 261),
(13060, 'Y60.9', 'During unspecified surgical and medical care', 261),
(13061, 'Y61', 'Foreign object accidentally left in body during surgical and medical care', 261),
(13062, 'Y61.0', 'During surgical operation', 261),
(13063, 'Y61.1', 'During infusion or transfusion', 261),
(13064, 'Y61.2', 'During kidney dialysis or other perfusion', 261),
(13065, 'Y61.3', 'During injection or immunization', 261),
(13066, 'Y61.4', 'During endoscopic examination', 261),
(13067, 'Y61.5', 'During heart catheterization', 261),
(13068, 'Y61.6', 'During aspiration, puncture, and other catheterization', 261),
(13069, 'Y61.7', 'During removal of catheter or packing', 261),
(13070, 'Y61.8', 'During other surgical and medical care', 261),
(13071, 'Y61.9', 'During unspecified surgical and medical care', 261),
(13072, 'Y62', 'Failure of sterile precautions during surgical and medical care', 261),
(13073, 'Y62.0', 'During surgical operation', 261),
(13074, 'Y62.1', 'During infusion or transfusion', 261),
(13075, 'Y62.2', 'During kidney dialysis or other perfusion', 261),
(13076, 'Y62.3', 'During injection or immunization', 261),
(13077, 'Y62.4', 'During endoscopic examination', 261),
(13078, 'Y62.5', 'During heart catheterization', 261),
(13079, 'Y62.6', 'During aspiration, puncture, and other catheterization', 261),
(13080, 'Y62.8', 'During other surgical and medical care', 261),
(13081, 'Y62.9', 'During unspecified surgical and medical care', 261),
(13082, 'Y63', 'Failure in dosage during surgical and medical care', 261),
(13083, 'Y63.0', 'Excessive amount of blood or other fluid given during transfusion or infusion', 261),
(13084, 'Y63.1', 'Incorrect dilution of fluid used during infusion', 261),
(13085, 'Y63.2', 'Overdose of radiation given during therapy', 261),
(13086, 'Y63.3', 'Inadvertent exposure of patient to radiation during medical care', 261),
(13087, 'Y63.4', 'Failure in dosage in electroshock or insulin-shock therapy', 261),
(13088, 'Y63.5', 'Inappropriate temperature in local application and packing', 261),
(13089, 'Y63.6', 'Nonadministration of necessary drug, medicament, or biological substance', 261),
(13090, 'Y63.8', 'Failure in dosage during other surgical and medical care', 261),
(13091, 'Y63.9', 'Failure in dosage during unspecified surgical and medical care', 261),
(13092, 'Y64', 'Contaminated medical or biological substances', 261),
(13093, 'Y64.0', 'Contaminated medical or biological substance, transfused or infused', 261),
(13094, 'Y64.1', 'Contaminated medical or biological substance, injected or used for immunization', 261),
(13095, 'Y64.8', 'Contaminated medical or biological substance administered by other means', 261),
(13096, 'Y64.9', 'Contaminated medical or biological substance administered by unspecified means', 261),
(13097, 'Y65', 'Other misadventures during surgical and medical care', 261),
(13098, 'Y65.0', 'Mismatched blood used in transfusion', 261),
(13099, 'Y65.1', 'Wrong fluid used in infusion', 261),
(13100, 'Y65.2', 'Failure in suture or ligature during surgical operation', 261),
(13101, 'Y65.3', 'Endotracheal tube wrongly placed during anesthetic procedure', 261),
(13102, 'Y65.4', 'Failure to introduce or to remove other tube or instrument', 261),
(13103, 'Y65.5', 'Performance of inappropriate operation', 261),
(13104, 'Y65.8', 'Other specified misadventures during surgical and medical care', 261),
(13105, 'Y66', 'Nonadministration of surgical and medical care', 261),
(13106, 'Y69', 'Unspecified misadventure during surgical and medical care', 261),
(13107, 'Y70', 'Anesthesiology devices associated with adverse incidents', 262),
(13108, 'Y70.0', 'Diagnostic and monitoring devices', 262),
(13109, 'Y70.1', 'Therapeutic (nonsurgical) and rehabilitative devices', 262),
(13110, 'Y70.2', 'Prosthetic and other implants, materials, and accessory devices', 262),
(13111, 'Y70.3', 'Surgical instruments, materials, and devices (including sutures)', 262),
(13112, 'Y70.8', 'Miscellaneous devices, not elsewhere classified', 262),
(13113, 'Y71', 'Cardiovascular devices associated with adverse incidents', 262),
(13114, 'Y71.0', 'Diagnostic and monitoring devices', 262),
(13115, 'Y71.1', 'Therapeutic (nonsurgical) and rehabilitative devices', 262),
(13116, 'Y71.2', 'Prosthetic and other implants, materials, and accessory devices', 262),
(13117, 'Y71.3', 'Surgical instruments, materials, and devices (including sutures)', 262),
(13118, 'Y71.8', 'Miscellaneous devices, not elsewhere classified', 262),
(13119, 'Y72', 'Otorhinolaryngological devices associated with adverse incidents', 262),
(13120, 'Y72.0', 'Diagnostic and monitoring devices', 262),
(13121, 'Y72.1', 'Therapeutic (nonsurgical) and rehabilitative devices', 262),
(13122, 'Y72.2', 'Prosthetic and other implants, materials, and accessory devices', 262),
(13123, 'Y72.3', 'Surgical instruments, materials, and devices (including sutures)', 262),
(13124, 'Y72.8', 'Miscellaneous devices, not elsewhere classified', 262),
(13125, 'Y73', 'Gastroenterology and urology devices associated with adverse incidents', 262),
(13126, 'Y73.0', 'Diagnostic and monitoring devices', 262),
(13127, 'Y73.1', 'Therapeutic (nonsurgical) and rehabilitative devices', 262),
(13128, 'Y73.2', 'Prosthetic and other implants, materials, and accessory devices', 262),
(13129, 'Y73.3', 'Surgical instruments, materials, and devices (including sutures)', 262),
(13130, 'Y73.8', 'Miscellaneous devices, not elsewhere classified', 262),
(13131, 'Y74', 'General hospital and personal-use devices associated with adverse incidents', 262),
(13132, 'Y74.0', 'Diagnostic and monitoring devices', 262),
(13133, 'Y74.1', 'Therapeutic (nonsurgical) and rehabilitative devices', 262),
(13134, 'Y74.2', 'Prosthetic and other implants, materials, and accessory devices', 262);
INSERT INTO `diseases` (`id`, `disease_code`, `disease_name`, `section_id`) VALUES
(13135, 'Y74.3', 'Surgical instruments, materials, and devices (including sutures)', 262),
(13136, 'Y74.8', 'Miscellaneous devices, not elsewhere classified', 262),
(13137, 'Y75', 'Neurological devices associated with adverse incidents', 262),
(13138, 'Y75.0', 'Diagnostic and monitoring devices', 262),
(13139, 'Y75.1', 'Therapeutic (nonsurgical) and rehabilitative devices', 262),
(13140, 'Y75.2', 'Prosthetic and other implants, materials, and accessory devices', 262),
(13141, 'Y75.3', 'Surgical instruments, materials, and devices (including sutures)', 262),
(13142, 'Y75.8', 'Miscellaneous devices, not elsewhere classified', 262),
(13143, 'Y76', 'Obstetric and gynecological devices associated with adverse incidents', 262),
(13144, 'Y76.0', 'Diagnostic and monitoring devices', 262),
(13145, 'Y76.1', 'Therapeutic (nonsurgical) and rehabilitative devices', 262),
(13146, 'Y76.2', 'Prosthetic and other implants, materials, and accessory devices', 262),
(13147, 'Y76.3', 'Surgical instruments, materials, and devices (including sutures)', 262),
(13148, 'Y76.8', 'Miscellaneous devices, not elsewhere classified', 262),
(13149, 'Y77', 'Ophthalmic devices associated with adverse incidents', 262),
(13150, 'Y77.0', 'Diagnostic and monitoring devices', 262),
(13151, 'Y77.1', 'Therapeutic (nonsurgical) and rehabilitative devices', 262),
(13152, 'Y77.2', 'Prosthetic and other implants, materials, and accessory devices', 262),
(13153, 'Y77.3', 'Surgical instruments, materials, and devices (including sutures)', 262),
(13154, 'Y77.8', 'Miscellaneous devices, not elsewhere classified', 262),
(13155, 'Y78', 'Radiological devices associated with adverse incidents', 262),
(13156, 'Y78.0', 'Diagnostic and monitoring devices', 262),
(13157, 'Y78.1', 'Therapeutic (nonsurgical) and rehabilitative devices', 262),
(13158, 'Y78.2', 'Prosthetic and other implants, materials, and accessory devices', 262),
(13159, 'Y78.3', 'Surgical instruments, materials, and devices (including sutures)', 262),
(13160, 'Y78.8', 'Miscellaneous devices, not elsewhere classified', 262),
(13161, 'Y79', 'Orthopedic devices associated with adverse incidents', 262),
(13162, 'Y79.0', 'Diagnostic and monitoring devices', 262),
(13163, 'Y79.1', 'Therapeutic (nonsurgical) and rehabilitative devices', 262),
(13164, 'Y79.2', 'Prosthetic and other implants, materials, and accessory devices', 262),
(13165, 'Y79.3', 'Surgical instruments, materials, and devices (including sutures)', 262),
(13166, 'Y79.8', 'Miscellaneous devices, not elsewhere classified', 262),
(13167, 'Y80', 'Physical medicine devices associated with adverse incidents', 262),
(13168, 'Y80.0', 'Diagnostic and monitoring devices', 262),
(13169, 'Y80.1', 'Therapeutic (nonsurgical) and rehabilitative devices', 262),
(13170, 'Y80.2', 'Prosthetic and other implants, materials, and accessory devices', 262),
(13171, 'Y80.3', 'Surgical instruments, materials, and devices (including sutures)', 262),
(13172, 'Y80.8', 'Miscellaneous devices, not elsewhere classified', 262),
(13173, 'Y81', 'General- and plastic-surgery devices associated with adverse incidents', 262),
(13174, 'Y81.0', 'Diagnostic and monitoring devices', 262),
(13175, 'Y81.1', 'Therapeutic (nonsurgical) and rehabilitative devices', 262),
(13176, 'Y81.2', 'Prosthetic and other implants, materials, and accessory devices', 262),
(13177, 'Y81.3', 'Surgical instruments, materials, and devices (including sutures)', 262),
(13178, 'Y81.8', 'Miscellaneous devices, not elsewhere classified', 262),
(13179, 'Y82', 'Other and unspecified medical devices associated with adverse incidents', 262),
(13180, 'Y82.0', 'Diagnostic and monitoring devices', 262),
(13181, 'Y82.1', 'Therapeutic (nonsurgical) and rehabilitative devices', 262),
(13182, 'Y82.2', 'Prosthetic and other implants, materials, and accessory devices', 262),
(13183, 'Y82.3', 'Surgical instruments, materials, and devices (including sutures)', 262),
(13184, 'Y82.8', 'Miscellaneous devices, not elsewhere classified', 262),
(13185, 'Y83', 'Surgical operation and other surgical procedures as the cause of abnormal reaction of the patient, or of later complication, without mention of misadventure at the time of the procedure', 263),
(13186, 'Y83.0', 'Surgical operation with transplant of whole organ', 263),
(13187, 'Y83.1', 'Surgical operation with implant of artificial internal device', 263),
(13188, 'Y83.2', 'Surgical operation with anastomosis, bypass, or graft', 263),
(13189, 'Y83.3', 'Surgical operation with formation of external stoma', 263),
(13190, 'Y83.4', 'Other reconstructive surgery', 263),
(13191, 'Y83.5', 'Amputation of limb(s)', 263),
(13192, 'Y83.6', 'Removal of other organ (partial) (total)', 263),
(13193, 'Y83.8', 'Other surgical procedures', 263),
(13194, 'Y83.9', 'Surgical procedure, unspecified', 263),
(13195, 'Y84', 'Other medical procedures as the cause of abnormal reaction of the patient, or of later complication, without mention of misadventure at the time of the procedure', 263),
(13196, 'Y84.0', 'Cardiac catheterization', 263),
(13197, 'Y84.1', 'Kidney dialysis', 263),
(13198, 'Y84.2', 'Radiological procedure and radiotherapy', 263),
(13199, 'Y84.3', 'Shock therapy', 263),
(13200, 'Y84.4', 'Aspiration of fluid', 263),
(13201, 'Y84.5', 'Insertion of gastric or duodenal sound', 263),
(13202, 'Y84.6', 'Urinary catheterization', 263),
(13203, 'Y84.7', 'Blood-sampling', 263),
(13204, 'Y84.8', 'Other medical procedures', 263),
(13205, 'Y84.9', 'Medical procedure, unspecified', 263),
(13206, 'Y85', 'Sequelae of transport accidents', 264),
(13207, 'Y85.0', 'Sequelae of motor-vehicle accident', 264),
(13208, 'Y85.9', 'Sequelae of other and unspecified transport accidents', 264),
(13209, 'Y86', 'Sequelae of other accidents', 264),
(13210, 'Y87', 'Sequelae of intentional self harm, assault, and events of undetermined intent', 264),
(13211, 'Y87.0', 'Sequelae of intentional self harm', 264),
(13212, 'Y87.1', 'Sequelae of assault', 264),
(13213, 'Y87.2', 'Sequelae of events of undetermined intent', 264),
(13214, 'Y88', 'Sequelae with surgical and medical care as external cause', 264),
(13215, 'Y88.0', 'Sequelae of adverse effects caused by drugs, medicaments, and biological substances in therapeutic use', 264),
(13216, 'Y88.1', 'Sequelae of misadventures to patients during surgical and medical procedures', 264),
(13217, 'Y88.2', 'Sequelae of adverse incidents associated with medical devices in diagnostic and therapeutic use', 264),
(13218, 'Y88.3', 'Sequelae of surgical and medical procedures as the cause of abnormal reaction of the patient, or of later complication, without mention of misadventure at the time of the procedure', 264),
(13219, 'Y89', 'Sequelae of other external causes', 264),
(13220, 'Y89.0', 'Sequelae of legal intervention', 264),
(13221, 'Y89.1', 'Sequelae of war operations', 264),
(13222, 'Y89.9', 'Sequelae of unspecified external cause', 264);

-- --------------------------------------------------------

--
-- Table structure for table `doctors`
--

CREATE TABLE `doctors` (
  `id` int(11) NOT NULL,
  `doctor_name` varchar(100) NOT NULL,
  `doctor_reg_no` varchar(50) NOT NULL,
  `department_id` int(11) NOT NULL,
  `specialization_id` int(11) NOT NULL,
  `doctor_email` varchar(50) NOT NULL,
  `designation_id` int(11) NOT NULL,
  `consultation_room_no` int(11) NOT NULL,
  `doctor_address` varchar(100) NOT NULL,
  `photo` varchar(200) NOT NULL,
  `date_added` datetime NOT NULL DEFAULT current_timestamp()
) ENGINE=InnoDB DEFAULT CHARSET=utf8mb4;

-- --------------------------------------------------------

--
-- Table structure for table `drug_activities`
--

CREATE TABLE `drug_activities` (
  `id` int(11) NOT NULL,
  `drug_id` int(10) DEFAULT NULL,
  `bf` varchar(20) NOT NULL,
  `particular` text DEFAULT NULL,
  `drug_in_out` enum('drug_in','drug_out') DEFAULT NULL,
  `quantity` varchar(20) NOT NULL,
  `balance` int(10) DEFAULT NULL,
  `date_added` timestamp NOT NULL DEFAULT current_timestamp()
) ENGINE=InnoDB DEFAULT CHARSET=utf8mb4;

--
-- Dumping data for table `drug_activities`
--

INSERT INTO `drug_activities` (`id`, `drug_id`, `bf`, `particular`, `drug_in_out`, `quantity`, `balance`, `date_added`) VALUES
(11, 3870, '', 'Stock Adjustment - ', 'drug_in', '0', 0, '2021-03-22 12:56:50'),
(12, 3870, '', 'Stock Adjustment - ', 'drug_out', '900', 900, '2021-03-22 12:58:42'),
(13, 3870, '', 'Stock Adjustment - ', 'drug_in', '500', 500, '2021-03-22 13:00:26'),
(14, 3870, '', 'Stock Adjustment - ', 'drug_in', '900', 900, '2021-03-22 13:02:03'),
(15, 3870, '', 'Stock Adjustment - ', 'drug_in', '300', 300, '2021-03-22 13:03:38'),
(19, 3870, '', 'Stock Adjustment - Changed to 500', 'drug_in', '600', 600, '2021-03-22 13:09:59'),
(20, 3870, '', 'Stock Adjustment - ', 'drug_in', '500', 500, '2021-03-22 13:11:37'),
(22, 3870, '', 'Stock Adjustment - We\'re Removing You', 'drug_in', '800', 800, '2021-03-28 08:54:10'),
(24, 3870, '', 'Stock Adjustment - We added More', 'drug_in', '900', 1500, '2021-03-28 09:14:05'),
(25, 3870, '', 'Stock Adjustment - We red', 'drug_out', '300', 1200, '2021-03-28 09:14:36'),
(26, 3870, '', 'Stock Adjustment - Ok Nope!', 'drug_out', '1200', 0, '2021-03-28 09:17:51'),
(27, 3870, '', 'Stock Adjustment - Shina', 'drug_in', '10000', 10000, '2021-03-28 09:18:15'),
(28, 3870, '', 'Stock Adjustment - Changed to 500', 'drug_out', '1000', 9000, '2021-03-28 09:24:57'),
(29, 3870, '', 'Stock Adjustment - Hey', 'drug_in', '200', 9200, '2021-03-28 10:29:59'),
(30, 3870, '', 'Stock Adjustment - OKies', 'drug_in', '300', 9500, '2021-03-28 10:31:47'),
(31, 3870, '', 'Stock Adjustment - Testing New Val', 'drug_in', '300', 9800, '2021-03-28 10:34:28'),
(41, 4267, '', 'Drug Prescription', 'drug_out', '20', 76, '2021-03-30 03:30:28'),
(42, 4005, '', 'Drug Prescription', 'drug_out', '20', 0, '2021-03-30 03:30:28'),
(43, 4100, '', 'Drug Prescription', 'drug_out', '20', 815, '2021-03-30 08:32:02'),
(44, 4100, '', 'Drug Prescription', 'drug_out', '20', 795, '2021-03-30 09:27:35'),
(45, 4100, '', 'Drug Prescription', 'drug_out', '20', 775, '2021-03-30 09:32:07'),
(46, 4100, '', 'Drug Prescription', 'drug_out', '10', 765, '2021-03-30 09:34:26'),
(47, 4100, '', 'Drug Prescription', 'drug_out', '20', 745, '2021-03-30 10:05:00'),
(48, 4100, '', 'Drug Prescription', 'drug_out', '49', 696, '2021-03-30 10:07:02'),
(49, 4100, '', 'Drug Prescription', 'drug_out', '20', 676, '2021-03-30 10:11:41'),
(50, 4271, '', 'Drug Prescription', 'drug_out', '10', -8, '2021-03-30 10:11:41'),
(51, 4178, '', 'Drug Prescription for Patient', 'drug_out', '50                  ', -9, '2021-04-04 13:00:19'),
(52, 4541, '', 'Drug Prescription for Patient', 'drug_out', '2000                ', 4995, '2021-04-04 13:00:19');

-- --------------------------------------------------------

--
-- Table structure for table `drug_batches`
--

CREATE TABLE `drug_batches` (
  `id` int(10) NOT NULL,
  `drug_id` int(10) NOT NULL,
  `batch_number` varchar(100) NOT NULL,
  `expire_date` date NOT NULL,
  `date_added` timestamp NOT NULL DEFAULT current_timestamp()
) ENGINE=InnoDB DEFAULT CHARSET=utf8mb4;

--
-- Dumping data for table `drug_batches`
--

INSERT INTO `drug_batches` (`id`, `drug_id`, `batch_number`, `expire_date`, `date_added`) VALUES
(3, 3871, '654422', '2021-03-30', '2021-03-17 19:38:12'),
(4, 3870, '-9888899', '2021-04-10', '2021-03-17 19:38:51');

-- --------------------------------------------------------

--
-- Table structure for table `drug_group`
--

CREATE TABLE `drug_group` (
  `id` int(11) NOT NULL,
  `drug_group_name` varchar(200) COLLATE utf8_bin DEFAULT NULL
) ENGINE=InnoDB DEFAULT CHARSET=utf8 COLLATE=utf8_bin;

--
-- Dumping data for table `drug_group`
--

INSERT INTO `drug_group` (`id`, `drug_group_name`) VALUES
(27, 'ANALGESICS'),
(28, 'ANTI-MALARIA'),
(29, 'HAEMATINICS/MULTIVITAMINS'),
(30, 'ANTI-BIOTICS'),
(31, 'ANTI-ULCER'),
(32, 'ANTI-SPASMODIC'),
(33, 'ANTI-DIARRHOEA'),
(34, 'ANTI-ASTHMATIC'),
(35, 'ANTI-HYPERTENSIVE'),
(36, 'ANTI-EMETIC'),
(37, 'ANTI-FUNGAL'),
(38, 'ANTI-ALLERGIC'),
(39, 'ANTI-TUSSIVE'),
(40, 'EYE AND EAR PREPARATIONS'),
(41, 'INFUSIONS'),
(42, 'SURGICALS'),
(43, 'STEROIDS'),
(44, 'ANTI-DIABETICS'),
(45, 'ANTI-HELMINTHIC'),
(46, 'EMERGENCY DRUGS'),
(47, 'SUPPLEMENTARY');

-- --------------------------------------------------------

--
-- Table structure for table `drug_items`
--

CREATE TABLE `drug_items` (
  `id` int(11) NOT NULL,
  `drug_item_name` varchar(200) COLLATE utf8_bin DEFAULT NULL,
  `quantity_in_stock` int(11) DEFAULT NULL,
  `reOrderLevel` int(11) DEFAULT NULL,
  `drug_group_id` int(11) DEFAULT NULL,
  `GroupA` decimal(19,4) DEFAULT 0.0000,
  `GroupB` decimal(19,4) DEFAULT 0.0000,
  `GroupC` decimal(19,4) DEFAULT 0.0000,
  `GroupD` decimal(19,4) DEFAULT 0.0000,
  `drug_expiry_date` datetime DEFAULT NULL,
  `OutOfStock` tinyint(1) DEFAULT 0,
  `can_expire` tinyint(1) DEFAULT 0,
  `GroupE` decimal(19,4) DEFAULT 0.0000,
  `drug_cost` decimal(19,4) DEFAULT NULL,
  `drug_sell` decimal(19,4) DEFAULT NULL
) ENGINE=InnoDB DEFAULT CHARSET=utf8 COLLATE=utf8_bin;

--
-- Dumping data for table `drug_items`
--

INSERT INTO `drug_items` (`id`, `drug_item_name`, `quantity_in_stock`, `reOrderLevel`, `drug_group_id`, `GroupA`, `GroupB`, `GroupC`, `GroupD`, `drug_expiry_date`, `OutOfStock`, `can_expire`, `GroupE`, `drug_cost`, `drug_sell`) VALUES
(3870, 'PARACETAMOL TABLET 500mg ', 9800, 10, 27, '5.0000', '5.0000', '5.0000', '5.0000', NULL, 0, 0, '5.0000', '1000.0000', '10000.0000'),
(3871, 'PARACETAMOL SYRUP BOTTLES', 15, 10, 27, '150.0000', '150.0000', '150.0000', '150.0000', NULL, 0, 0, '150.0000', '0.0000', '150.0000'),
(3872, 'PARACETAMOL INJ AMP', 80, 10, 27, '100.0000', '100.0000', '100.0000', '100.0000', NULL, 0, 0, '100.0000', '0.0000', '0.0000'),
(3873, 'TRAMADOL  50MG CAPSULE', 200, 10, 27, '300.0000', '300.0000', '300.0000', '300.0000', '2014-05-31 00:00:00', 0, 1, '300.0000', '0.0000', '0.0000'),
(3874, 'INJECTION PENTAZOCINE AMP', 30, 10, 27, '200.0000', '200.0000', '200.0000', '200.0000', NULL, 0, 0, '200.0000', '0.0000', '200.0000'),
(3875, 'DICLOFENAC POT (CATAFLAM) 50mg TABS', 490, 10, 27, '500.0000', '500.0000', '500.0000', '500.0000', '2014-08-31 00:00:00', 0, 1, '500.0000', '0.0000', '500.0000'),
(3876, 'DICLOFENAC POTASSIUM TABLET 50mg TABS', 944, 10, 27, '300.0000', '300.0000', '300.0000', '300.0000', '2014-05-31 00:00:00', 0, 1, '300.0000', '0.0000', '300.0000'),
(3877, 'DICLOFENAC INJECTION 75mg AMP', 89, 10, 27, '100.0000', '100.0000', '100.0000', '100.0000', '2013-10-02 00:00:00', 0, 1, '100.0000', '0.0000', '100.0000'),
(3878, 'NEUROGESIC OINTMENT  TUBES', 70, 10, 27, '800.0000', '800.0000', '800.0000', '800.0000', '2016-02-28 00:00:00', 0, 1, '800.0000', '0.0000', '800.0000'),
(3880, 'IBUPROFEN TABLET 200mg TABS', 80, 10, 27, '10.0000', '10.0000', '10.0000', '10.0000', NULL, 0, 0, '10.0000', '0.0000', '10.0000'),
(3882, 'ARTHROGRATIS CAPSULE ', 0, 10, 27, '3300.0000', '3300.0000', '3300.0000', '3300.0000', '2013-10-02 00:00:00', 1, 1, '3300.0000', '0.0000', '3300.0000'),
(3883, 'DOLO META-B TABLET', 0, 10, 27, '30.0000', '30.0000', '30.0000', '30.0000', NULL, 0, 0, '30.0000', '0.0000', '0.0000'),
(3884, 'ARTEMETHER/LUMEFANTRINE TABLET (GENERIC)', -1, 10, 28, '600.0000', '600.0000', '600.0000', '600.0000', '2014-09-30 00:00:00', 0, 0, '600.0000', '600.0000', '600.0000'),
(3885, 'ARTEMETHER/LUMEFANTRINE SYRUP BOTTLES', 30, 10, 28, '650.0000', '650.0000', '650.0000', '650.0000', '2015-12-31 00:00:00', 0, 1, '650.0000', '650.0000', '650.0000'),
(3886, 'ARTEMETHER  20mg AMP', 0, 10, 28, '200.0000', '200.0000', '200.0000', '200.0000', NULL, 1, 0, '200.0000', '0.0000', '200.0000'),
(3887, 'ARTESUNATE TABLET', 0, 10, 28, '320.0000', '320.0000', '320.0000', '320.0000', NULL, 1, 0, '320.0000', '0.0000', '320.0000'),
(3888, 'ARTESUNATE SYRUP BOTTLE', 0, 10, 28, '750.0000', '750.0000', '750.0000', '750.0000', NULL, 1, 0, '750.0000', '0.0000', '750.0000'),
(3889, 'SULFADOXINE/PYRIMETHAMINE SYRUP BOTTLES', 0, 10, 28, '150.0000', '150.0000', '150.0000', '150.0000', NULL, 0, 0, '150.0000', '0.0000', '150.0000'),
(3892, 'CALCIUM SANDOZ TABLET', 39, 0, 29, '700.0000', '700.0000', '700.0000', '700.0000', NULL, 0, 0, '700.0000', '0.0000', '700.0000'),
(3893, 'FOLIC ACID TABLET', 0, 10, 29, '5.0000', '5.0000', '5.0000', '5.0000', NULL, 1, 0, '5.0000', '0.0000', '0.0000'),
(3894, 'FERROUS SULPHATE TABLET ', 9850, 10, 29, '5.0000', '5.0000', '5.0000', '5.0000', NULL, 0, 0, '5.0000', '0.0000', '0.0000'),
(3895, 'VITAMIN B Complex TABLET', 1398, 10, 29, '1.0000', '1.0000', '1.0000', '1.0000', NULL, 0, 0, '1.0000', '0.0000', '0.0000'),
(3896, 'VITAMIN C 100mg TABLET', 9442, 10, 29, '2.0000', '2.0000', '2.0000', '2.0000', '2015-04-30 00:00:00', 0, 0, '2.0000', '0.0000', '0.0000'),
(3899, 'PHARMATON CAPSULE', 0, 10, 29, '1800.0000', '1800.0000', '1800.0000', '1800.0000', NULL, 0, 0, '1800.0000', '0.0000', '0.0000'),
(3902, 'MULTIVITAMIN SYRUP BOTTLE', 0, 10, 29, '150.0000', '150.0000', '150.0000', '150.0000', '2016-07-31 00:00:00', 0, 1, '150.0000', '0.0000', '150.0000'),
(3903, 'PHARMATON KIDDI SYRUP BOTTLE', 0, 10, 29, '1200.0000', '1200.0000', '1200.0000', '1200.0000', NULL, 0, 0, '1200.0000', '0.0000', '1200.0000'),
(3904, 'VITAMIN C SYRUP', 0, 10, 29, '150.0000', '150.0000', '150.0000', '150.0000', '2016-06-30 00:00:00', 1, 1, '150.0000', '0.0000', '0.0000'),
(3907, 'AMOXYL SYRUP BOTTLE', 0, 10, 30, '250.0000', '250.0000', '250.0000', '250.0000', '2015-05-31 00:00:00', 1, 1, '250.0000', '0.0000', '250.0000'),
(3908, 'AMPICLOX CAPSULE', 748, 10, 30, '700.0000', '700.0000', '700.0000', '700.0000', '2014-08-31 00:00:00', 0, 1, '700.0000', '700.0000', '700.0000'),
(3909, 'AMPICLOX SYRUP 100ML BOTTLE', 23, 10, 30, '250.0000', '250.0000', '250.0000', '250.0000', '2014-05-31 00:00:00', 0, 1, '250.0000', '0.0000', '250.0000'),
(3912, 'CEFUROXINE (Zinnat) 500mg TABLET', 0, 10, 30, '1000.0000', '1000.0000', '1000.0000', '1000.0000', NULL, 1, 0, '1000.0000', '0.0000', '1000.0000'),
(3914, 'ERYTHROMYCIN TABLET 500mg', 180, 10, 30, '25.0000', '25.0000', '25.0000', '25.0000', '2014-11-30 00:00:00', 0, 1, '25.0000', '0.0000', '0.0000'),
(3915, 'METRONIDAZOLE TABLET 200mg', 253, 10, 30, '2.0000', '2.0000', '2.0000', '2.0000', '2015-04-30 00:00:00', 0, 1, '2.0000', '0.0000', '0.0000'),
(3916, 'METRONIDAZOLE SYRUP BOTTLE', 20, 10, 30, '100.0000', '100.0000', '100.0000', '100.0000', '2015-04-30 00:00:00', 0, 1, '100.0000', '0.0000', '100.0000'),
(3918, 'COTRIMOXAZOLE TABLET', 3000, 10, 30, '3.0000', '3.0000', '3.0000', '3.0000', '2014-02-28 00:00:00', 0, 1, '3.0000', '0.0000', '0.0000'),
(3919, 'COTRIMOXAZOLE SYRUP 200MG BOTTLE', 30, 10, 30, '300.0000', '300.0000', '300.0000', '300.0000', '2015-02-28 00:00:00', 0, 1, '300.0000', '0.0000', '300.0000'),
(3920, 'CIPROFLOXACIN TABLET 500mg (14) TABS', 27, 10, 30, '500.0000', '500.0000', '500.0000', '500.0000', '2015-07-31 00:00:00', 0, 1, '500.0000', '0.0000', '500.0000'),
(3921, 'METRONIDAZOLE INFUSION VIAL', 5, 10, 30, '150.0000', '150.0000', '150.0000', '150.0000', '2015-08-31 00:00:00', 0, 1, '150.0000', '0.0000', '150.0000'),
(3922, 'CIPROFLOXACIN INFUSION VIAL', 10, 10, 30, '350.0000', '350.0000', '350.0000', '350.0000', '2014-05-31 00:00:00', 0, 1, '350.0000', '0.0000', '350.0000'),
(3923, 'CHLORAMPHENICOL INJECTION', 0, 10, 30, '300.0000', '300.0000', '300.0000', '300.0000', NULL, 1, 0, '300.0000', '0.0000', '0.0000'),
(3925, 'CEFTRIAZONE INJECTION 1g VIAL', 8, 1, 30, '700.0000', '700.0000', '700.0000', '700.0000', NULL, 0, 0, '700.0000', '0.0000', '700.0000'),
(3929, 'DERMAZIN OINTMENT TUBE', 1, 10, 30, '430.0000', '430.0000', '430.0000', '430.0000', NULL, 0, 0, '430.0000', '0.0000', '430.0000'),
(3930, 'ALBENDAZOLE TABLET 400mg', 444, 10, 45, '200.0000', '200.0000', '200.0000', '200.0000', '2014-07-03 00:00:00', 0, 0, '200.0000', '200.0000', '200.0000'),
(3931, 'ALBENDAZOLE SYRUP BOTTLE', 0, 10, 45, '200.0000', '200.0000', '200.0000', '200.0000', '2016-01-31 00:00:00', 1, 0, '200.0000', '0.0000', '200.0000'),
(3932, 'LEVAMISOLE SYRUP BOTTLE', 0, 10, 45, '400.0000', '400.0000', '400.0000', '400.0000', NULL, 0, 0, '400.0000', '0.0000', '400.0000'),
(3935, 'ULSAKIT CAPS', 0, 10, 31, '2500.0000', '2500.0000', '2500.0000', '2500.0000', NULL, 0, 0, '2500.0000', '0.0000', '2500.0000'),
(3936, 'PIRSEC CAPSULE', 0, 10, 31, '1200.0000', '1200.0000', '1200.0000', '1200.0000', '2014-02-28 00:00:00', 1, 1, '1200.0000', '0.0000', '0.0000'),
(3937, 'CIMETIDINE TABLET (400mg)', 0, 10, 31, '200.0000', '200.0000', '200.0000', '200.0000', NULL, 1, 0, '200.0000', '0.0000', '0.0000'),
(3943, 'VENTOLIN INHALER ', 0, 10, 34, '1500.0000', '1500.0000', '1500.0000', '1500.0000', '2014-11-30 00:00:00', 1, 0, '1500.0000', '0.0000', '0.0000'),
(3944, 'SALBUTAMOL NEBULE 2.5MG VIAL', 0, 10, 34, '150.0000', '150.0000', '150.0000', '150.0000', NULL, 0, 0, '150.0000', '0.0000', '0.0000'),
(3945, 'SALBUTAMOL TABLET', 99, 10, 34, '2.0000', '2.0000', '2.0000', '2.0000', '2016-09-30 00:00:00', 0, 1, '2.0000', '0.0000', '0.0000'),
(3946, 'AMINOPHYLLINE INJECTION AMP', 9, 10, 34, '250.0000', '250.0000', '250.0000', '250.0000', NULL, 0, 0, '250.0000', '250.0000', '250.0000'),
(3961, 'PROMETHAZINE TABLET', 40, 10, 36, '5.0000', '5.0000', '5.0000', '5.0000', NULL, 0, 0, '5.0000', '0.0000', '0.0000'),
(3962, 'PROMETHAZINE INJECTION 50mg amp', 49, 10, 36, '50.0000', '50.0000', '50.0000', '50.0000', '2015-10-31 00:00:00', 0, 1, '50.0000', '0.0000', '50.0000'),
(3963, 'PROMETHAZINE SYRUP BOTTLE', 0, 10, 36, '200.0000', '200.0000', '200.0000', '200.0000', NULL, 0, 0, '200.0000', '0.0000', '200.0000'),
(3964, 'METOCLOPRAMIDE INJECTION 10mg AMP', 0, 10, 36, '50.0000', '50.0000', '50.0000', '50.0000', '2016-05-31 00:00:00', 0, 1, '50.0000', '0.0000', '50.0000'),
(3976, 'HYDROCORTISONE CREAM TUBE', 4, 10, 43, '240.0000', '240.0000', '240.0000', '240.0000', '2015-11-30 00:00:00', 0, 1, '240.0000', '0.0000', '240.0000'),
(3977, 'HYDROCORTISONE INJECTION 100MG AMP', 30, 10, 43, '200.0000', '200.0000', '200.0000', '200.0000', '2016-06-30 00:00:00', 0, 1, '200.0000', '0.0000', '200.0000'),
(3978, 'PREDNISOLONE TABLET 5mg TABS', 30, 10, 43, '5.0000', '5.0000', '5.0000', '5.0000', '2016-12-30 00:00:00', 0, 1, '5.0000', '0.0000', '5.0000'),
(3979, 'CHLORPHENIRAMINE (PIRITON) TABLET', 930, 10, 38, '1.0000', '1.0000', '1.0000', '1.0000', NULL, 0, 0, '1.0000', '0.0000', '0.0000'),
(3980, 'CHLORPHENIRAMINE INJECTION AMP', 0, 10, 38, '50.0000', '50.0000', '50.0000', '50.0000', NULL, 1, 0, '50.0000', '0.0000', '50.0000'),
(3981, 'LORATIDINE 10mg TABLET', 269, 10, 38, '250.0000', '250.0000', '250.0000', '250.0000', NULL, 0, 0, '250.0000', '0.0000', '0.0000'),
(3982, 'PIRITON SYRUP BOTTLE', 29, 10, 39, '150.0000', '150.0000', '150.0000', '150.0000', '2016-03-31 00:00:00', 0, 1, '150.0000', '0.0000', '150.0000'),
(3983, 'LORATIDINE SYRUP BOTTLE', 0, 10, 38, '1000.0000', '1000.0000', '1000.0000', '1000.0000', NULL, 0, 0, '1000.0000', '0.0000', '1000.0000'),
(3984, 'BRONCHOLYTE SYRUP BOTTLE', 0, 10, 39, '600.0000', '600.0000', '600.0000', '600.0000', NULL, 1, 0, '600.0000', '0.0000', '600.0000'),
(3985, 'ADULT COUGH EXPECTORANT SYRUP BOTTLE', 66, 10, 39, '300.0000', '300.0000', '300.0000', '300.0000', NULL, 0, 0, '300.0000', '300.0000', '300.0000'),
(3986, 'CHILDREN COUGH ExPECTO SYRUP BOTTLE', 121, 10, 39, '200.0000', '200.0000', '200.0000', '200.0000', NULL, 0, 0, '200.0000', '0.0000', '200.0000'),
(3987, 'PIRITON COUGH EXPECTORANT SYRUP BOTTLE', 0, 10, 39, '0.0000', '0.0000', '0.0000', '0.0000', NULL, 0, 0, '0.0000', '0.0000', '0.0000'),
(3988, 'CHLORAMPHENICOL EYE GUTT BOTTLE', 5, 10, 40, '150.0000', '150.0000', '150.0000', '150.0000', NULL, 0, 0, '150.0000', '0.0000', '150.0000'),
(3989, 'CHLORAMPHENICOL EAR GUTT BOTTLE', 5, 10, 40, '150.0000', '150.0000', '150.0000', '150.0000', '2014-06-30 00:00:00', 0, 1, '150.0000', '0.0000', '150.0000'),
(3990, 'GENTAMYCIN GUTT BOTTLE', 0, 10, 40, '150.0000', '150.0000', '150.0000', '150.0000', NULL, 0, 0, '150.0000', '0.0000', '150.0000'),
(3991, 'CIPROFLOXACIN GUTT BOTTLE', 0, 10, 40, '0.0000', '0.0000', '0.0000', '0.0000', NULL, 0, 0, '0.0000', '0.0000', '0.0000'),
(3992, 'SPERSALLERGE GUTT (ANTELLERGE)  BOTTLE', 46, 10, 40, '0.0000', '0.0000', '0.0000', '0.0000', '2015-03-31 00:00:00', 0, 1, '0.0000', '0.0000', '0.0000'),
(3993, 'BEOPTIC-N GUTT BOTTLE', 2, 1, 40, '0.0000', '0.0000', '0.0000', '0.0000', NULL, 0, 0, '0.0000', '0.0000', '0.0000'),
(3996, 'TIMOLOL GUTT  BOTTLE', 0, 10, 40, '0.0000', '0.0000', '0.0000', '0.0000', '2014-09-30 00:00:00', 0, 1, '0.0000', '0.0000', '0.0000'),
(3997, 'TRAVATAN GUTT  BOTTLE', 5, 10, 40, '0.0000', '0.0000', '0.0000', '0.0000', '2015-03-31 00:00:00', 0, 1, '0.0000', '0.0000', '0.0000'),
(3998, 'XALATAN GUTT  BOTTLE', 9, 10, 40, '4600.0000', '4600.0000', '4600.0000', '4600.0000', '2014-02-28 00:00:00', 0, 0, '4600.0000', '0.0000', '4600.0000'),
(3999, 'DEXTRACIN GUTT BOTTLE', 0, 10, 40, '0.0000', '0.0000', '0.0000', '0.0000', NULL, 0, 0, '0.0000', '0.0000', '0.0000'),
(4000, 'VISINE GUTT  BOTTLE', 0, 10, 40, '0.0000', '0.0000', '0.0000', '0.0000', '2016-12-31 00:00:00', 0, 1, '0.0000', '0.0000', '0.0000'),
(4001, 'SPERSADEXOLINE GUTT BOTTLE', 0, 10, 40, '0.0000', '0.0000', '0.0000', '0.0000', NULL, 0, 0, '0.0000', '0.0000', '0.0000'),
(4002, 'SPERSADEX-COMP GUTT  BOTTLE', 0, 10, 40, '0.0000', '0.0000', '0.0000', '0.0000', NULL, 0, 0, '0.0000', '0.0000', '0.0000'),
(4003, 'MAXIVISION CAPSULE', 0, 10, 40, '0.0000', '0.0000', '0.0000', '0.0000', NULL, 0, 0, '0.0000', '0.0000', '0.0000'),
(4004, 'NORMAL SALINE VIALS', 10, 10, 41, '250.0000', '250.0000', '250.0000', '250.0000', NULL, 0, 0, '250.0000', '0.0000', '250.0000'),
(4005, '4.3% DEXTROSE SALINE   VIALS', 0, 10, 41, '250.0000', '250.0000', '250.0000', '250.0000', NULL, 0, 0, '250.0000', '250.0000', '250.0000'),
(4006, '5% DEXTROSE SALINE VIALS', 20, 10, 41, '250.0000', '250.0000', '250.0000', '250.0000', '2013-10-30 00:00:00', 0, 1, '250.0000', '0.0000', '250.0000'),
(4007, '5% DEXTROSE WATER VIALS', 40, 10, 41, '250.0000', '250.0000', '250.0000', '250.0000', NULL, 0, 0, '250.0000', '0.0000', '250.0000'),
(4008, 'DARROWS FULL STRENGTH VIALS', 0, 10, 41, '200.0000', '200.0000', '200.0000', '200.0000', NULL, 0, 0, '200.0000', '0.0000', '200.0000'),
(4009, 'HALF-STRENGTH DARROWS VIALS', 0, 10, 41, '200.0000', '200.0000', '200.0000', '200.0000', NULL, 0, 0, '200.0000', '0.0000', '200.0000'),
(4010, '50% DEXTROSE WATER VIALS', 10, 1, 41, '200.0000', '200.0000', '200.0000', '200.0000', '2015-07-31 00:00:00', 0, 1, '200.0000', '0.0000', '200.0000'),
(4011, '5ml SYRINGES', 10000, 10, 42, '30.0000', '30.0000', '30.0000', '30.0000', '2014-09-30 00:00:00', 0, 1, '30.0000', '0.0000', '30.0000'),
(4012, '2ml SYRINGES', 1000, 10, 42, '20.0000', '20.0000', '20.0000', '20.0000', '2014-10-03 00:00:00', 0, 1, '20.0000', '0.0000', '20.0000'),
(4013, '10ml SYRINGES RETRACTABLE', 0, 10, 42, '50.0000', '50.0000', '50.0000', '50.0000', '2014-07-31 00:00:00', 1, 1, '50.0000', '0.0000', '50.0000'),
(4014, '20ml SYRINGES', -92, 10, 42, '50.0000', '50.0000', '50.0000', '50.0000', NULL, 0, 0, '50.0000', '50.0000', '50.0000'),
(4015, 'INFUSION GIVING SET', 50, 10, 42, '100.0000', '100.0000', '100.0000', '100.0000', NULL, 0, 0, '100.0000', '0.0000', '0.0000'),
(4016, 'BLOOD GIVING SET', 50, 10, 42, '150.0000', '150.0000', '150.0000', '150.0000', NULL, 0, 0, '150.0000', '0.0000', '150.0000'),
(4017, 'CANNULA', 0, 10, 42, '100.0000', '100.0000', '100.0000', '100.0000', '2014-07-31 00:00:00', 1, 1, '100.0000', '0.0000', '100.0000'),
(4018, 'SCALP VEIN NEEDLE', 0, 10, 42, '10.0000', '10.0000', '10.0000', '10.0000', '2013-11-30 00:00:00', 0, 1, '10.0000', '0.0000', '0.0000'),
(4019, 'WATER FOR INJECTION', 0, 10, 42, '20.0000', '20.0000', '20.0000', '20.0000', '2014-10-03 00:00:00', 0, 1, '20.0000', '0.0000', '0.0000'),
(4020, 'VITAMIN B COMPLEX SYRUP BOTTLE', 0, 10, 29, '150.0000', '150.0000', '150.0000', '150.0000', NULL, 0, 0, '150.0000', '0.0000', '150.0000'),
(4021, 'VITAMIN B COMPLEX INJECTION VIAL', 10, 10, 29, '100.0000', '100.0000', '100.0000', '100.0000', NULL, 0, 0, '100.0000', '0.0000', '100.0000'),
(4024, 'CEPHALEXIN CAPSULE', 0, 1, 30, '0.0000', '0.0000', '0.0000', '0.0000', NULL, 1, 0, '0.0000', '0.0000', '0.0000'),
(4026, 'GENTAMYCIN INJECTION AMP', 150, 1, 30, '100.0000', '100.0000', '100.0000', '100.0000', NULL, 0, 0, '100.0000', '0.0000', '100.0000'),
(4030, 'GELUSIL TABLET (CHEWABLE) TABS', 282, 1, 31, '5.0000', '5.0000', '5.0000', '5.0000', '2016-09-04 00:00:00', 0, 1, '5.0000', '0.0000', '5.0000'),
(4031, 'RANITIDINE TABLET', 0, 1, 31, '150.0000', '150.0000', '150.0000', '150.0000', NULL, 0, 0, '150.0000', '0.0000', '0.0000'),
(4034, 'BUSCOPAN SYRUP', 0, 10, 32, '200.0000', '200.0000', '200.0000', '200.0000', '2015-06-30 00:00:00', 1, 0, '200.0000', '0.0000', '0.0000'),
(4035, 'ORS SACHET', 13, 10, 33, '50.0000', '50.0000', '50.0000', '50.0000', '2015-12-03 00:00:00', 0, 1, '50.0000', '0.0000', '50.0000'),
(4036, 'DIPHENOXYLATE TABLET (LOMOTIL) TABS', 0, 10, 33, '10.0000', '10.0000', '10.0000', '10.0000', NULL, 0, 0, '10.0000', '0.0000', '10.0000'),
(4038, 'AMLODIPINE 5MG TAB', 400, 10, 35, '300.0000', '300.0000', '300.0000', '300.0000', NULL, 0, 0, '300.0000', '0.0000', '300.0000'),
(4039, 'NIFEDIPINE 20MG TABLET ', 138, 10, 35, '200.0000', '200.0000', '200.0000', '200.0000', '2016-04-30 00:00:00', 0, 1, '200.0000', '0.0000', '0.0000'),
(4042, 'DIAZEPAM 5mg TABLET', 0, 10, 35, '5.0000', '5.0000', '5.0000', '5.0000', '2016-07-31 00:00:00', 0, 1, '5.0000', '0.0000', '0.0000'),
(4045, 'IVYPREDNISOLONE GUTT BOTTLE', 0, 10, 40, '0.0000', '0.0000', '0.0000', '0.0000', NULL, 0, 0, '0.0000', '0.0000', '0.0000'),
(4046, 'IVY ZINC GUTT BOTTLE', 0, 10, 40, '0.0000', '0.0000', '0.0000', '0.0000', '2013-10-31 00:00:00', 0, 1, '0.0000', '0.0000', '0.0000'),
(4047, 'CLOTRIMAZOLE (V.TAB) PESSERIES', 0, 10, 0, '550.0000', '550.0000', '550.0000', '550.0000', NULL, 0, 0, '550.0000', '0.0000', '550.0000'),
(4048, 'TIOCONAZOLE (V.TAB) PESSERY', 0, 10, 37, '0.0000', '0.0000', '1200.0000', '0.0000', NULL, 0, 0, '1200.0000', '0.0000', '0.0000'),
(4049, 'CLOTRIMAZOLE (V.CREAM) CREAM TUBE', 0, 10, 37, '500.0000', '500.0000', '500.0000', '500.0000', NULL, 0, 0, '500.0000', '0.0000', '500.0000'),
(4050, 'CREAM TIOCONAZOLE BOTTLE', 0, 10, 37, '1000.0000', '1000.0000', '1000.0000', '1000.0000', '2016-02-28 00:00:00', 0, 1, '1000.0000', '0.0000', '1000.0000'),
(4051, 'CLOTRIMAZOLE (SKIN) CREAM TUBE', 4, 10, 37, '300.0000', '300.0000', '300.0000', '300.0000', NULL, 0, 0, '300.0000', '0.0000', '300.0000'),
(4052, 'KETOCONAZOLE TABLET', 200, 10, 37, '500.0000', '500.0000', '500.0000', '500.0000', '2014-05-31 00:00:00', 0, 1, '500.0000', '0.0000', '0.0000'),
(4053, 'KETOCONAZOLE CREAM', 0, 10, 37, '500.0000', '500.0000', '500.0000', '500.0000', NULL, 0, 0, '500.0000', '0.0000', '0.0000'),
(4056, 'EMZOLYN ADULT BOTTLE', 28, 10, 39, '300.0000', '300.0000', '300.0000', '300.0000', NULL, 0, 0, '300.0000', '0.0000', '300.0000'),
(4057, 'EMZOLYN CHILD BOTTLE', 46, 10, 39, '150.0000', '150.0000', '150.0000', '150.0000', '2015-12-31 00:00:00', 0, 1, '150.0000', '0.0000', '150.0000'),
(4059, 'IBRUPROFEN TABLET 400mg TABS', 0, 10, 27, '20.0000', '20.0000', '20.0000', '20.0000', NULL, 0, 0, '20.0000', '0.0000', '20.0000'),
(4064, 'CHLORPHENIRAMINE SYRUP BOTTLE', 30, 10, 38, '200.0000', '200.0000', '200.0000', '200.0000', NULL, 0, 0, '200.0000', '0.0000', '200.0000'),
(4066, 'STREPSIL LOZENGES TABLET', 12, 10, 30, '0.0000', '0.0000', '0.0000', '0.0000', NULL, 0, 0, '0.0000', '0.0000', '0.0000'),
(4068, 'LOPERAMIDE(IMODIUM) CAPSULE', 0, 10, 33, '200.0000', '200.0000', '200.0000', '200.0000', '2017-01-31 00:00:00', 0, 1, '200.0000', '0.0000', '0.0000'),
(4070, 'MODURETIC TABLET TABS', 170, 10, 35, '200.0000', '200.0000', '200.0000', '200.0000', '2016-06-30 00:00:00', 0, 1, '200.0000', '0.0000', '200.0000'),
(4072, 'AMLODIPINE 10MG TAB (Teva)', 36, 10, 35, '400.0000', '400.0000', '400.0000', '400.0000', '2015-11-30 00:00:00', 0, 1, '400.0000', '400.0000', '400.0000'),
(4076, '10% MANNITOL SOLUTION VIALS', 349, 10, 41, '350.0000', '350.0000', '350.0000', '350.0000', '2015-10-03 00:00:00', 1, 1, '350.0000', '0.0000', '350.0000'),
(4077, 'RINGERS LACTATE VIALS', 20, 1, 41, '250.0000', '250.0000', '250.0000', '250.0000', NULL, 0, 0, '250.0000', '0.0000', '250.0000'),
(4078, 'LIDOCAINE INJECTION AMP', 0, 10, 46, '800.0000', '800.0000', '800.0000', '800.0000', '2016-11-30 00:00:00', 0, 1, '800.0000', '0.0000', '800.0000'),
(4079, 'ATROPINE INJECTION AMP', 10, 1, 46, '170.0000', '170.0000', '170.0000', '170.0000', '2015-12-31 00:00:00', 0, 1, '170.0000', '170.0000', '170.0000'),
(4080, 'ADRENALINE INJECTION AMP', 10, 1, 46, '570.0000', '570.0000', '570.0000', '570.0000', '2015-11-30 00:00:00', 0, 1, '570.0000', '570.0000', '570.0000'),
(4081, '10% MANNITOL INFUSION VIAL', 810, 10, 46, '350.0000', '350.0000', '350.0000', '350.0000', '2015-09-03 00:00:00', 1, 1, '350.0000', '0.0000', '350.0000'),
(4082, 'PARALDEHYDE INJECTION AMP', 0, 10, 46, '300.0000', '300.0000', '300.0000', '300.0000', '2014-11-30 00:00:00', 0, 1, '300.0000', '0.0000', '300.0000'),
(4083, 'TABLET ACTIVATED CHARCOAL', 0, 10, 46, '0.0000', '0.0000', '0.0000', '0.0000', '2016-06-30 00:00:00', 0, 1, '0.0000', '0.0000', '0.0000'),
(4084, 'MORPHINE INJECTION AMP', 0, 10, 46, '1200.0000', '1200.0000', '1200.0000', '1200.0000', '2015-08-31 00:00:00', 0, 1, '1200.0000', '0.0000', '1200.0000'),
(4086, 'METFORMIN 1G TABS', 0, 10, 44, '350.0000', '350.0000', '350.0000', '350.0000', '2015-12-03 00:00:00', 0, 1, '350.0000', '0.0000', '350.0000'),
(4087, 'GLIBENCLAMIDE TABLET', 30, 10, 44, '10.0000', '10.0000', '10.0000', '10.0000', '2016-04-30 00:00:00', 0, 1, '10.0000', '0.0000', '0.0000'),
(4089, 'ALPHABETIC CAPSULES', 6, 1, 44, '2200.0000', '2200.0000', '2200.0000', '2200.0000', NULL, 0, 0, '2200.0000', '0.0000', '2200.0000'),
(4090, 'DEXAMETHASONE INJECTION AMP', 0, 10, 43, '50.0000', '50.0000', '50.0000', '50.0000', '2015-12-31 00:00:00', 0, 1, '50.0000', '0.0000', '50.0000'),
(4091, 'LEVAMISOLE TABLET', 0, 10, 45, '300.0000', '300.0000', '300.0000', '300.0000', NULL, 0, 0, '300.0000', '0.0000', '0.0000'),
(4092, 'LISINOPRIL/HYDROCHLORYHIAZIDE TAB', 0, 100, 35, '40.0000', '40.0000', '40.0000', '40.0000', '2015-06-30 00:00:00', 0, 1, '40.0000', '0.0000', '40.0000'),
(4093, 'FLUCONAZOLE CAPSULES', 0, 20, 37, '100.0000', '100.0000', '100.0000', '100.0000', '2016-04-30 00:00:00', 0, 1, '100.0000', '0.0000', '0.0000'),
(4094, 'METOCLOPRAMIDE TABLET', 0, 20, 36, '5.0000', '5.0000', '5.0000', '5.0000', '2015-04-30 00:00:00', 1, 0, '5.0000', '0.0000', '0.0000'),
(4095, 'DIGOXIN TABLET', 0, 20, 46, '1250.0000', '1250.0000', '1250.0000', '1250.0000', '2016-12-31 00:00:00', 0, 1, '1250.0000', '0.0000', '0.0000'),
(4096, 'FRUSEMIDE TABLET 40mg', 0, 1, 35, '10.0000', '10.0000', '10.0000', '10.0000', '2014-01-31 00:00:00', 0, 1, '10.0000', '0.0000', '10.0000'),
(4097, 'NITROGLYCERIN DERMAL PATCHES PACKS', 0, 10, 46, '0.0000', '0.0000', '0.0000', '0.0000', '2015-02-28 00:00:00', 0, 1, '0.0000', '0.0000', '0.0000'),
(4098, 'DIHYDROCODEINE TABLET', 0, 10, 46, '0.0000', '0.0000', '0.0000', '0.0000', '2016-01-31 00:00:00', 0, 1, '0.0000', '0.0000', '0.0000'),
(4099, 'GLUCOSE-D POWDER TIN', 0, 3, 29, '0.0000', '0.0000', '0.0000', '0.0000', '2014-03-31 00:00:00', 0, 1, '0.0000', '0.0000', '0.0000'),
(4100, '0.5ML SYRINGES', 676, 10, 42, '50.0000', '50.0000', '50.0000', '50.0000', '2016-10-31 00:00:00', 0, 1, '50.0000', '40.0000', '50.0000'),
(4101, 'GAUZE BANDAGES ROLL', 0, 1, 42, '150.0000', '150.0000', '150.0000', '150.0000', NULL, 0, 0, '150.0000', '0.0000', '150.0000'),
(4102, 'ALLOPURINOL', 0, 10, 35, '0.0000', '0.0000', '0.0000', '0.0000', NULL, 1, 0, '0.0000', '0.0000', '0.0000'),
(4103, '2L POVIDONE IODINE', 0, 2, 42, '200.0000', '200.0000', '200.0000', '200.0000', NULL, 1, 0, '200.0000', '0.0000', '200.0000'),
(4104, 'TINCTURE OF BENZOIN COMPOUND', 0, 2, 42, '0.0000', '0.0000', '300.0000', '0.0000', NULL, 0, 0, '300.0000', '0.0000', '0.0000'),
(4105, 'GENTIAN VIOLET PAINT BOTTLE', 5, 1, 30, '300.0000', '300.0000', '300.0000', '300.0000', NULL, 0, 0, '300.0000', '0.0000', '300.0000'),
(4106, '15CM CREPE BANDAGE', 1, 1, 42, '600.0000', '600.0000', '600.0000', '600.0000', NULL, 0, 0, '600.0000', '0.0000', '600.0000'),
(4107, 'SILK SUTURES  2/0', 0, 2, 42, '0.0000', '0.0000', '0.0000', '0.0000', '2014-03-31 00:00:00', 0, 1, '0.0000', '0.0000', '0.0000'),
(4108, 'SURGICAL BLADE', 0, 1, 42, '10.0000', '10.0000', '10.0000', '10.0000', NULL, 0, 0, '10.0000', '0.0000', '0.0000'),
(4109, 'KETOROLAC INJECTION AMP', 0, 1, 27, '200.0000', '200.0000', '200.0000', '200.0000', '2014-11-30 00:00:00', 0, 1, '200.0000', '0.0000', '200.0000'),
(4111, 'DIAZEPAM 10mg AMP', 10, 10, 46, '600.0000', '600.0000', '600.0000', '600.0000', '2014-06-30 00:00:00', 0, 1, '600.0000', '0.0000', '600.0000'),
(4112, 'TRAMADOL AMP 100mg', 30, 1, 27, '200.0000', '200.0000', '200.0000', '200.0000', '2016-04-30 00:00:00', 0, 1, '200.0000', '0.0000', '200.0000'),
(4113, 'VITAMIN K (KONAKION) INJECTION AMP', 0, 1, 46, '300.0000', '300.0000', '300.0000', '300.0000', '2015-07-31 00:00:00', 0, 1, '300.0000', '0.0000', '300.0000'),
(4114, 'INSULIN SYRINGE', 0, 1, 42, '50.0000', '50.0000', '50.0000', '50.0000', '2017-04-30 00:00:00', 0, 1, '50.0000', '0.0000', '0.0000'),
(4115, 'METOCLOPRAMIDE SUPPOSITORY SUPP', 0, 1, 27, '50.0000', '50.0000', '50.0000', '50.0000', '2015-09-30 00:00:00', 0, 1, '50.0000', '0.0000', '50.0000'),
(4117, 'VECUTEN CREAM TUBES', 0, 1, 37, '500.0000', '500.0000', '500.0000', '500.0000', '2015-05-31 00:00:00', 0, 1, '500.0000', '0.0000', '500.0000'),
(4118, 'ROSUVASTATIN TABLET', 0, 10, 35, '700.0000', '700.0000', '700.0000', '700.0000', '2013-10-31 00:00:00', 1, 1, '700.0000', '0.0000', '0.0000'),
(4119, 'DICLOFENAC GEL (volini) TUBES', 15, 2, 27, '300.0000', '300.0000', '300.0000', '300.0000', '2014-04-01 00:00:00', 0, 1, '300.0000', '0.0000', '300.0000'),
(4120, 'AUGMENTIN 625MG TABS', 0, 1, 30, '1500.0000', '1500.0000', '1500.0000', '1500.0000', NULL, 1, 0, '1500.0000', '0.0000', '1500.0000'),
(4122, 'DICLOFENAC PLUS  (FLOTAC) 75mg TABS', 50, 2, 27, '2700.0000', '2700.0000', '2700.0000', '2700.0000', NULL, 0, 0, '2700.0000', '0.0000', '2700.0000'),
(4123, 'KETOPROFEN (ORUVAIL) 200mg TABS', 0, 2, 27, '750.0000', '750.0000', '750.0000', '750.0000', NULL, 0, 0, '750.0000', '0.0000', '750.0000'),
(4124, 'ACECLOFENAC 100mg', 0, 2, 27, '40.0000', '40.0000', '40.0000', '40.0000', NULL, 1, 0, '40.0000', '0.0000', '0.0000'),
(4125, 'TELMISARTAN 40MG ( CILZEC)', 0, 1, 35, '2300.0000', '2300.0000', '2300.0000', '2300.0000', NULL, 1, 0, '2300.0000', '0.0000', '0.0000'),
(4126, 'SALBUTAMOL NEBULES 5MG VIAL', 49, 1, 34, '200.0000', '200.0000', '200.0000', '200.0000', NULL, 0, 0, '200.0000', '0.0000', '0.0000'),
(4127, 'SERETIDE INHALER CANNISTER', 6, 1, 34, '0.0000', '0.0000', '0.0000', '0.0000', NULL, 0, 0, '0.0000', '0.0000', '0.0000'),
(4129, 'THIAPRIL (30s)', 0, 1, 35, '2850.0000', '2850.0000', '2850.0000', '2850.0000', '2016-12-31 00:00:00', 0, 1, '1950.0000', '0.0000', '0.0000'),
(4130, 'QUININE 100mg TABS', 0, 1, 28, '0.0000', '0.0000', '0.0000', '0.0000', NULL, 0, 0, '0.0000', '0.0000', '0.0000'),
(4131, 'OXYTOCIN (ROTEX) AMP', 0, 1, 46, '300.0000', '300.0000', '300.0000', '300.0000', NULL, 0, 0, '300.0000', '0.0000', '300.0000'),
(4132, 'DICLOFENAC 100MG (OLFEN SR) TABS', 910, 1, 27, '1300.0000', '1300.0000', '1300.0000', '1300.0000', NULL, 0, 0, '1300.0000', '0.0000', '1300.0000'),
(4134, 'SECNIDAZOLE (FLAGENTYL)', 0, 1, 30, '650.0000', '650.0000', '650.0000', '650.0000', NULL, 1, 0, '650.0000', '0.0000', '0.0000'),
(4137, 'PYLOREST BOTTLE', 0, 1, 31, '3700.0000', '3700.0000', '3700.0000', '3700.0000', NULL, 0, 0, '3700.0000', '0.0000', '3700.0000'),
(4141, 'COREAMIN CAPS', 0, 1, 29, '0.0000', '0.0000', '0.0000', '0.0000', NULL, 0, 0, '0.0000', '0.0000', '0.0000'),
(4142, 'DISCOVITE SYP BOTTLES', 0, 1, 27, '4950.0000', '4950.0000', '4950.0000', '4950.0000', NULL, 0, 0, '4950.0000', '0.0000', '4950.0000'),
(4143, 'DICLOFENAC GEL(VOLTAREN EMULGEL) TUBES', 0, 1, 27, '1300.0000', '1300.0000', '1300.0000', '1300.0000', NULL, 0, 0, '1300.0000', '0.0000', '1300.0000'),
(4144, 'AMPIFLUX SUSP BOTTLE', 0, 1, 30, '950.0000', '950.0000', '950.0000', '950.0000', NULL, 1, 0, '950.0000', '0.0000', '950.0000'),
(4145, 'AMODIAQUINE (CAMOQUINE SUSP) BOTTLES', 0, 1, 28, '850.0000', '850.0000', '850.0000', '850.0000', NULL, 1, 0, '850.0000', '0.0000', '850.0000'),
(4146, 'ULGICID ANTACID TABS', 0, 1, 31, '500.0000', '500.0000', '500.0000', '500.0000', NULL, 0, 0, '500.0000', '0.0000', '500.0000'),
(4149, 'ELICORID', 0, 1, 31, '5200.0000', '5200.0000', '5200.0000', '5200.0000', NULL, 1, 0, '5200.0000', '0.0000', '0.0000'),
(4151, 'ACTIFED TABS', 0, 1, 38, '10.0000', '10.0000', '10.0000', '10.0000', NULL, 1, 0, '10.0000', '0.0000', '10.0000'),
(4152, 'AMPIFLUX capsule', 0, 1, 30, '950.0000', '950.0000', '950.0000', '950.0000', NULL, 1, 0, '950.0000', '0.0000', '950.0000'),
(4153, 'ACICLOVIR TABS', 0, 1, 30, '1450.0000', '1450.0000', '1450.0000', '1450.0000', NULL, 1, 0, '1450.0000', '0.0000', '1450.0000'),
(4154, 'AMLODIPINE 10mg (NORVASC)', 0, 1, NULL, '1800.0000', '1800.0000', '1800.0000', '1800.0000', NULL, 0, 0, '1800.0000', '0.0000', '0.0000'),
(4155, 'AMLODIPINE (NORVASC) 10MG', 0, 1, NULL, '1800.0000', '1800.0000', '1800.0000', '1800.0000', NULL, 0, 0, '1800.0000', '0.0000', '0.0000'),
(4156, 'AMLODIPINE 5mg (NORVASC)', 0, 1, NULL, '900.0000', '900.0000', '900.0000', '900.0000', NULL, 0, 0, '900.0000', '0.0000', '0.0000'),
(4157, 'AMOXYCILLIN 250mg CAPS', 280, 1, 30, '10.0000', '10.0000', '10.0000', '10.0000', NULL, 0, 0, '10.0000', '0.0000', '10.0000'),
(4158, 'AMLODIPINE 10mg NORVASC', 120, 1, 35, '2200.0000', '2200.0000', '2200.0000', '2200.0000', NULL, 0, 0, '2200.0000', '2200.0000', '2200.0000'),
(4159, 'AMLODIPINE 5MG NORVASC TABS', 0, 1, 35, '1100.0000', '1100.0000', '1100.0000', '1100.0000', '2016-09-30 00:00:00', 1, 1, '1100.0000', '0.0000', '1100.0000'),
(4160, 'AMOXYCLAVULANIC ACID 375mg CAPS', 0, 1, 30, '1200.0000', '1200.0000', '1200.0000', '1200.0000', NULL, 1, 0, '1200.0000', '0.0000', '1200.0000'),
(4161, 'AMOXYCLAVLANIC ACID 625mg CAPS', 30, 1, 30, '3000.0000', '3000.0000', '3000.0000', '3000.0000', NULL, 0, 0, '3000.0000', '3000.0000', '3000.0000'),
(4162, 'AUGMENTIN 1g GSK TABS', 0, 1, 30, '3000.0000', '3000.0000', '3000.0000', '3000.0000', NULL, 1, 0, '3000.0000', '0.0000', '3000.0000'),
(4163, 'AMOXYL/CLAV (AMOVIN 1g) TABS', 0, 1, 30, '2500.0000', '2500.0000', '2500.0000', '2500.0000', NULL, 1, 0, '2500.0000', '0.0000', '2500.0000'),
(4164, 'ARTEMETER/LUMEFANTRINE (JUNIOR) TABLET', 0, 1, 28, '250.0000', '250.0000', '250.0000', '250.0000', NULL, 1, 0, '250.0000', '0.0000', '250.0000'),
(4165, 'AMINOPLEX CAPSULE', 0, 1, 29, '700.0000', '700.0000', '700.0000', '700.0000', NULL, 1, 0, '700.0000', '0.0000', '700.0000'),
(4166, 'ARTEPLUS 7-13 TABLET', 0, 1, 28, '300.0000', '300.0000', '300.0000', '300.0000', NULL, 1, 0, '300.0000', '0.0000', '300.0000'),
(4167, 'ARTEPLUS COMBI ADULT TABLET', 0, 1, 28, '440.0000', '440.0000', '440.0000', '440.0000', NULL, 1, 0, '440.0000', '0.0000', '440.0000'),
(4168, 'ARTEQUINE ADULTS TABLETS', 0, 1, 28, '1100.0000', '1100.0000', '1100.0000', '1100.0000', NULL, 1, 0, '1100.0000', '0.0000', '1100.0000'),
(4169, 'ARTESUNATE/AMODIAQUINE (1-6YRS) (CAMOSUNATE) POWDER', 51, 1, 28, '100.0000', '100.0000', '100.0000', '100.0000', NULL, 0, 0, '100.0000', '0.0000', '100.0000'),
(4170, 'ARTEQUICK TABLETS', 80, 1, 28, '1000.0000', '1000.0000', '1000.0000', '1000.0000', NULL, 0, 0, '1000.0000', '1000.0000', '1000.0000'),
(4172, 'ASPIRIN 75mg TABS', 2370, 1, 35, '50.0000', '50.0000', '50.0000', '50.0000', NULL, 0, 0, '50.0000', '50.0000', '50.0000'),
(4173, 'ASTYMIN BOTTLE', 0, 1, 29, '700.0000', '700.0000', '700.0000', '700.0000', NULL, 1, 0, '700.0000', '0.0000', '700.0000'),
(4174, 'ATENOLOL 100mg TABS', 52, 1, 35, '250.0000', '250.0000', '250.0000', '250.0000', '2016-03-31 00:00:00', 0, 1, '250.0000', '250.0000', '250.0000'),
(4176, 'AZITHROMYCIN 500mg CAPS', 84, 1, 30, '650.0000', '650.0000', '650.0000', '650.0000', NULL, 0, 0, '650.0000', '0.0000', '650.0000'),
(4178, 'BROMAZEPAM 3mg TABS', -9, 1, 35, '30.0000', '30.0000', '30.0000', '30.0000', NULL, 0, 0, '30.0000', '30.0000', '30.0000'),
(4179, 'BROMAZEPAM 1.5mg TABS', 0, 1, 35, '20.0000', '20.0000', '20.0000', '20.0000', NULL, 1, 0, '20.0000', '0.0000', '20.0000'),
(4180, 'CADUET 5mg TABS', 0, 1, 35, '2820.0000', '2820.0000', '2820.0000', '2820.0000', NULL, 1, 0, '2820.0000', '0.0000', '2820.0000'),
(4181, 'CADUET 10mg', 0, 1, 35, '3150.0000', '3150.0000', '3150.0000', '3150.0000', NULL, 1, 0, '3150.0000', '0.0000', '0.0000'),
(4182, 'CEFPODOXIME 200mg TABS', 20, 1, 30, '1600.0000', '1600.0000', '1600.0000', '1600.0000', NULL, 0, 0, '1600.0000', '0.0000', '1600.0000'),
(4183, 'CEFUROXIME 250mg tab', 0, 1, 30, '1200.0000', '1200.0000', '1200.0000', '1200.0000', NULL, 1, 0, '1200.0000', '0.0000', '1200.0000'),
(4184, 'CEFUROXIME 500mg ZINNAT', 0, 1, NULL, '2850.0000', '2850.0000', '2850.0000', '2850.0000', NULL, 0, 0, '2850.0000', '0.0000', '0.0000'),
(4185, 'CEFUROXIME 500mg tab', 50, 1, 30, '1500.0000', '1500.0000', '1500.0000', '1500.0000', NULL, 0, 0, '1500.0000', '0.0000', '1500.0000'),
(4186, 'CEFIXIME 200mg TABS', 20, 1, 30, '1100.0000', '1100.0000', '1100.0000', '1100.0000', NULL, 0, 0, '1100.0000', '0.0000', '1100.0000'),
(4187, 'CEFIXIME GRANULES BOTTLE', 0, 1, 30, '150.0000', '150.0000', '150.0000', '150.0000', NULL, 1, 0, '150.0000', '0.0000', '150.0000'),
(4188, 'AMLODIPINE/LISINOPRIL  5MG/5MG (CODILOPRIL)TABS', 0, 1, 35, '1100.0000', '1100.0000', '1100.0000', '1100.0000', NULL, 1, 0, '1100.0000', '0.0000', '1100.0000'),
(4189, 'CLARITHROMYCIN 500mg CAP TABS', 0, 1, 30, '1530.0000', '1530.0000', '1530.0000', '1530.0000', NULL, 0, 0, '1530.0000', '0.0000', '1530.0000'),
(4190, 'CLINDAMYCIN 150mg TABS', 0, 1, 30, '700.0000', '700.0000', '700.0000', '700.0000', NULL, 0, 0, '700.0000', '0.0000', '700.0000'),
(4191, 'CLINDAMYCIN 300mg TABS', 0, 1, 30, '1000.0000', '1000.0000', '1000.0000', '1000.0000', NULL, 0, 0, '1000.0000', '0.0000', '1000.0000'),
(4192, 'CO-MICARDIS 80mg/12.5mg TABS', 0, 1, 35, '4500.0000', '4500.0000', '4500.0000', '4500.0000', NULL, 0, 0, '4500.0000', '0.0000', '4500.0000'),
(4193, 'CO-MICARDIS 40mg/12.5mg TABS', 0, 1, 35, '4350.0000', '4350.0000', '4350.0000', '4350.0000', NULL, 0, 0, '4350.0000', '0.0000', '4350.0000'),
(4194, 'DEQUADIN TABS', 0, 1, 30, '100.0000', '100.0000', '100.0000', '100.0000', NULL, 0, 0, '100.0000', '0.0000', '100.0000'),
(4195, 'DIHYDROARTEMISININ/PIPERAQUINE (DUO-COTECXIN) TABLET', 1, 1, 28, '1300.0000', '1300.0000', '1300.0000', '1300.0000', NULL, 0, 0, '1300.0000', '0.0000', '1300.0000'),
(4196, 'DICLONEUROBION TABS', 0, 1, 27, '2200.0000', '2200.0000', '2200.0000', '2200.0000', NULL, 0, 0, '2200.0000', '0.0000', '2200.0000'),
(4197, 'DICYNONE 250mg', 0, 1, NULL, '1400.0000', '1400.0000', '1400.0000', '1400.0000', NULL, 0, 0, '1400.0000', '0.0000', '0.0000'),
(4198, 'DIGOXIN 25mg TABS', 0, 1, 35, '0.0000', '0.0000', '0.0000', '0.0000', NULL, 0, 0, '0.0000', '0.0000', '0.0000'),
(4199, 'DOXYCYCLINE CAPSULES 100mg', 1980, 1, 30, '150.0000', '150.0000', '150.0000', '150.0000', NULL, 0, 0, '150.0000', '0.0000', '150.0000'),
(4200, 'ENALAPRIL 5mg TABS', 0, 1, 35, '690.0000', '690.0000', '690.0000', '690.0000', NULL, 0, 0, '690.0000', '0.0000', '690.0000'),
(4201, 'ENALAPRIL 10mg TABS', 0, 1, 35, '600.0000', '600.0000', '600.0000', '600.0000', NULL, 0, 0, '600.0000', '0.0000', '600.0000'),
(4202, 'FLUCONAZOLE 200MG CAPSULE', 0, 1, 37, '1000.0000', '1000.0000', '1000.0000', '1000.0000', NULL, 0, 0, '1000.0000', '0.0000', '1000.0000'),
(4203, 'FERROTONE CAPS', 0, 1, 29, '150.0000', '150.0000', '150.0000', '150.0000', NULL, 0, 0, '150.0000', '0.0000', '150.0000'),
(4204, 'FLUCONAZOLE 50MG CAPSULE', 0, 1, 37, '500.0000', '500.0000', '500.0000', '500.0000', NULL, 0, 0, '500.0000', '0.0000', '500.0000'),
(4205, 'FEXOFENADINE 120MG TABS', 0, 1, 38, '650.0000', '650.0000', '650.0000', '650.0000', NULL, 0, 0, '650.0000', '0.0000', '650.0000'),
(4206, 'GRISEOFULVIN 500MG TABS', 0, 1, 37, '840.0000', '840.0000', '840.0000', '840.0000', NULL, 0, 0, '840.0000', '0.0000', '840.0000'),
(4207, 'CIPROFLOXACIN/TINIDAZOLE (GALCIPRO TN) TABS', 120, 1, 30, '650.0000', '650.0000', '650.0000', '650.0000', NULL, 0, 0, '650.0000', '0.0000', '650.0000'),
(4208, 'GYNODAKTARIN 400MG PESSERIES', 0, 1, 37, '1500.0000', '1500.0000', '1500.0000', '1500.0000', NULL, 0, 0, '1500.0000', '0.0000', '1500.0000'),
(4209, 'GINSOMIN CAPS', 0, 1, 29, '500.0000', '500.0000', '500.0000', '500.0000', NULL, 0, 0, '500.0000', '0.0000', '500.0000'),
(4210, 'GLUCOVANCE 500MG/5MG TABS', 0, 1, 44, '2400.0000', '2400.0000', '2400.0000', '2400.0000', '2016-05-31 00:00:00', 0, 1, '2400.0000', '0.0000', '2400.0000'),
(4211, 'GLUCOVANCE 500MG/2.5MG TABS', 0, 1, 44, '1800.0000', '1800.0000', '1800.0000', '1800.0000', NULL, 0, 0, '1800.0000', '0.0000', '1800.0000'),
(4212, 'HCT TAB (ESIDREX) 50mg', 0, 1, 35, '150.0000', '150.0000', '150.0000', '150.0000', NULL, 0, 0, '150.0000', '0.0000', '150.0000'),
(4213, 'HYOCINE N BUTYL BROMIDE TAB', 0, 1, 32, '10.0000', '10.0000', '10.0000', '10.0000', NULL, 1, 0, '10.0000', '0.0000', '0.0000'),
(4214, 'ITRACONAZOLE/satchet', 0, 1, 37, '1200.0000', '1200.0000', '1200.0000', '1200.0000', NULL, 0, 0, '1200.0000', '0.0000', '0.0000'),
(4215, 'KETOROLAC TABS', 0, 1, 27, '600.0000', '600.0000', '600.0000', '600.0000', NULL, 0, 0, '600.0000', '0.0000', '600.0000'),
(4216, 'KETOPROFEN TABS', 0, 1, 27, '400.0000', '400.0000', '400.0000', '400.0000', NULL, 0, 0, '400.0000', '0.0000', '400.0000'),
(4217, 'LOSARTAN K 50MG TABS', 0, 1, 35, '1300.0000', '1300.0000', '1300.0000', '1300.0000', NULL, 0, 0, '1300.0000', '0.0000', '1300.0000'),
(4218, 'LISINOPRIL 10MG TABS', 540, 1, 35, '250.0000', '250.0000', '250.0000', '250.0000', NULL, 0, 0, '250.0000', '0.0000', '250.0000'),
(4219, 'LISINOPRIL 5MG TABS', 510, 1, 35, '250.0000', '250.0000', '250.0000', '250.0000', '2016-06-30 00:00:00', 0, 1, '250.0000', '0.0000', '250.0000'),
(4221, 'LEVOFLOXACIN 500MG TABLETS', 40, 1, 30, '700.0000', '700.0000', '700.0000', '700.0000', NULL, 0, 0, '700.0000', '0.0000', '700.0000'),
(4222, 'LEVOCETRIZIN TABS', 0, 1, 38, '200.0000', '200.0000', '200.0000', '200.0000', NULL, 0, 0, '200.0000', '0.0000', '200.0000'),
(4223, 'MALCIDAL S+P TABS', 0, 1, 28, '100.0000', '100.0000', '100.0000', '100.0000', NULL, 0, 0, '100.0000', '0.0000', '100.0000'),
(4225, 'MELOXICAM 15mg TABS', 0, 1, 27, '1000.0000', '1000.0000', '1000.0000', '1000.0000', NULL, 0, 0, '1000.0000', '0.0000', '1000.0000'),
(4226, 'METAKELFIN TABS', 0, 1, 28, '110.0000', '110.0000', '110.0000', '110.0000', NULL, 0, 0, '110.0000', '0.0000', '110.0000'),
(4227, 'METHYLDOPA 250MG TABS', 40, 1, 35, '150.0000', '150.0000', '150.0000', '150.0000', NULL, 0, 0, '150.0000', '0.0000', '150.0000'),
(4228, 'MISOPROSTOL', 0, 1, 46, '1050.0000', '1050.0000', '1050.0000', '1050.0000', NULL, 1, 0, '1050.0000', '0.0000', '0.0000'),
(4230, 'MOTILIUM  (DOMPERIDONE) TABLETS', 0, 1, 32, '1050.0000', '1050.0000', '1050.0000', '1050.0000', NULL, 0, 0, '1050.0000', '0.0000', '1050.0000'),
(4232, 'MULTIPLUS CAPS', 0, 1, 29, '500.0000', '500.0000', '500.0000', '500.0000', NULL, 0, 0, '500.0000', '0.0000', '500.0000'),
(4233, 'MONTIGET 5MG TABLET', 0, 1, 34, '1350.0000', '1350.0000', '1350.0000', '1350.0000', NULL, 0, 0, '1350.0000', '0.0000', '1350.0000'),
(4234, 'MONTIGET10MG TEBLET', 0, 1, 34, '1350.0000', '1350.0000', '1350.0000', '1350.0000', NULL, 0, 0, '1350.0000', '0.0000', '1350.0000'),
(4235, 'NAPROXEN 500MG TABS', 0, 1, 27, '750.0000', '750.0000', '750.0000', '750.0000', NULL, 0, 0, '750.0000', '0.0000', '750.0000'),
(4236, 'NIFEDIPINE XL 30MG TAB', 0, 1, 35, '400.0000', '400.0000', '400.0000', '400.0000', NULL, 0, 0, '400.0000', '0.0000', '400.0000'),
(4237, 'NEUROBION TABS', 0, 1, 27, '1600.0000', '1600.0000', '1600.0000', '1600.0000', NULL, 0, 0, '1600.0000', '0.0000', '1600.0000'),
(4239, 'OFLOXACIN TARIVID TABS', 0, 1, 30, '1200.0000', '1200.0000', '1200.0000', '1200.0000', NULL, 0, 0, '1200.0000', '0.0000', '1200.0000'),
(4240, 'OFLOXACIN 200MG TABS', 300, 1, 30, '700.0000', '700.0000', '700.0000', '700.0000', NULL, 0, 0, '700.0000', '0.0000', '700.0000'),
(4241, 'OFLOXACIN/ORNIDAZOLE (ORNILOX) TABS', 0, 1, 30, '1200.0000', '1200.0000', '1200.0000', '1200.0000', NULL, 0, 0, '1200.0000', '0.0000', '1200.0000'),
(4242, 'PALUDRINE TABS', 26, 1, 28, '25.0000', '25.0000', '25.0000', '25.0000', NULL, 0, 0, '25.0000', '0.0000', '25.0000'),
(4243, 'PANFOR SR 1000MG TABS', 0, 1, 44, '300.0000', '300.0000', '300.0000', '300.0000', NULL, 0, 0, '300.0000', '0.0000', '300.0000'),
(4244, 'PANFOR SR 500MG TABS', 0, 1, 44, '250.0000', '250.0000', '250.0000', '250.0000', NULL, 0, 0, '250.0000', '0.0000', '250.0000'),
(4245, 'PERGLIM M1 TABS', 0, 1, 44, '1200.0000', '1200.0000', '1200.0000', '1200.0000', NULL, 0, 0, '1200.0000', '0.0000', '1200.0000'),
(4246, 'PERGLIM M2 TABS', 0, 1, 44, '1500.0000', '1500.0000', '1500.0000', '1500.0000', NULL, 0, 0, '1500.0000', '0.0000', '1500.0000'),
(4247, 'PROPRANALOL 40MG TABS', 0, 1, 35, '9.0000', '9.0000', '9.0000', '9.0000', NULL, 0, 0, '9.0000', '0.0000', '9.0000'),
(4248, 'PIROXICAM 20 mg CAPSULES', 0, 1, 27, '150.0000', '150.0000', '150.0000', '150.0000', NULL, 0, 0, '150.0000', '0.0000', '150.0000'),
(4249, 'PIRSEC 40/1100MG TABS', 0, 1, 31, '1500.0000', '1500.0000', '1500.0000', '1500.0000', NULL, 0, 0, '1500.0000', '0.0000', '1500.0000'),
(4250, 'PIRSEC 20/1100MG', 0, 1, NULL, '1050.0000', '1050.0000', '1050.0000', '1050.0000', NULL, 0, 0, '1050.0000', '0.0000', '0.0000'),
(4251, 'SIRDALUD 2MG TABLETS', 0, 1, 27, '1650.0000', '1650.0000', '1650.0000', '1650.0000', NULL, 0, 0, '1650.0000', '0.0000', '1650.0000'),
(4252, 'RABEPRAZOLE TABS', 0, 1, 31, '700.0000', '700.0000', '700.0000', '700.0000', NULL, 0, 0, '700.0000', '0.0000', '700.0000'),
(4253, 'TENOXICAM CAPSULES', 0, 1, 27, '800.0000', '800.0000', '800.0000', '800.0000', NULL, 0, 0, '800.0000', '0.0000', '800.0000'),
(4255, 'TELMISARTAN 80MG (CILZEC) TABS', 0, 1, 35, '3500.0000', '3500.0000', '3500.0000', '3500.0000', NULL, 0, 0, '3500.0000', '0.0000', '3500.0000'),
(4257, 'TELMISARTAN 80MG/HCT 12.5MG TABS', 0, 1, 35, '4500.0000', '4500.0000', '4500.0000', '4500.0000', NULL, 0, 0, '4500.0000', '0.0000', '4500.0000'),
(4258, 'SPARFLOXACIN TABS', 0, 1, 30, '700.0000', '700.0000', '700.0000', '700.0000', NULL, 0, 0, '700.0000', '0.0000', '700.0000'),
(4259, 'TELMISARTAN 80 MICARDIS TABS', 0, 1, 35, '4500.0000', '4500.0000', '4500.0000', '4500.0000', NULL, 0, 0, '4500.0000', '0.0000', '4500.0000'),
(4260, 'TELMISARTAN 40MG/HCT 12.5MG TABS', 0, 1, 35, '3000.0000', '3000.0000', '3000.0000', '3000.0000', NULL, 0, 0, '3000.0000', '0.0000', '3000.0000'),
(4261, 'TELMISARTAN 40MG MICARDIS TABS', 0, 1, 35, '4300.0000', '4300.0000', '4300.0000', '4300.0000', NULL, 0, 0, '4300.0000', '0.0000', '4300.0000'),
(4262, 'UNASYN 375MG TABS', 0, 1, 30, '1200.0000', '1200.0000', '1200.0000', '1200.0000', NULL, 0, 0, '1200.0000', '0.0000', '1200.0000'),
(4263, 'AMLODIPINE 5MG/valsartan 160mg (CODIOVAN)', 0, 1, 35, '4350.0000', '4350.0000', '4350.0000', '4350.0000', NULL, 1, 0, '4350.0000', '0.0000', '4350.0000'),
(4264, 'VITAMIN E CAPS', 0, 1, 29, '1500.0000', '1500.0000', '1500.0000', '1500.0000', NULL, 0, 0, '1500.0000', '0.0000', '1500.0000'),
(4267, '3G CREAM TUBE', 76, 1, 37, '350.0000', '350.0000', '350.0000', '350.0000', NULL, 0, 0, '350.0000', '350.0000', '350.0000'),
(4268, 'AUGMENTIN 228MG/5ML GSK TABS', 0, 1, 30, '1800.0000', '1800.0000', '1800.0000', '1800.0000', NULL, 1, 0, '1800.0000', '0.0000', '1800.0000'),
(4269, 'AMOXICLAVULANIC ACID 228MG/5ML BOTTLE', 0, 1, 30, '1200.0000', '1200.0000', '1200.0000', '1200.0000', NULL, 1, 0, '1200.0000', '1200.0000', '1200.0000'),
(4270, 'AMOXICLAVULANIC ACID 156MG/5ML BOTTLE', 0, 1, 30, '700.0000', '700.0000', '700.0000', '700.0000', NULL, 1, 0, '700.0000', '0.0000', '700.0000'),
(4271, 'AMOXICLAVULANIC ACID 312.5MG TABLET', -8, 1, 30, '1200.0000', '1200.0000', '1200.0000', '1200.0000', NULL, 0, 0, '1200.0000', '1200.0000', '1200.0000'),
(4272, 'ARTHRELA', 0, 1, 27, '650.0000', '650.0000', '650.0000', '650.0000', NULL, 1, 0, '650.0000', '0.0000', '0.0000'),
(4273, 'AMODIAQUINE TABLET 200mg', 0, 1, 28, '200.0000', '200.0000', '200.0000', '200.0000', NULL, 1, 0, '200.0000', '0.0000', '200.0000'),
(4274, 'AMPICLOX DROP BOTTLE', 0, 1, 30, '300.0000', '300.0000', '300.0000', '300.0000', NULL, 1, 0, '300.0000', '0.0000', '300.0000'),
(4275, 'ASTYFER BOTTLE', 0, 1, 29, '600.0000', '600.0000', '600.0000', '600.0000', NULL, 1, 0, '600.0000', '0.0000', '600.0000'),
(4276, 'AZITHROMYCIN SUSP BOTTLE', 0, 1, 30, '870.0000', '870.0000', '870.0000', '870.0000', NULL, 1, 0, '870.0000', '0.0000', '870.0000'),
(4277, 'ADVANTAN CREAM TUBE', 0, 1, 38, '1500.0000', '1500.0000', '1500.0000', '1500.0000', NULL, 1, 0, '1500.0000', '0.0000', '1500.0000'),
(4278, 'AMINOGARD BOTTLE', 0, 1, 29, '850.0000', '850.0000', '850.0000', '850.0000', NULL, 1, 0, '850.0000', '0.0000', '850.0000'),
(4281, 'CEFPODOXIME(orelox) BOTTLE', 0, 1, 30, '2500.0000', '2500.0000', '2500.0000', '2500.0000', NULL, 1, 0, '2500.0000', '0.0000', '2500.0000'),
(4283, 'CEPHALEXIN 250MG/ML BOTTLE', 0, 1, 30, '500.0000', '500.0000', '500.0000', '500.0000', NULL, 1, 0, '500.0000', '0.0000', '500.0000'),
(4284, 'KOFOL COUGH SYRUP BOTTLE', 0, 1, 39, '500.0000', '500.0000', '500.0000', '500.0000', NULL, 0, 0, '500.0000', '0.0000', '500.0000'),
(4285, 'DROP MULTIVITE', 0, 1, 29, '250.0000', '250.0000', '250.0000', '250.0000', NULL, 1, 0, '250.0000', '0.0000', '0.0000'),
(4286, 'ERYTHROMYCIN 200MG/5ML BOTTLE', 30, 1, 30, '450.0000', '450.0000', '450.0000', '450.0000', NULL, 0, 0, '450.0000', '0.0000', '450.0000'),
(4287, 'EUSOL LOTION BOTTLE', 0, 1, 30, '165.0000', '165.0000', '165.0000', '165.0000', NULL, 0, 0, '165.0000', '0.0000', '165.0000'),
(4288, 'EURAX CREAM TUBE', 0, 1, 38, '1300.0000', '1300.0000', '1300.0000', '1300.0000', NULL, 0, 0, '1300.0000', '0.0000', '1300.0000'),
(4289, 'FLUCAMED (Fluconazole 50mg syrup) CAPS', 0, 1, 37, '800.0000', '800.0000', '800.0000', '800.0000', NULL, 0, 0, '800.0000', '0.0000', '800.0000'),
(4290, 'GYNODAKTARIN OVULES PESSERIES', 0, 1, 37, '1500.0000', '1500.0000', '1500.0000', '1500.0000', NULL, 0, 0, '1500.0000', '0.0000', '1500.0000'),
(4291, 'HEXEDINE BOTTLE', 0, 1, 30, '360.0000', '360.0000', '360.0000', '360.0000', NULL, 0, 0, '360.0000', '0.0000', '360.0000'),
(4292, 'HYDROGEN PEROXIDE BOTTLE', 1, 1, 30, '200.0000', '200.0000', '200.0000', '200.0000', NULL, 0, 0, '200.0000', '0.0000', '200.0000'),
(4294, 'HB 12 TABS BOTTLE', 0, 1, 29, '650.0000', '650.0000', '650.0000', '650.0000', NULL, 0, 0, '650.0000', '0.0000', '650.0000'),
(4295, 'NYSTATIN ORAL DROP BOTTLES', 0, 1, 37, '400.0000', '400.0000', '400.0000', '400.0000', NULL, 0, 0, '400.0000', '0.0000', '400.0000'),
(4296, 'OTOMED EAR DROP BOTTLE', 0, 1, 40, '500.0000', '500.0000', '500.0000', '500.0000', NULL, 0, 0, '500.0000', '0.0000', '500.0000'),
(4297, 'OTRIVIN ADULT BOTTLE', 0, 1, 38, '550.0000', '550.0000', '550.0000', '550.0000', NULL, 0, 0, '550.0000', '0.0000', '550.0000'),
(4298, 'OTRIVIN CHILD BOTTLE', 15, 1, 38, '550.0000', '550.0000', '550.0000', '550.0000', NULL, 0, 0, '550.0000', '0.0000', '550.0000'),
(4299, 'OLIVE OIL BOTTLE', 0, 1, 30, '320.0000', '320.0000', '320.0000', '320.0000', NULL, 0, 0, '320.0000', '0.0000', '320.0000'),
(4300, 'PURIT BOTTLE', 0, 1, 30, '350.0000', '350.0000', '350.0000', '350.0000', NULL, 0, 0, '350.0000', '0.0000', '350.0000'),
(4301, 'RHINATIOL 2% BOTTLE', 0, 1, 39, '900.0000', '900.0000', '900.0000', '900.0000', NULL, 0, 0, '900.0000', '0.0000', '900.0000'),
(4302, 'RHINATHIOL 5% BOTTLE', 0, 1, 39, '950.0000', '950.0000', '950.0000', '950.0000', NULL, 0, 0, '950.0000', '0.0000', '950.0000'),
(4303, 'POLYGEL BOTTLE', 0, 1, 31, '200.0000', '200.0000', '200.0000', '200.0000', NULL, 0, 0, '200.0000', '0.0000', '200.0000'),
(4304, 'SALBUTAMOL SYRUP BOTTLES', 0, 1, 34, '300.0000', '300.0000', '300.0000', '300.0000', NULL, 0, 0, '300.0000', '0.0000', '300.0000'),
(4305, 'SEPTRIN TABS', 1340, 1, 30, '3.0000', '3.0000', '3.0000', '3.0000', NULL, 0, 0, '3.0000', '0.0000', '3.0000'),
(4307, 'PENICILLIN OINTMENT TUBE', 0, 1, 30, '110.0000', '110.0000', '110.0000', '110.0000', NULL, 0, 0, '110.0000', '0.0000', '110.0000'),
(4308, 'PARACETAMOL DROPS BOTTLES', 5, 1, 27, '250.0000', '250.0000', '250.0000', '250.0000', NULL, 0, 0, '250.0000', '0.0000', '250.0000'),
(4310, 'TRAVOGEN CREAM TUBES', 0, 1, 37, '1000.0000', '1000.0000', '1000.0000', '1000.0000', NULL, 0, 0, '1000.0000', '0.0000', '1000.0000'),
(4311, 'TRIBOTAN CREAM PEAD TUBES', 0, 1, 37, '350.0000', '350.0000', '350.0000', '350.0000', NULL, 0, 0, '350.0000', '0.0000', '350.0000'),
(4312, 'TRIBOTAN CREAM ADULT TUBE', 0, 1, 37, '350.0000', '350.0000', '350.0000', '350.0000', NULL, 0, 0, '350.0000', '0.0000', '350.0000'),
(4313, 'TROSYD CREAM TUBES', 0, 1, 37, '900.0000', '900.0000', '900.0000', '900.0000', NULL, 0, 0, '900.0000', '0.0000', '900.0000'),
(4314, 'VITAMIN BCO TABS', 200, 1, 29, '120.0000', '120.0000', '120.0000', '120.0000', NULL, 0, 0, '120.0000', '0.0000', '120.0000'),
(4316, 'WHITFIELD OINTMENT TUBE', 0, 1, 37, '75.0000', '75.0000', '75.0000', '75.0000', NULL, 0, 0, '75.0000', '0.0000', '75.0000'),
(4317, 'ZEDEX BOTTLE', 0, 1, 39, '500.0000', '500.0000', '500.0000', '500.0000', NULL, 0, 0, '500.0000', '0.0000', '500.0000'),
(4318, 'AMOXICLAV 1.2G(INJ) VIAL', 0, 1, 30, '800.0000', '800.0000', '800.0000', '800.0000', NULL, 1, 0, '800.0000', '0.0000', '800.0000'),
(4319, 'AMOXICLAV 600MG INJ VIAL', 0, 1, 30, '600.0000', '600.0000', '600.0000', '600.0000', NULL, 1, 0, '600.0000', '0.0000', '600.0000'),
(4320, 'AMOXYCILLIN CAPS 500MG CAPS', 65, 1, 30, '150.0000', '150.0000', '150.0000', '150.0000', '2017-07-31 00:00:00', 0, 1, '150.0000', '0.0000', '150.0000'),
(4321, 'AMPICLOX   INJ VIAL', 0, 1, 30, '75.0000', '75.0000', '75.0000', '75.0000', '2016-05-30 00:00:00', 1, 1, '75.0000', '0.0000', '75.0000'),
(4322, 'ANTI -D RHOGAM VIAL', 0, 1, 46, '31500.0000', '31500.0000', '31500.0000', '31500.0000', NULL, 1, 0, '31500.0000', '0.0000', '31500.0000'),
(4323, 'ANTI RABIES VIAL', 0, 1, 46, '3700.0000', '3700.0000', '3700.0000', '3700.0000', NULL, 1, 0, '3700.0000', '0.0000', '3700.0000'),
(4324, 'ANTI SNAKE VENOM INJ VIAL', 0, 1, 46, '3850.0000', '3850.0000', '3850.0000', '3850.0000', NULL, 1, 0, '3850.0000', '0.0000', '3850.0000'),
(4325, 'ARTHEETHER 150mg AMP', 91, 1, 28, '650.0000', '650.0000', '650.0000', '650.0000', NULL, 0, 0, '650.0000', '650.0000', '650.0000'),
(4326, 'ARTEMETER 40MG AMP', 0, 1, 28, '1200.0000', '1200.0000', '1200.0000', '1200.0000', NULL, 1, 0, '1200.0000', '0.0000', '1200.0000'),
(4327, 'ARTESUNATE 60mg INJECTION VIAL', 2, 1, 28, '600.0000', '600.0000', '600.0000', '600.0000', NULL, 0, 0, '600.0000', '0.0000', '600.0000'),
(4328, 'ARTESUNATE INJECTION 120mg VIAL', 6, 1, 28, '450.0000', '450.0000', '450.0000', '450.0000', NULL, 0, 0, '450.0000', '0.0000', '450.0000'),
(4329, 'ARTHEMETER 20mg AMP', 0, 1, 28, '150.0000', '150.0000', '150.0000', '150.0000', NULL, 1, 0, '150.0000', '0.0000', '150.0000'),
(4330, 'ARTEMETHER 80mg AMP', 0, 1, 28, '300.0000', '300.0000', '300.0000', '300.0000', NULL, 1, 0, '300.0000', '0.0000', '300.0000'),
(4331, 'CEFTAZIDIME FORTUM VIAL', 0, 1, 30, '2300.0000', '2300.0000', '2300.0000', '2300.0000', NULL, 1, 0, '2300.0000', '0.0000', '2300.0000'),
(4332, 'CEFTAZIDIME 1G VIAL', 0, 1, 30, '900.0000', '900.0000', '900.0000', '900.0000', NULL, 1, 0, '900.0000', '0.0000', '900.0000');
INSERT INTO `drug_items` (`id`, `drug_item_name`, `quantity_in_stock`, `reOrderLevel`, `drug_group_id`, `GroupA`, `GroupB`, `GroupC`, `GroupD`, `drug_expiry_date`, `OutOfStock`, `can_expire`, `GroupE`, `drug_cost`, `drug_sell`) VALUES
(4333, 'CEFTRIAXONE 1G ROCEPHINE VIAL', 4, 1, 30, '2000.0000', '2000.0000', '2000.0000', '2000.0000', NULL, 0, 0, '2000.0000', '0.0000', '2000.0000'),
(4334, 'CEFUROXIME 750MG INJ VIAL', 0, 1, 30, '700.0000', '700.0000', '700.0000', '700.0000', NULL, 1, 0, '700.0000', '0.0000', '700.0000'),
(4335, 'CALCIUM GLUCONATE INJ VIAL', 0, 1, 46, '570.0000', '570.0000', '570.0000', '570.0000', NULL, 1, 0, '570.0000', '0.0000', '570.0000'),
(4336, 'CEFUROXIME 750MG ZINACEF inj VIAL', 0, 1, 30, '750.0000', '750.0000', '750.0000', '750.0000', NULL, 1, 0, '750.0000', '0.0000', '750.0000'),
(4337, 'CHLOPROMAZINE INJ AMP', 0, 1, 46, '60.0000', '60.0000', '60.0000', '60.0000', NULL, 1, 0, '60.0000', '0.0000', '60.0000'),
(4338, 'CLEXANE 40IU VIAL', 0, 1, 46, '2500.0000', '2500.0000', '2500.0000', '2500.0000', NULL, 0, 0, '2500.0000', '0.0000', '2500.0000'),
(4339, 'CEFTRIAXONE 1G MEPHA VIAL', 10, 1, 30, '600.0000', '600.0000', '600.0000', '600.0000', NULL, 0, 0, '600.0000', '0.0000', '600.0000'),
(4340, 'CRYSTALLINE PENICILLIN POWDER', 0, 1, 30, '20.0000', '20.0000', '20.0000', '20.0000', NULL, 0, 0, '20.0000', '0.0000', '20.0000'),
(4341, 'VIT KI ROCHE', 0, 1, 46, '465.0000', '465.0000', '465.0000', '465.0000', NULL, 1, 0, '465.0000', '0.0000', '0.0000'),
(4342, 'VIT K PAED', 0, 1, 46, '650.0000', '650.0000', '650.0000', '650.0000', NULL, 1, 0, '650.0000', '0.0000', '0.0000'),
(4343, 'VIT K ADULT TABS', 0, 1, 46, '150.0000', '150.0000', '150.0000', '150.0000', NULL, 0, 0, '150.0000', '0.0000', '150.0000'),
(4344, 'UNASYN VIAL', 0, 1, 30, '1300.0000', '1300.0000', '1300.0000', '1300.0000', NULL, 0, 0, '1300.0000', '0.0000', '1300.0000'),
(4345, 'DEXTROSE WATER 10% VIALS', 27, 1, 41, '350.0000', '350.0000', '350.0000', '350.0000', NULL, 0, 0, '350.0000', '0.0000', '350.0000'),
(4346, 'E-MAL 75MG/3 AMP', 0, 1, 28, '1300.0000', '1300.0000', '1300.0000', '1300.0000', NULL, 0, 0, '1300.0000', '0.0000', '1300.0000'),
(4347, 'E-MAL 150MG/3 AMP', 30, 1, 28, '2100.0000', '2100.0000', '2100.0000', '2100.0000', NULL, 0, 0, '2100.0000', '0.0000', '2100.0000'),
(4348, 'ERGOMETRINE AMP', 0, 1, 46, '200.0000', '200.0000', '200.0000', '200.0000', NULL, 0, 0, '200.0000', '0.0000', '200.0000'),
(4349, 'FRUSEMIDE AMP20mg', 0, 1, 35, '150.0000', '150.0000', '150.0000', '150.0000', NULL, 0, 0, '150.0000', '0.0000', '150.0000'),
(4350, 'GELOFUSIN TABS', 300, 1, 46, '2500.0000', '2500.0000', '2500.0000', '2500.0000', NULL, 0, 0, '2500.0000', '0.0000', '2500.0000'),
(4352, 'HAEMACEL VIAL', 0, 1, 46, '5000.0000', '5000.0000', '5000.0000', '5000.0000', NULL, 0, 0, '5000.0000', '0.0000', '5000.0000'),
(4353, 'HYOCINE N BUTTYL- BROMIDE INJ. AMP ', 29, 1, 32, '50.0000', '50.0000', '50.0000', '50.0000', NULL, 0, 0, '50.0000', '0.0000', '50.0000'),
(4354, 'INSULIN SOLUBLE VIAL', 0, 1, 44, '3500.0000', '3500.0000', '3500.0000', '3500.0000', '2016-10-31 00:00:00', 0, 1, '3500.0000', '0.0000', '3500.0000'),
(4355, 'LABETALOL 50MG INJ VIRAL', 2, 1, 35, '1200.0000', '1200.0000', '1200.0000', '1200.0000', NULL, 0, 0, '1200.0000', '0.0000', '1200.0000'),
(4356, 'MANNITOL 10% VIAL', 0, 1, 46, '350.0000', '350.0000', '350.0000', '350.0000', NULL, 0, 0, '350.0000', '0.0000', '350.0000'),
(4357, 'MAG. SULPHATE AMP', 0, 1, 46, '450.0000', '450.0000', '450.0000', '450.0000', NULL, 0, 0, '450.0000', '0.0000', '450.0000'),
(4358, 'MIXTARD INSULIN 30/70 VIAL', 0, 1, 44, '3500.0000', '3500.0000', '3500.0000', '3500.0000', NULL, 0, 0, '3500.0000', '0.0000', '3500.0000'),
(4359, 'NOSPA (40MG) TABS', 0, 1, 32, '300.0000', '300.0000', '300.0000', '300.0000', NULL, 0, 0, '300.0000', '0.0000', '300.0000'),
(4360, 'OMEPRAZOLE TABS', 56, 1, 31, '500.0000', '500.0000', '500.0000', '500.0000', NULL, 0, 0, '500.0000', '0.0000', '500.0000'),
(4361, 'OXYTOCIN SYNOTOCINON AMP', 0, 1, 46, '300.0000', '300.0000', '300.0000', '300.0000', NULL, 0, 0, '300.0000', '0.0000', '300.0000'),
(4362, 'OXYTOCIN INJECTION AMP', 0, 1, 27, '200.0000', '200.0000', '200.0000', '200.0000', NULL, 0, 0, '200.0000', '0.0000', '200.0000'),
(4363, 'PENTAZOCINE 30MG AMP', 30, 1, 46, '200.0000', '200.0000', '200.0000', '200.0000', NULL, 0, 0, '200.0000', '0.0000', '200.0000'),
(4364, '10% DEXTROSE WATER VIALS', -8, 1, 41, '350.0000', '350.0000', '350.0000', '350.0000', NULL, 0, 0, '350.0000', '350.0000', '350.0000'),
(4365, 'SODIUM BICARBONATE AMP', 0, 1, 46, '250.0000', '250.0000', '250.0000', '250.0000', NULL, 0, 0, '250.0000', '0.0000', '250.0000'),
(4366, 'STREPTOMYCIN VIAL', 0, 1, 46, '100.0000', '100.0000', '100.0000', '100.0000', NULL, 0, 0, '100.0000', '0.0000', '0.0000'),
(4367, 'RANITIDINE AMP 50mg', 9, 1, 31, '650.0000', '650.0000', '650.0000', '650.0000', NULL, 0, 0, '650.0000', '0.0000', '650.0000'),
(4368, 'QUININE TABS', 0, 1, 28, '70.0000', '70.0000', '70.0000', '70.0000', NULL, 0, 0, '70.0000', '0.0000', '70.0000'),
(4369, 'PHENOBARB AMP', 0, 1, 46, '200.0000', '200.0000', '200.0000', '200.0000', NULL, 0, 0, '200.0000', '0.0000', '0.0000'),
(4370, 'HYDRALZINE 50MG INJ AMP', 0, 1, 46, '1100.0000', '1100.0000', '1100.0000', '1100.0000', NULL, 0, 0, '1100.0000', '0.0000', '1100.0000'),
(4371, 'POTASSIUM CHLORIDE AMP', 0, 1, 46, '300.0000', '300.0000', '300.0000', '300.0000', NULL, 0, 0, '300.0000', '0.0000', '0.0000'),
(4372, 'PETHIDINE HCL 50mg AMP', 0, 1, 46, '0.0000', '0.0000', '0.0000', '0.0000', NULL, 0, 0, '0.0000', '0.0000', '0.0000'),
(4373, 'PENTAZOCINE 30mg AMP', 0, 1, 46, '200.0000', '200.0000', '200.0000', '200.0000', NULL, 0, 0, '200.0000', '0.0000', '0.0000'),
(4374, 'OXYTOCIN AMP', 0, 1, 46, '170.0000', '170.0000', '170.0000', '170.0000', NULL, 0, 0, '170.0000', '0.0000', '0.0000'),
(4375, 'PHENERGAN AMP', 0, 1, 46, '50.0000', '50.0000', '50.0000', '50.0000', NULL, 0, 0, '50.0000', '0.0000', '0.0000'),
(4376, 'METHYLSALICYLATE 25G OINTMENT TUBE', 10, 1, 27, '500.0000', '500.0000', '500.0000', '500.0000', NULL, 0, 0, '500.0000', '0.0000', '500.0000'),
(4377, 'COTTON WOOL 20gm', 100, 1, 42, '50.0000', '50.0000', '50.0000', '50.0000', NULL, 0, 0, '50.0000', '0.0000', '0.0000'),
(4378, 'BETNISOL EYE DROPS', 0, 100, 43, '0.0000', '0.0000', '0.0000', '0.0000', NULL, 1, 0, '0.0000', '0.0000', '0.0000'),
(4379, 'AMOXYCILLIN SYRUP SUSP', 45, 1, 30, '250.0000', '250.0000', '250.0000', '250.0000', NULL, 0, 0, '250.0000', '0.0000', '250.0000'),
(4382, 'ACTIFED SYRUP BOTTLE', 0, 1, 38, '1000.0000', '1000.0000', '1000.0000', '1000.0000', NULL, 1, 0, '1000.0000', '0.0000', '1000.0000'),
(4383, 'VITACAP CAPS', 0, 1, 29, '300.0000', '300.0000', '300.0000', '300.0000', NULL, 0, 0, '300.0000', '0.0000', '300.0000'),
(4385, 'SECNIDAZOLE 1G TABS', 0, 1, 30, '400.0000', '400.0000', '400.0000', '400.0000', NULL, 0, 0, '400.0000', '0.0000', '400.0000'),
(4386, 'LASIX INJ AMP', 0, 1, 35, '50.0000', '50.0000', '50.0000', '50.0000', NULL, 0, 0, '50.0000', '0.0000', '50.0000'),
(4387, 'SALBUTAMOL INHALER CANNISTER', 19, 1, 34, '600.0000', '600.0000', '600.0000', '600.0000', NULL, 0, 0, '600.0000', '0.0000', '600.0000'),
(4389, 'GV PAINT BOTTLE', 0, 1, 30, '70.0000', '70.0000', '70.0000', '70.0000', NULL, 0, 0, '70.0000', '0.0000', '70.0000'),
(4391, 'ARTHROTEC Diclofenac/misoprostol 75/200mg TABS', 494, 1, 27, '750.0000', '750.0000', '750.0000', '750.0000', NULL, 1, 0, '750.0000', '750.0000', '750.0000'),
(4392, 'DICYNONE AMP', 0, 1, 46, '150.0000', '150.0000', '150.0000', '150.0000', NULL, 0, 0, '150.0000', '0.0000', '150.0000'),
(4393, '20 ml RETRACTABLE', 0, 1, 42, '50.0000', '50.0000', '50.0000', '50.0000', NULL, 1, 0, '50.0000', '0.0000', '50.0000'),
(4394, '5ml RETRACTABLE', 0, 1, 42, '40.0000', '40.0000', '40.0000', '40.0000', NULL, 1, 0, '40.0000', '0.0000', '40.0000'),
(4395, 'SANITARY PAD', 0, 1, 42, '350.0000', '350.0000', '350.0000', '350.0000', NULL, 0, 0, '350.0000', '0.0000', '0.0000'),
(4396, 'URINE BAG', 0, 1, 42, '100.0000', '100.0000', '100.0000', '100.0000', NULL, 0, 0, '100.0000', '0.0000', '0.0000'),
(4397, 'SURGICAL GLOVES 7.5', 0, 1, 42, '100.0000', '100.0000', '100.0000', '100.0000', NULL, 0, 0, '100.0000', '0.0000', '0.0000'),
(4398, 'SOLUSET', 0, 1, 42, '1200.0000', '1200.0000', '1200.0000', '1200.0000', NULL, 0, 0, '1200.0000', '0.0000', '0.0000'),
(4399, 'POP 6 ROLL', 0, 1, 42, '750.0000', '750.0000', '750.0000', '750.0000', NULL, 0, 0, '750.0000', '0.0000', '0.0000'),
(4400, 'PLASTER  ROLL  500GM', 0, 1, 42, '1490.0000', '1490.0000', '1490.0000', '1490.0000', NULL, 0, 0, '1490.0000', '0.0000', '0.0000'),
(4401, 'MUCUS EXTRACTOR', 0, 1, 42, '150.0000', '150.0000', '150.0000', '150.0000', NULL, 0, 0, '150.0000', '0.0000', '0.0000'),
(4402, 'LATEX GLOVES PACKET', 0, 1, 42, '1200.0000', '1200.0000', '1200.0000', '1200.0000', NULL, 0, 0, '1200.0000', '0.0000', '0.0000'),
(4403, 'FEEDING TUBE 12', 0, 1, 42, '100.0000', '100.0000', '100.0000', '100.0000', NULL, 0, 0, '100.0000', '0.0000', '0.0000'),
(4404, 'FEEDING TUBE 18', 0, 1, 42, '100.0000', '100.0000', '100.0000', '100.0000', '2016-09-30 00:00:00', 0, 1, '100.0000', '0.0000', '0.0000'),
(4405, 'FEEDING TUBE 5', 0, 1, 42, '100.0000', '100.0000', '100.0000', '100.0000', NULL, 0, 0, '100.0000', '0.0000', '0.0000'),
(4406, 'UNIVERSAL OPERATION PACK', 0, 1, 42, '10000.0000', '10000.0000', '10000.0000', '10000.0000', NULL, 0, 0, '10000.0000', '0.0000', '0.0000'),
(4407, 'FEEDING TUBE 6', 0, 1, 42, '100.0000', '100.0000', '100.0000', '100.0000', NULL, 0, 0, '100.0000', '0.0000', '0.0000'),
(4408, 'CANNULA 22G BLUE', 0, 1, 42, '100.0000', '100.0000', '100.0000', '100.0000', NULL, 1, 0, '100.0000', '0.0000', '100.0000'),
(4409, 'CANNULA YELLOW', 0, 1, 42, '100.0000', '100.0000', '100.0000', '100.0000', NULL, 1, 0, '100.0000', '0.0000', '100.0000'),
(4410, 'CANNULA GREY', 0, 1, 42, '100.0000', '100.0000', '100.0000', '100.0000', '2016-04-30 00:00:00', 1, 1, '100.0000', '0.0000', '100.0000'),
(4411, 'CANNULA GREEN', 0, 1, 42, '100.0000', '100.0000', '100.0000', '100.0000', NULL, 1, 0, '100.0000', '0.0000', '100.0000'),
(4412, 'CATHETER 18FR', 0, 1, 42, '150.0000', '150.0000', '150.0000', '150.0000', NULL, 1, 0, '150.0000', '0.0000', '150.0000'),
(4413, 'CATHETER 16FR', 0, 1, 42, '150.0000', '150.0000', '150.0000', '150.0000', NULL, 1, 0, '150.0000', '0.0000', '150.0000'),
(4414, 'betnosol BOTTLE', 0, 1, 40, '500.0000', '500.0000', '500.0000', '500.0000', NULL, 1, 0, '500.0000', '0.0000', '500.0000'),
(4415, 'IRBESARTAN (APROVEL)', 0, 1, 35, '0.0000', '0.0000', '0.0000', '0.0000', NULL, 1, 0, '0.0000', '0.0000', '0.0000'),
(4416, 'CEFUROXIME 125MG  SYRUP BOTTLE', 0, 1, 30, '1500.0000', '1500.0000', '1500.0000', '1500.0000', NULL, 1, 0, '1500.0000', '0.0000', '1500.0000'),
(4417, 'Coartem Artherjet) Syrup BOTTLE', 0, 1, 28, '650.0000', '650.0000', '650.0000', '650.0000', NULL, 0, 0, '650.0000', '0.0000', '650.0000'),
(4418, 'Coartem (junior) tablet', 0, 1, 28, '100.0000', '100.0000', '100.0000', '100.0000', NULL, 0, 0, '100.0000', '0.0000', '100.0000'),
(4419, 'Floranorm (bioflor) SACHET', 10, 1, 33, '150.0000', '150.0000', '150.0000', '150.0000', NULL, 0, 0, '150.0000', '0.0000', '150.0000'),
(4422, 'fluconazole 150mg (Diflucan) TABS', 0, 1, 37, '2200.0000', '2200.0000', '2200.0000', '2200.0000', NULL, 0, 0, '2200.0000', '0.0000', '2200.0000'),
(4423, 'KLOVINAL (clotri/metronidazole/lacto.b spores vag pess) PESSERIES', 0, 1, 37, '700.0000', '700.0000', '700.0000', '700.0000', '2015-07-01 00:00:00', 0, 1, '700.0000', '0.0000', '700.0000'),
(4424, 'CLEMARIN TUBE', 0, 1, 37, '550.0000', '550.0000', '550.0000', '550.0000', '2014-11-01 00:00:00', 0, 1, '550.0000', '0.0000', '550.0000'),
(4425, 'GLIMEPIRIDE 2MG (AMARYL 2mg)TABS', 0, 1, 44, '1400.0000', '1400.0000', '1400.0000', '1400.0000', '2014-10-01 00:00:00', 0, 1, '1400.0000', '0.0000', '1400.0000'),
(4426, 'GLIMEPIRIDE 1MG TABS', 0, 1, 44, '800.0000', '800.0000', '800.0000', '800.0000', '2014-10-01 00:00:00', 0, 1, '800.0000', '0.0000', '800.0000'),
(4427, 'VITAMOPHEN (IBUPROFEN 200MG)', 0, 1, 27, '250.0000', '250.0000', '250.0000', '250.0000', NULL, 0, 0, '250.0000', '0.0000', '0.0000'),
(4429, 'HUMULIN 70/30 VIAL', 0, 1, 44, '3500.0000', '3500.0000', '3500.0000', '3500.0000', NULL, 0, 0, '3500.0000', '0.0000', '3500.0000'),
(4432, 'IBUPROFEN SYRUP BOTTLES', 13, 1, 27, '300.0000', '300.0000', '300.0000', '300.0000', '2016-09-01 00:00:00', 0, 1, '300.0000', '0.0000', '300.0000'),
(4433, 'CEFTRIAXONE/SULBACTAM 1.5MG (syceph) VIAL', 0, 1, 30, '1000.0000', '1000.0000', '1000.0000', '1000.0000', '2016-12-01 00:00:00', 1, 1, '1000.0000', '0.0000', '1000.0000'),
(4434, 'NOVONORDISK', 0, 1, 44, '2600.0000', '2600.0000', '2600.0000', '2600.0000', '2015-08-05 00:00:00', 0, 1, '2600.0000', '0.0000', '0.0000'),
(4436, 'CHLORAMPHENICOL EYE OINTMENT BOTTLE', 0, 10, 40, '150.0000', '150.0000', '150.0000', '150.0000', NULL, 0, 0, '150.0000', '0.0000', '150.0000'),
(4437, 'ESOMEPRAZOLE 20Mmg & 40mg TABS', 56, 1, 31, '1000.0000', '1000.0000', '1000.0000', '1000.0000', NULL, 0, 0, '1000.0000', '0.0000', '1000.0000'),
(4438, 'NORFLEX100mg TABS 100mg TABS (ORPHENIDRINE 100mgTABS)', 0, 1, 27, '500.0000', '500.0000', '500.0000', '500.0000', NULL, 0, 0, '500.0000', '0.0000', '500.0000'),
(4439, 'KOTASE (CHYMOTRIPSN) TABS', 40, 1, 27, '250.0000', '250.0000', '250.0000', '250.0000', NULL, 0, 0, '250.0000', '0.0000', '250.0000'),
(4440, 'vaginal speculum', 0, 20, 42, '500.0000', '500.0000', '500.0000', '500.0000', NULL, 0, 0, '500.0000', '0.0000', '0.0000'),
(4441, 'GABAPENTIN 300MG/METHYLCOBALAMIN 500 MCG(BIOPENTIN) TABS', 0, 1, 27, '400.0000', '400.0000', '400.0000', '400.0000', '2016-04-20 00:00:00', 0, 1, '400.0000', '0.0000', '400.0000'),
(4442, 'Calamine lotion BOTTLE', 0, 1, 30, '200.0000', '200.0000', '200.0000', '200.0000', NULL, 1, 0, '200.0000', '0.0000', '200.0000'),
(4443, 'Sulphadoxine Pyrimetamine (FANSIDAR) TABS', 0, 30, 28, '150.0000', '150.0000', '150.0000', '150.0000', NULL, 0, 0, '150.0000', '0.0000', '150.0000'),
(4444, 'PEFLOXACIN 400MG TABS', 0, 1, 30, '800.0000', '800.0000', '800.0000', '800.0000', NULL, 0, 0, '800.0000', '0.0000', '800.0000'),
(4445, 'FEGEM TABS', 0, 1, 29, '700.0000', '700.0000', '700.0000', '700.0000', NULL, 0, 0, '700.0000', '0.0000', '700.0000'),
(4446, 'PRAZIQUANTAL 600MG TABS', 50, 1, 45, '100.0000', '100.0000', '100.0000', '100.0000', NULL, 0, 0, '100.0000', '0.0000', '100.0000'),
(4447, 'MEBENDAZOLE 100MG/500MG TABS', 0, 1, 45, '200.0000', '200.0000', '200.0000', '200.0000', NULL, 0, 0, '200.0000', '0.0000', '200.0000'),
(4448, 'SIRDALUD 4MG TABLETS', 0, 1, 27, '2700.0000', '2700.0000', '2700.0000', '2700.0000', NULL, 0, 0, '2700.0000', '0.0000', '2700.0000'),
(4449, 'AMOXICLAVULANIC ACID 228MG/5ML BRANDED (AUGMENTIN) BOTTLE', 4, 1, 30, '1800.0000', '1800.0000', '1800.0000', '1800.0000', NULL, 0, 0, '1800.0000', '1800.0000', '1800.0000'),
(4450, 'CEFUROXIME 250MG (zinnat) tab', 0, 1, 30, '2500.0000', '2500.0000', '2500.0000', '2500.0000', '2016-04-30 00:00:00', 1, 1, '2500.0000', '0.0000', '0.0000'),
(4451, 'GLIMEPIRIDE 4MG (getryl)', 0, 50, 44, '2300.0000', '2300.0000', '2300.0000', '2300.0000', NULL, 0, 0, '2300.0000', '0.0000', '0.0000'),
(4452, 'CEFPODOXIME 50MG SYRUP (TAMBAC) BOTTLE ', 0, 1, 30, '1500.0000', '1500.0000', '1500.0000', '1500.0000', NULL, 1, 0, '1500.0000', '0.0000', '1500.0000'),
(4453, 'NOSPA 40MG INJ AMP', 0, 1, 32, '300.0000', '300.0000', '300.0000', '300.0000', NULL, 0, 0, '300.0000', '0.0000', '300.0000'),
(4454, 'ARTESUNATE AMODIAQUINE 100MG/270MG ADULT', 0, 1, NULL, '500.0000', '500.0000', '500.0000', '500.0000', NULL, 0, 0, '500.0000', '0.0000', '0.0000'),
(4455, 'ARTESUNATE/AMODIAQUINE 100/270mg (CAMOSUNATE)(7-13YRS) TABLETS', 74, 1, 28, '500.0000', '500.0000', '500.0000', '500.0000', NULL, 0, 0, '500.0000', '0.0000', '500.0000'),
(4456, 'SAW PALMETTO EXTRACT (PROSTACARE} POWDER', 0, 1, 47, '2000.0000', '2000.0000', '2000.0000', '2000.0000', NULL, 0, 0, '2000.0000', '0.0000', '2000.0000'),
(4457, 'ADDYZOA TABS', 0, 1, 47, '2200.0000', '2200.0000', '2200.0000', '2200.0000', NULL, 1, 0, '2200.0000', '0.0000', '2200.0000'),
(4458, 'ENHANZ  TABS', 0, 1, 47, '1500.0000', '1500.0000', '1500.0000', '1500.0000', NULL, 0, 0, '1500.0000', '0.0000', '1500.0000'),
(4459, 'GINKGOBILOBA TABS', 0, 1, 47, '1500.0000', '1500.0000', '1500.0000', '1500.0000', NULL, 0, 0, '1500.0000', '0.0000', '1500.0000'),
(4460, 'LIVOLIN CAPS', 0, 1, 47, '1000.0000', '1000.0000', '1000.0000', '1000.0000', NULL, 0, 0, '1000.0000', '0.0000', '1000.0000'),
(4461, 'M2TONE CAPS', 0, 1, 47, '1700.0000', '1700.0000', '1700.0000', '1700.0000', '2016-05-31 00:00:00', 0, 1, '1700.0000', '0.0000', '1700.0000'),
(4462, 'MANIX', 0, 1, 47, '1500.0000', '1500.0000', '1500.0000', '1500.0000', NULL, 1, 0, '1500.0000', '0.0000', '0.0000'),
(4463, 'MARINA 1000 CAPS', 0, 1, 47, '510.0000', '510.0000', '510.0000', '510.0000', NULL, 0, 0, '510.0000', '0.0000', '510.0000'),
(4464, 'PROVIRON CAPS', 0, 1, 47, '1500.0000', '1500.0000', '1500.0000', '1500.0000', NULL, 0, 0, '1500.0000', '0.0000', '1500.0000'),
(4465, 'SILYMARIN 140MG TABS', 0, 1, 47, '1400.0000', '1400.0000', '1400.0000', '1400.0000', NULL, 0, 0, '1400.0000', '0.0000', '1400.0000'),
(4466, 'VIGOMAX CAPS', 0, 1, 47, '1600.0000', '1600.0000', '1600.0000', '1600.0000', NULL, 0, 0, '1600.0000', '0.0000', '1600.0000'),
(4467, 'ZINC GLUCONATE 10MG TABS', 0, 1, 33, '20.0000', '20.0000', '20.0000', '20.0000', NULL, 0, 0, '20.0000', '0.0000', '20.0000'),
(4468, 'ZINC GLUCONATE 20mg', 70, 1, 33, '30.0000', '30.0000', '30.0000', '30.0000', NULL, 0, 0, '30.0000', '0.0000', '30.0000'),
(4469, 'CLOPIDOGREL 75MG TABS', 60, 1, 35, '1800.0000', '1800.0000', '1800.0000', '1800.0000', NULL, 0, 0, '1800.0000', '0.0000', '1800.0000'),
(4470, 'VALSARTAN 80MG (DIOVAN)', 20, 1, 35, '4350.0000', '4350.0000', '4350.0000', '4350.0000', NULL, 0, 0, '4350.0000', '4350.0000', '4350.0000'),
(4471, 'FENOFIBRATE 160MG (COLESTRIM) TABS', 0, 1, 47, '2000.0000', '2000.0000', '2000.0000', '2000.0000', NULL, 0, 0, '2000.0000', '0.0000', '2000.0000'),
(4472, 'ROSUVASTATIN 20MG TABS', 0, 1, 47, '1800.0000', '1800.0000', '1800.0000', '1800.0000', NULL, 0, 0, '1800.0000', '0.0000', '1800.0000'),
(4473, 'ROSUVASTATIN 10MG (AURITZ) TABS', 90, 1, 47, '1500.0000', '1500.0000', '1500.0000', '1500.0000', NULL, 0, 0, '1500.0000', '0.0000', '1500.0000'),
(4474, 'ROSUVASTATIN 5MG TABS', 0, 1, 47, '1300.0000', '1300.0000', '1300.0000', '1300.0000', NULL, 0, 0, '1300.0000', '0.0000', '1300.0000'),
(4475, 'SPIRONOLACTONE 50MG INJ AMP', 0, 1, 35, '1500.0000', '1500.0000', '1500.0000', '1500.0000', NULL, 0, 0, '1500.0000', '0.0000', '1500.0000'),
(4476, 'TETANUS TOXOID AMP', 0, 1, 30, '0.0000', '0.0000', '0.0000', '0.0000', NULL, 0, 0, '0.0000', '0.0000', '0.0000'),
(4477, 'GINSOMIN -EVE CAPS', 0, 1, 29, '1900.0000', '1900.0000', '1900.0000', '1900.0000', NULL, 0, 0, '1900.0000', '0.0000', '1900.0000'),
(4478, 'PULMICORT 0,5MG/ML CANNITERS', 0, 1, 34, '370.0000', '370.0000', '370.0000', '370.0000', NULL, 0, 0, '370.0000', '0.0000', '370.0000'),
(4479, 'SIMVASTATIN 20MG TABS', 0, 1, 47, '2000.0000', '2000.0000', '2000.0000', '2000.0000', NULL, 0, 0, '2000.0000', '0.0000', '2000.0000'),
(4480, 'OMEPRAZOLE 20MG/DOMPE30MG(LIMZER)', 0, 1, 31, '2100.0000', '2100.0000', '2100.0000', '2100.0000', NULL, 1, 0, '2100.0000', '0.0000', '0.0000'),
(4481, 'MAALOX ANTACID SUSPENSION BOTTLE', 0, 1, 31, '800.0000', '800.0000', '800.0000', '800.0000', NULL, 0, 0, '800.0000', '0.0000', '800.0000'),
(4482, 'PREGABALIN 75MG/180MG  LIGABA TABS', 0, 1, 47, '2000.0000', '2000.0000', '2000.0000', '2000.0000', NULL, 0, 0, '2000.0000', '0.0000', '2000.0000'),
(4483, 'BIOBETIC(ALPHA LIPOIC ACID300MG/B12 1500mcg ......... TABS', 0, 1, 47, '2500.0000', '2500.0000', '2500.0000', '2500.0000', '2016-08-31 00:00:00', 1, 1, '2500.0000', '0.0000', '2500.0000'),
(4484, 'SULPRATULE (SOFRAMYCIN)', 0, 1, 42, '1000.0000', '1000.0000', '1000.0000', '1000.0000', NULL, 0, 0, '1000.0000', '0.0000', '0.0000'),
(4485, 'LEVOFLOXACIN INFUSION VIALS', 0, 1, 41, '850.0000', '850.0000', '850.0000', '850.0000', NULL, 0, 0, '850.0000', '0.0000', '850.0000'),
(4486, 'LABETALOL 200MG (LABET) tabs', 0, 1, 35, '2200.0000', '2200.0000', '2200.0000', '2200.0000', NULL, 0, 0, '2200.0000', '0.0000', '2200.0000'),
(4487, 'AMINOPLEX SYRUP BOTTLE', 0, 1, 29, '800.0000', '800.0000', '800.0000', '800.0000', NULL, 1, 0, '800.0000', '0.0000', '800.0000'),
(4488, 'CIPROFLOXACIN EYE DROP PACK', 0, 20, 38, '300.0000', '300.0000', '300.0000', '300.0000', NULL, 1, 0, '300.0000', '0.0000', '300.0000'),
(4489, 'SPIRONOACTONE 50MG TABLETS', 0, 1, 35, '1500.0000', '1500.0000', '1500.0000', '1500.0000', NULL, 0, 0, '1500.0000', '0.0000', '0.0000'),
(4490, 'GESTID SUSP BOTTLE', 17, 5, 31, '360.0000', '360.0000', '360.0000', '360.0000', NULL, 0, 0, '360.0000', '0.0000', '360.0000'),
(4491, 'MICONAZOLE CREAM TUBES', 0, 1, 37, '800.0000', '800.0000', '800.0000', '800.0000', NULL, 0, 0, '800.0000', '0.0000', '800.0000'),
(4492, 'Candesartan 16mg/HCT12.5mg TABS', 0, 1, 35, '2600.0000', '2600.0000', '2600.0000', '2600.0000', '2016-03-31 00:00:00', 1, 1, '2600.0000', '0.0000', '2600.0000'),
(4493, 'insuman combo 70/30 VIAL', 0, 3, 44, '3000.0000', '3000.0000', '3000.0000', '3000.0000', NULL, 0, 0, '3000.0000', '0.0000', '3000.0000'),
(4494, 'tranexamic acid 500mg TABLETS', 0, 1, 27, '800.0000', '800.0000', '800.0000', '800.0000', NULL, 0, 0, '800.0000', '0.0000', '800.0000'),
(4495, 'BIOBETIC CAPS', 0, 1, 29, '13.0000', '13.0000', '13.0000', '13.0000', '2016-08-31 00:00:00', 1, 1, '13.0000', '0.0000', '13.0000'),
(4496, 'ARTEMETER /LUMEFENTRINE 80/480 TABS (COARTEM)', 9, 5, 28, '900.0000', '900.0000', '900.0000', '900.0000', '2017-11-30 00:00:00', 0, 1, '900.0000', '900.0000', '900.0000'),
(4497, 'Artequin Child TABLETS', 0, 5, 28, '900.0000', '900.0000', '900.0000', '900.0000', NULL, 1, 0, '900.0000', '0.0000', '900.0000'),
(4498, 'CEFOTAXIME TABS', 0, 1, 30, '1200.0000', '1200.0000', '1200.0000', '1200.0000', NULL, 1, 0, '1200.0000', '0.0000', '1200.0000'),
(4499, 'Exforge 5/160mg tab', 0, 1, 35, '6400.0000', '6400.0000', '6400.0000', '6400.0000', NULL, 0, 0, '6400.0000', '0.0000', '0.0000'),
(4500, 'Exforge 10/160mg tab', 4, 1, 35, '7600.0000', '7600.0000', '7600.0000', '7600.0000', NULL, 0, 0, '7600.0000', '0.0000', '7600.0000'),
(4501, 'Moxifloxacin 400mg tab (Moxiget)', 0, 1, 30, '1300.0000', '1300.0000', '1300.0000', '1300.0000', NULL, 0, 0, '1300.0000', '0.0000', '0.0000'),
(4502, 'TINIDAZOLE (BATINA) INFUSIO VIAL', 0, 10, 30, '600.0000', '600.0000', '600.0000', '600.0000', NULL, 0, 0, '600.0000', '0.0000', '600.0000'),
(4503, 'cefixime suspension BOTTLE', 0, 10, 30, '1100.0000', '1100.0000', '1100.0000', '1100.0000', NULL, 1, 0, '1100.0000', '0.0000', '1100.0000'),
(4504, 'gynotiococid V- TABLETS', 0, 5, 37, '800.0000', '800.0000', '800.0000', '800.0000', NULL, 0, 0, '800.0000', '0.0000', '800.0000'),
(4505, 'OMEPRAZOLE+ SODIUM BICARBONATE (GETZOME INSTA) TABS', 0, 5, 31, '850.0000', '850.0000', '850.0000', '850.0000', NULL, 0, 0, '850.0000', '0.0000', '850.0000'),
(4506, 'Ceftriaxone/Sulbactam 1g/500mg inj VIAL', 0, 5, 30, '800.0000', '800.0000', '800.0000', '800.0000', NULL, 1, 0, '800.0000', '0.0000', '800.0000'),
(4507, 'CEFTRIAZONE TAZOBACTAM 1G/125MG INJ VIAL', 0, 5, 30, '1500.0000', '1500.0000', '1500.0000', '1500.0000', NULL, 1, 0, '1500.0000', '0.0000', '1500.0000'),
(4508, 'Metformin 5oomg tab', 1570, 1, 44, '0.0000', '0.0000', '0.0000', '0.0000', NULL, 0, 0, '0.0000', '0.0000', '0.0000'),
(4509, 'NORGESIC (ORPHENADINE + PCM) 35mg + 500mg TABS', 300, 1, 27, '800.0000', '800.0000', '800.0000', '800.0000', NULL, 0, 0, '800.0000', '0.0000', '800.0000'),
(4510, 'PENTAZOCINE 30mg INJECTION (FORTWIN) AMP', 20, 1, 27, '250.0000', '250.0000', '250.0000', '250.0000', NULL, 0, 0, '250.0000', '0.0000', '250.0000'),
(4511, 'SYNRIAM (ARTEROLANE MALEATE & PIPERAQUINE)', 87, 1, 28, '0.0000', '0.0000', '0.0000', '0.0000', NULL, 0, 0, '0.0000', '0.0000', '0.0000'),
(4512, 'HYOSCINE N BUTY ROMIDE 10mg TABLET', 490, 1, 32, '100.0000', '100.0000', '100.0000', '100.0000', NULL, 0, 0, '100.0000', '0.0000', '100.0000'),
(4513, 'CAP LINEX', 1, 1, 33, '0.0000', '0.0000', '0.0000', '0.0000', NULL, 1, 0, '0.0000', '0.0000', '0.0000'),
(4514, 'BISOPRILOL 5mg ', 0, 1, 35, '500.0000', '500.0000', '500.0000', '500.0000', NULL, 0, 0, '500.0000', '500.0000', '500.0000'),
(4515, 'BISOPRILOL 10mg ', 0, 1, 35, '500.0000', '500.0000', '500.0000', '500.0000', NULL, 0, 0, '500.0000', '500.0000', '500.0000'),
(4516, 'VALSARTAN 80 (DIOVAN)', 90, 1, 35, '0.0000', '0.0000', '0.0000', '0.0000', NULL, 0, 0, '0.0000', '0.0000', '0.0000'),
(4517, 'VALSARTAN 160 (DIOVAN)', 1, 1, 35, '0.0000', '0.0000', '0.0000', '0.0000', NULL, 0, 0, '0.0000', '0.0000', '0.0000'),
(4518, 'FUNBACT A CREAM', 24, 1, 37, '0.0000', '0.0000', '0.0000', '0.0000', NULL, 0, 0, '0.0000', '0.0000', '0.0000'),
(4519, 'ENDIX G CREAM TUBE', 38, 1, 37, '0.0000', '0.0000', '0.0000', '0.0000', NULL, 0, 0, '0.0000', '0.0000', '0.0000'),
(4520, 'HYDROCORTISOM CREAAM TUBE', 10, 1, 37, '0.0000', '0.0000', '0.0000', '0.0000', NULL, 0, 0, '0.0000', '0.0000', '0.0000'),
(4521, 'ASCOREX SYRUP BOTTLE', 0, 1, 39, '0.0000', '0.0000', '0.0000', '0.0000', NULL, 1, 0, '0.0000', '0.0000', '0.0000'),
(4522, 'BETADRONE GUTT', 1, 1, 40, '0.0000', '0.0000', '0.0000', '0.0000', NULL, 1, 0, '0.0000', '0.0000', '0.0000'),
(4523, 'DICLOFENAC', 1000, 1, 40, '0.0000', '0.0000', '0.0000', '0.0000', NULL, 0, 0, '0.0000', '0.0000', '0.0000'),
(4524, 'WOODEN SPATULA', 1, 1, 42, '0.0000', '0.0000', '0.0000', '0.0000', NULL, 0, 0, '0.0000', '0.0000', '0.0000'),
(4525, 'PASTER STIRP', 1, 1, 42, '0.0000', '0.0000', '0.0000', '0.0000', NULL, 0, 0, '0.0000', '0.0000', '0.0000'),
(4526, 'MENTHYLATED SPIRIT SAVLON', 13, 1, 42, '0.0000', '0.0000', '0.0000', '0.0000', NULL, 0, 0, '0.0000', '0.0000', '0.0000'),
(4527, 'CHRAMIC SUTURES', 1, 1, 42, '0.0000', '0.0000', '0.0000', '0.0000', NULL, 0, 0, '0.0000', '0.0000', '0.0000'),
(4528, 'VICRYL SUTURES', 1, 1, 42, '0.0000', '0.0000', '0.0000', '0.0000', NULL, 0, 0, '0.0000', '0.0000', '0.0000'),
(4529, 'GENTIAN VOILET', 5, 1, 42, '0.0000', '0.0000', '0.0000', '0.0000', NULL, 0, 0, '0.0000', '0.0000', '0.0000'),
(4530, 'SINGLE NEEDLES (BLUE, GREEN, YELLOW)', 1, 1, 42, '0.0000', '0.0000', '0.0000', '0.0000', NULL, 0, 0, '0.0000', '0.0000', '0.0000'),
(4531, 'GOLVUS MET 50/500MG TABS', 1, 1, 44, '0.0000', '0.0000', '0.0000', '0.0000', NULL, 0, 0, '0.0000', '0.0000', '0.0000'),
(4532, 'GOLVUS MET 50/850MG TABS', 1, 1, 44, '0.0000', '0.0000', '0.0000', '0.0000', NULL, 0, 0, '0.0000', '0.0000', '0.0000'),
(4533, 'GOLVUS MET 50/1000MG TABS', 1, 1, 44, '0.0000', '0.0000', '0.0000', '0.0000', NULL, 0, 0, '0.0000', '5000.0000', '5000.0000'),
(4534, 'PYRANTRIN TABS', 300, 1, 45, '0.0000', '0.0000', '0.0000', '0.0000', NULL, 0, 0, '0.0000', '0.0000', '4000.0000'),
(4535, 'SYLIBON 140mg CAPS', 1, 1, 47, '0.0000', '0.0000', '0.0000', '0.0000', NULL, 0, 0, '0.0000', '0.0000', '0.0000'),
(4536, 'NITROFURANTOIN 100mg', 1100, 30, 30, '1.0000', '1.0000', '1.0000', '1.0000', NULL, 0, 0, '1.0000', '1.0000', '1.0000'),
(4537, 'ODIZAT(Amlodipine 10mg Valsartan 160mg', 300, 1, 35, '1.0000', '1.0000', '1.0000', '1.0000', NULL, 0, 0, '1.0000', '1.0000', '1.0000'),
(4538, 'VALSARTAN HYDROCHLOROTHIAZIDE 80mg/12.5mg(CODIOVAN)', 0, 1, 35, '1.0000', '1.0000', '1.0000', '1.0000', NULL, 0, 0, '1.0000', '1.0000', '1.0000'),
(4539, 'COAXIN (DIHYDROARTEMISININ + PIPERAQUINE PHOSPHATE', 84, 1, 28, '1.0000', '1.0000', '1.0000', '1.0000', NULL, 0, 0, '1.0000', '1.0000', '1.0000'),
(4540, 'PARANAC (Diclofenac potassium 50mg + paracetamol 500mg)', -6, 1, 27, '1.0000', '1.0000', '1.0000', '1.0000', NULL, 0, 0, '1.0000', '1.0000', '1.0000'),
(4541, 'ARTENIF (ARTEMETHER LUMEFANTRIN)', 4995, 1, 28, '1.0000', '1.0000', '1.0000', '1.0000', NULL, 0, 0, '1.0000', '1.0000', '1.0000');

-- --------------------------------------------------------

--
-- Table structure for table `duty_timings`
--

CREATE TABLE `duty_timings` (
  `id` int(11) NOT NULL,
  `user_id` int(11) NOT NULL,
  `time_in` varchar(20) NOT NULL,
  `time_out` varchar(20) NOT NULL,
  `day_of_week` varchar(20) NOT NULL,
  `date_added` datetime NOT NULL DEFAULT current_timestamp()
) ENGINE=InnoDB DEFAULT CHARSET=utf8mb4;

-- --------------------------------------------------------

--
-- Table structure for table `employee_types`
--

CREATE TABLE `employee_types` (
  `id` int(11) NOT NULL,
  `employee_type` varchar(50) NOT NULL,
  `date_added` datetime NOT NULL DEFAULT current_timestamp()
) ENGINE=InnoDB DEFAULT CHARSET=utf8mb4;

-- --------------------------------------------------------

--
-- Table structure for table `enrollee_type`
--

CREATE TABLE `enrollee_type` (
  `id` int(11) NOT NULL,
  `enrollee_type_name` varchar(150) COLLATE utf8_bin DEFAULT NULL
) ENGINE=InnoDB DEFAULT CHARSET=utf8 COLLATE=utf8_bin;

--
-- Dumping data for table `enrollee_type`
--

INSERT INTO `enrollee_type` (`id`, `enrollee_type_name`) VALUES
(1, 'Principal'),
(2, 'Spouse'),
(3, 'Child'),
(4, 'Others');

-- --------------------------------------------------------

--
-- Table structure for table `eye_clinics`
--

CREATE TABLE `eye_clinics` (
  `id` int(10) NOT NULL,
  `appointment_id` int(10) NOT NULL,
  `patient_id` int(10) NOT NULL,
  `doctor_id` int(10) NOT NULL,
  `vital_id` int(10) NOT NULL,
  `complaint` text NOT NULL,
  `presenting_complaint` text NOT NULL,
  `past_medical_history` text NOT NULL,
  `opthalmic_history` text NOT NULL,
  `family_hx` text NOT NULL,
  `VA` text NOT NULL,
  `IOP` text NOT NULL,
  `result` text NOT NULL,
  `refraction` text NOT NULL,
  `external_examination` text NOT NULL,
  `ophthalmoscopy` text NOT NULL,
  `diagosis` text NOT NULL,
  `slt_lamp` text NOT NULL,
  `date_added` timestamp NOT NULL DEFAULT current_timestamp()
) ENGINE=InnoDB DEFAULT CHARSET=utf8mb4;

-- --------------------------------------------------------

--
-- Table structure for table `general_settings`
--

CREATE TABLE `general_settings` (
  `id` int(11) NOT NULL,
  `hospital_name` varchar(50) NOT NULL,
  `reg_num` varchar(20) NOT NULL,
  `year_of_establishment` varchar(20) NOT NULL,
  `contact_number` varchar(20) NOT NULL,
  `email` varchar(20) NOT NULL,
  `website` varchar(50) NOT NULL,
  `state` varchar(20) NOT NULL,
  `contact_person` varchar(50) NOT NULL,
  `contact_person_address` varchar(50) NOT NULL,
  `promoted_by` varchar(50) NOT NULL,
  `photo` varchar(200) NOT NULL,
  `date_added` datetime NOT NULL DEFAULT current_timestamp()
) ENGINE=InnoDB DEFAULT CHARSET=utf8mb4;

-- --------------------------------------------------------

--
-- Table structure for table `handover_notes`
--

CREATE TABLE `handover_notes` (
  `id` int(11) NOT NULL,
  `staff_id` int(11) NOT NULL,
  `period` varchar(50) NOT NULL,
  `handover_note` text NOT NULL,
  `date_created` datetime NOT NULL DEFAULT current_timestamp()
) ENGINE=InnoDB DEFAULT CHARSET=utf8mb4;

-- --------------------------------------------------------

--
-- Table structure for table `issue_medicine`
--

CREATE TABLE `issue_medicine` (
  `id` int(11) NOT NULL,
  `patient_id` int(11) NOT NULL,
  `item_id` int(11) NOT NULL,
  `date_added` datetime NOT NULL DEFAULT current_timestamp()
) ENGINE=InnoDB DEFAULT CHARSET=utf8mb4;

-- --------------------------------------------------------

--
-- Table structure for table `items`
--

CREATE TABLE `items` (
  `id` int(11) NOT NULL,
  `vendor_id` int(11) NOT NULL,
  `vendor_category_id` int(11) NOT NULL,
  `item_name` varchar(200) NOT NULL,
  `quantity` varchar(10) NOT NULL,
  `reorder_level` varchar(10) NOT NULL,
  `item_fee` varchar(10) NOT NULL,
  `maximum_retail_price` varchar(10) NOT NULL,
  `discount_rate` varchar(10) NOT NULL,
  `date_added` datetime NOT NULL DEFAULT current_timestamp()
) ENGINE=InnoDB DEFAULT CHARSET=utf8mb4;

-- --------------------------------------------------------

--
-- Table structure for table `lab_group`
--

CREATE TABLE `lab_group` (
  `id` int(11) NOT NULL,
  `lab_group_name` varchar(30) COLLATE utf8_bin DEFAULT NULL
) ENGINE=InnoDB DEFAULT CHARSET=utf8 COLLATE=utf8_bin;

--
-- Dumping data for table `lab_group`
--

INSERT INTO `lab_group` (`id`, `lab_group_name`) VALUES
(1, 'Chemical Pathology'),
(2, 'Hematology/Blood Bank'),
(4, 'Hormone'),
(5, 'Microbiology/Parasitology'),
(8, 'Serology');

-- --------------------------------------------------------

--
-- Table structure for table `lab_requests`
--

CREATE TABLE `lab_requests` (
  `id` int(11) NOT NULL,
  `patient_id` int(11) NOT NULL,
  `appointment_id` int(11) NOT NULL,
  `vital_id` int(11) NOT NULL,
  `doctor_id` int(11) NOT NULL,
  `sender_id` int(10) NOT NULL,
  `status` enum('Pending','Specimen','Treated','Review','Incomplete') NOT NULL DEFAULT 'Pending',
  `lab_test_id` int(11) NOT NULL,
  `lab_test_unique_id` int(11) NOT NULL,
  `diagnosis` text NOT NULL,
  `collect_sample` varchar(50) DEFAULT NULL,
  `sample_type` int(11) DEFAULT NULL,
  `result` text NOT NULL,
  `special_instuction` text DEFAULT NULL,
  `date_created` datetime NOT NULL DEFAULT current_timestamp()
) ENGINE=InnoDB DEFAULT CHARSET=utf8mb4;

--
-- Dumping data for table `lab_requests`
--

INSERT INTO `lab_requests` (`id`, `patient_id`, `appointment_id`, `vital_id`, `doctor_id`, `sender_id`, `status`, `lab_test_id`, `lab_test_unique_id`, `diagnosis`, `collect_sample`, `sample_type`, `result`, `special_instuction`, `date_created`) VALUES
(1, 30, 1, 19, 16, 1, 'Pending', 3468, 125, '', NULL, NULL, '', NULL, '2021-07-11 21:45:37'),
(2, 30, 1, 19, 16, 1, 'Pending', 3468, 371, '', NULL, NULL, '', NULL, '2021-07-11 21:45:37'),
(3, 30, 1, 19, 16, 1, 'Pending', 3468, 370, '', NULL, NULL, '', NULL, '2021-07-11 21:45:37');

-- --------------------------------------------------------

--
-- Table structure for table `lab_specimens`
--

CREATE TABLE `lab_specimens` (
  `id` int(11) NOT NULL,
  `specimen_name` varchar(30) COLLATE utf8_bin DEFAULT NULL
) ENGINE=InnoDB DEFAULT CHARSET=utf8 COLLATE=utf8_bin;

--
-- Dumping data for table `lab_specimens`
--

INSERT INTO `lab_specimens` (`id`, `specimen_name`) VALUES
(69, 'Blood'),
(70, 'Urine'),
(71, 'HVS'),
(72, 'Swab'),
(73, 'Stool'),
(74, 'Sputum'),
(76, 'Semen'),
(77, 'Skin Snip');

-- --------------------------------------------------------

--
-- Table structure for table `lab_tests`
--

CREATE TABLE `lab_tests` (
  `id` int(11) NOT NULL,
  `lab_test_name` varchar(100) COLLATE utf8_bin DEFAULT NULL,
  `range_value` varchar(250) COLLATE utf8_bin DEFAULT NULL,
  `measure` varchar(50) COLLATE utf8_bin DEFAULT NULL,
  `lab_group_id` int(11) DEFAULT 0,
  `has_subgroup` enum('Yes','No') COLLATE utf8_bin NOT NULL DEFAULT 'No',
  `Parent` int(11) DEFAULT 0,
  `RVTag` varchar(3) COLLATE utf8_bin DEFAULT NULL,
  `RVLowVal1` decimal(18,2) DEFAULT 0.00,
  `RVHighVal1` decimal(18,2) DEFAULT 0.00,
  `RVLowVal2` decimal(18,2) DEFAULT 0.00,
  `RVHighVal2` decimal(18,2) DEFAULT 0.00,
  `Discontinued` tinyint(1) DEFAULT 0,
  `Notes` longtext COLLATE utf8_bin DEFAULT NULL,
  `entryBy` varchar(50) COLLATE utf8_bin DEFAULT NULL,
  `cost` varchar(20) COLLATE utf8_bin NOT NULL
) ENGINE=InnoDB DEFAULT CHARSET=utf8 COLLATE=utf8_bin;

--
-- Dumping data for table `lab_tests`
--

INSERT INTO `lab_tests` (`id`, `lab_test_name`, `range_value`, `measure`, `lab_group_id`, `has_subgroup`, `Parent`, `RVTag`, `RVLowVal1`, `RVHighVal1`, `RVLowVal2`, `RVHighVal2`, `Discontinued`, `Notes`, `entryBy`, `cost`) VALUES
(2, 'HB', 'Male:(13 - 18), Female:(12 - 15) ', 'g/dl', 2, 'No', 0, 'MF', '13.00', '18.00', '12.00', '15.00', 0, '{\\rtf1\\ansi\\ansicpg1252\\deff0\\deflang1033{\\fonttbl{\\f0\\fnil\\fcharset0 Tahoma;}}\r\n\\viewkind4\\uc1\\pard\\f0\\fs18 \r\n\\par }\r\n', NULL, '5000'),
(10, 'SICKLING TEST', '', '', 2, 'No', 0, '', NULL, NULL, NULL, NULL, 0, NULL, NULL, '5000'),
(12, 'BLOOD GROUP', '', '', 2, 'No', 313, '', NULL, NULL, NULL, NULL, 0, NULL, NULL, '5000'),
(13, 'BLEEDING TIME (BT)', 'Normal:(2 - 7) ', 'Mins', 2, 'No', 0, 'NA', '2.00', '7.00', NULL, NULL, 0, '{\\rtf1\\ansi\\ansicpg1252\\deff0\\deflang1033{\\fonttbl{\\f0\\fnil\\fcharset0 Tahoma;}}\r\n\\viewkind4\\uc1\\pard\\f0\\fs18 \r\n\\par }\r\n', NULL, '5000'),
(14, 'CLOTTING TIME (CT)', 'Normal:(4 - 10) ', 'Mins', 2, 'No', 0, 'NA', '4.00', '10.00', NULL, NULL, 0, '{\\rtf1\\ansi\\ansicpg1252\\deff0\\deflang1033{\\fonttbl{\\f0\\fnil\\fcharset0 Tahoma;}}\r\n\\viewkind4\\uc1\\pard\\f0\\fs18 \r\n\\par }\r\n', NULL, '5000'),
(17, 'MICROFILARIA (MF)', '', '', 2, 'No', 0, '', NULL, NULL, NULL, NULL, 0, NULL, NULL, '5000'),
(18, 'GROUPING & CROSSMATCHING', '', '', 2, 'Yes', 0, 'NA', '0.00', '0.00', NULL, NULL, 0, '{\\rtf1\\ansi\\ansicpg1252\\deff0\\deflang1033{\\fonttbl{\\f0\\fnil\\fcharset0 Tahoma;}}\r\n\\viewkind4\\uc1\\pard\\f0\\fs18 \r\n\\par }\r\n', NULL, '5000'),
(28, 'FASTING BLOOD SUGAR (FBS)', 'Normal:(2.5 - 6.5) ', 'mmol/l', 1, 'No', 0, 'NA', '65.00', '110.00', NULL, NULL, 0, '{\\rtf1\\ansi\\ansicpg1252\\deff0\\deflang1033{\\fonttbl{\\f0\\fnil\\fcharset0 Tahoma;}}\r\n\\viewkind4\\uc1\\pard\\f0\\fs18 \r\n\\par }\r\n', NULL, '5000'),
(29, 'RANDOM BLOOD SUGAR (RBS)', 'Normal:(3.0 - 8.3) ', 'mmol/l', 1, 'No', 0, 'NA', '65.00', '140.00', NULL, NULL, 0, '', NULL, '5000'),
(32, 'POTASSIUM K+', 'Normal:(3.5 - 5) ', 'mg/L', 1, 'No', 0, 'NA', '3.50', '5.00', NULL, NULL, 0, '{\\rtf1\\ansi\\ansicpg1252\\deff0\\deflang1033{\\fonttbl{\\f0\\fnil\\fcharset0 Tahoma;}}\r\n\\viewkind4\\uc1\\pard\\f0\\fs18 \r\n\\par }\r\n', NULL, '5000'),
(33, 'CHLORIDE CL', 'Normal:(95 - 105) ', 'mmol/L', 1, 'No', 0, 'NA', '95.00', '105.00', NULL, NULL, 0, '{\\rtf1\\ansi\\ansicpg1252\\deff0\\deflang1033{\\fonttbl{\\f0\\fnil\\fcharset0 Tahoma;}}\r\n\\viewkind4\\uc1\\pard\\f0\\fs18 \r\n\\par }\r\n', NULL, '5000'),
(35, 'CALCIUM Ca2+', 'Normal:(8.1 - 10.4) ', 'mg/dl', 1, 'No', 0, 'NA', '8.10', '10.40', NULL, NULL, 0, '{\\rtf1\\ansi\\ansicpg1252\\deff0\\deflang1033{\\fonttbl{\\f0\\fnil\\fcharset0 Tahoma;}}\r\n\\viewkind4\\uc1\\pard\\f0\\fs18 \r\n\\par }\r\n', NULL, '5000'),
(40, 'ELECTROLYTES', '', '', 1, 'Yes', 0, '', NULL, NULL, NULL, NULL, 0, '', NULL, '5000'),
(43, 'LIVER FUNCTION TEST (LFT)', '', '', 1, 'Yes', 0, '', NULL, NULL, NULL, NULL, 0, '', NULL, '5000'),
(55, 'GGT', 'Normal:(6 - 50) ', 'U/l', 1, 'No', 0, 'NA', '6.00', '50.00', NULL, NULL, 0, '{\\rtf1\\ansi\\ansicpg1252\\deff0\\deflang1033{\\fonttbl{\\f0\\fnil\\fcharset0 Tahoma;}}\r\n\\viewkind4\\uc1\\pard\\f0\\fs18 \r\n\\par }\r\n', NULL, '5000'),
(66, 'URINE M/C/S', '', '', 5, 'Yes', 0, '', NULL, NULL, NULL, NULL, 0, NULL, NULL, '5000'),
(68, 'HVS M/C/S', '', '', 5, 'Yes', 0, '', NULL, NULL, NULL, NULL, 0, NULL, NULL, '5000'),
(69, 'ENDOCERVICAL SWAB (ECS) M/C/S', '', '', 5, 'Yes', 0, '', NULL, NULL, NULL, NULL, 0, NULL, NULL, '5000'),
(70, 'URETHRAL SWAB (US) M/C/S', '', '', 5, 'Yes', 0, '', NULL, NULL, NULL, NULL, 0, NULL, NULL, '5000'),
(71, 'WOUND SWAB M/C/S', '', '', 5, 'Yes', 0, '', NULL, NULL, NULL, NULL, 0, NULL, NULL, '5000'),
(72, 'THROAT SWAB M/C/S', '', '', 5, 'Yes', 0, '', NULL, NULL, NULL, NULL, 0, NULL, NULL, '5000'),
(73, 'EAR SWAB M/C/S', '', '', 5, 'Yes', 0, '', NULL, NULL, NULL, NULL, 0, NULL, NULL, '5000'),
(76, 'SEMEN ANALYSIS', '', '', 5, 'Yes', 0, '', NULL, NULL, NULL, NULL, 0, NULL, NULL, '5000'),
(77, 'SEMEN Analysis/M/C/S', '', '', 5, 'Yes', 0, '', NULL, NULL, NULL, NULL, 0, NULL, NULL, '5000'),
(79, 'CSF ANALYSIS, M/C/S', '', '', 5, 'Yes', 0, '', NULL, NULL, NULL, NULL, 0, NULL, NULL, '5000'),
(80, 'BLOOD CULTURE', '', '', 5, 'Yes', 0, '', NULL, NULL, NULL, NULL, 0, NULL, NULL, '5000'),
(83, 'OCCULT  BLOOD', '', '', 5, 'No', 0, '', NULL, NULL, NULL, NULL, 0, NULL, NULL, '5000'),
(86, 'WIDAL', '', '', 5, 'Yes', 0, '', NULL, NULL, NULL, NULL, 0, '{\\rtf1\\ansi\\ansicpg1252\\deff0\\deflang1033{\\fonttbl{\\f0\\fnil\\fcharset0 Tahoma;}}\r\n\\viewkind4\\uc1\\pard\\f0\\fs18 \r\n\\par }\r\n', NULL, '5000'),
(87, 'SKIN SNIP', '', '', 5, 'Yes', 0, '', NULL, NULL, NULL, NULL, 0, NULL, NULL, '5000'),
(88, 'RHEUMATOID FACTOR (RAPID)', '', '', 5, 'No', 0, '', NULL, NULL, NULL, NULL, 0, NULL, NULL, '5000'),
(89, 'MANTOUX TEST', '', '', 5, 'No', 0, '', NULL, NULL, NULL, NULL, 0, NULL, NULL, '5000'),
(98, 'T.B. SEROLOGY', '', '', 5, 'No', 0, '', NULL, NULL, NULL, NULL, 0, NULL, NULL, '5000'),
(103, 'FSH ', 'Normal:(1.2 - 19.3) ', 'MIU/ML', 4, 'No', NULL, '', NULL, NULL, NULL, NULL, 0, '{\\rtf1\\ansi\\ansicpg1252\\deff0\\deflang1033{\\fonttbl{\\f0\\fnil\\fcharset0 Tahoma;}}\r\n\\viewkind4\\uc1\\pard\\f0\\fs18 \r\n\\par }\r\n', NULL, '5000'),
(104, 'LH ', 'Normal:(0.5 - 76.0) ', 'MIU/ML', 4, 'No', NULL, '', NULL, NULL, NULL, NULL, 0, '{\\rtf1\\ansi\\ansicpg1252\\deff0\\deflang1033{\\fonttbl{\\f0\\fnil\\fcharset0 Tahoma;}}\r\n\\viewkind4\\uc1\\pard\\f0\\fs18 \r\n\\par }\r\n', NULL, '5000'),
(106, 'PROGESTERONE ', '', '', 4, 'No', 0, '', NULL, NULL, NULL, NULL, 0, NULL, NULL, '5000'),
(107, 'PROLACTIN', 'Normal:(2.1 - 29.2) ', 'ng/ml', 4, 'No', 0, 'NA', '5.00', '25.00', NULL, NULL, 0, '{\\rtf1\\ansi\\ansicpg1252\\deff0\\deflang1033{\\fonttbl{\\f0\\fnil\\fcharset0 Tahoma;}}\r\n\\viewkind4\\uc1\\pard\\f0\\fs18 \r\n\\par }\r\n', NULL, '5000'),
(108, 'TESTOSTERONE', '', '', 4, 'No', 0, '', NULL, NULL, NULL, NULL, 0, NULL, NULL, '5000'),
(109, 'ESTROGEN/ESTRADIOL', '', '', 4, 'No', NULL, '', NULL, NULL, NULL, NULL, 0, '', NULL, '5000'),
(125, 'FULL BLOOD COUNT', '', '', 2, 'Yes', 0, '', NULL, NULL, NULL, NULL, 0, '', NULL, '5000'),
(129, 'CD4 Lymphocyte Count %', 'Normal:(450 - 1870) ', 'Cells/ul', 2, 'No', 0, 'NA', '450.00', '1870.00', NULL, NULL, 0, '{\\rtf1\\ansi\\ansicpg1252\\deff0\\deflang1033{\\fonttbl{\\f0\\fnil\\fcharset0 Tahoma;}}\r\n\\viewkind4\\uc1\\pard\\f0\\fs18 \r\n\\par }\r\n', NULL, '5000'),
(143, 'SPUTUM AFBx3', '', '', 5, 'Yes', 0, '', NULL, NULL, NULL, NULL, 0, NULL, NULL, '5000'),
(144, 'ASPIRATE/EFFUSIONS M/C/S', '', '', 5, 'Yes', 0, '', NULL, NULL, NULL, NULL, 0, NULL, NULL, '5000'),
(155, 'EYE SWAB M/C/S', '', '', 5, 'Yes', 0, '', NULL, NULL, NULL, NULL, 0, NULL, NULL, '5000'),
(157, 'SKIN  SCRAPPING  FOR   MYCOLOGY(KOH Mount)', '', '', 5, 'Yes', 0, '', NULL, NULL, NULL, NULL, 0, NULL, NULL, '5000'),
(158, 'SEMEN  M/C/S', '', '', 5, 'Yes', 0, '', NULL, NULL, NULL, NULL, 0, NULL, NULL, '5000'),
(163, 'NASAL  SWAB  M/C/S', '', '', 5, 'Yes', 0, '', NULL, NULL, NULL, NULL, 0, NULL, NULL, '5000'),
(181, 'CATHETER  TIP M/C/S', '', '', 5, 'Yes', 0, '', NULL, NULL, NULL, NULL, 0, NULL, NULL, '5000'),
(187, 'C - REACTIVE  PROTEIN  ( CRP )', NULL, NULL, 0, 'No', 0, NULL, NULL, NULL, NULL, NULL, 0, NULL, NULL, '5000'),
(189, 'ASPIRATE  FOR  AFB', '', '', 5, 'Yes', 0, '', NULL, NULL, NULL, NULL, 0, NULL, NULL, '5000'),
(191, 'COOMBS TEST ( DIRECT)', '', '', 2, 'No', 0, '', NULL, NULL, NULL, NULL, 0, NULL, NULL, '5000'),
(195, 'SERUM  GLOBULIN', '(2.1 - 3.5)', 'g/dl', NULL, 'No', 0, 'NA', '2.10', '3.50', NULL, NULL, 0, NULL, NULL, '5000'),
(198, 'CONJUGATED  BILIRUBIN', '(0 - 0.5)', 'mg/dl', NULL, 'No', 0, 'NA', '0.00', '0.50', NULL, NULL, 0, NULL, NULL, '5000'),
(202, '2 Hours  Post  Prandial (2HPP)', '(0 - 140)', 'mg/dl', NULL, 'No', 0, 'NA', '0.00', '140.00', NULL, NULL, 0, NULL, NULL, '5000'),
(211, 'HCV', '', NULL, NULL, 'No', 257, '0', NULL, NULL, NULL, NULL, 0, NULL, NULL, '5000'),
(212, 'MALARIA PARASITE', '', '', 5, 'No', 0, '', '0.00', '0.00', NULL, NULL, 0, '{\\rtf1\\ansi\\ansicpg1252\\deff0\\deflang1033{\\fonttbl{\\f0\\fnil\\fcharset0 Tahoma;}}\r\n\\viewkind4\\uc1\\pard\\f0\\fs18 \r\n\\par }\r\n', NULL, '5000'),
(221, 'COOMBS TEST( INDIRECT)', '', NULL, NULL, 'No', 0, '0', NULL, NULL, NULL, NULL, 0, NULL, NULL, '5000'),
(222, 'COOMBS TEST( DIRECT & INDIRECT)', '', NULL, NULL, 'No', 0, '0', NULL, NULL, NULL, NULL, 0, NULL, NULL, '5000'),
(223, 'COOMBS TEST( INDIRECT)', '', NULL, NULL, 'No', 0, '0', NULL, NULL, NULL, NULL, 0, NULL, NULL, '5000'),
(224, 'COOMBS TEST (INDIRECT)', '', '', 2, 'No', 0, '', NULL, NULL, NULL, NULL, 0, NULL, NULL, '5000'),
(236, 'ESR', 'Normal:(0 - 20) ', 'mm/Hr', 2, 'No', 0, 'NA', '0.00', '20.00', '0.00', '20.00', 0, '{\\rtf1\\ansi\\ansicpg1252\\deff0\\deflang1033{\\fonttbl{\\f0\\fnil\\fcharset0 Tahoma;}}\r\n\\viewkind4\\uc1\\pard\\f0\\fs18 \r\n\\par }\r\n', NULL, '5000'),
(237, 'OCCULT BLOOD', '', NULL, NULL, 'No', 0, '0', NULL, NULL, NULL, NULL, 0, NULL, NULL, '5000'),
(238, 'PAP SMEAR', '', '', 3, 'No', 0, '', NULL, NULL, NULL, NULL, 1, NULL, NULL, '5000'),
(244, 'GENOTYPE', '', '', 2, 'No', 0, '', '0.00', '0.00', NULL, NULL, 0, NULL, NULL, '5000'),
(245, 'PLATELET COUNT', 'Normal:(150 - 400) ', 'x10^3/ul', 2, 'No', 0, 'NA', '150.00', '400.00', NULL, NULL, 0, '{\\rtf1\\ansi\\ansicpg1252\\deff0\\deflang1033{\\fonttbl{\\f0\\fnil\\fcharset0 Tahoma;}}\r\n\\viewkind4\\uc1\\pard\\f0\\fs18 \r\n\\par }\r\n', NULL, '5000'),
(246, 'URINALYSIS', '', '', 1, 'Yes', 0, '', NULL, NULL, NULL, NULL, 0, '{\\rtf1\\ansi\\ansicpg1252\\deff0\\deflang1033{\\fonttbl{\\f0\\fnil\\fcharset0 Tahoma;}}\r\n\\viewkind4\\uc1\\pard\\f0\\fs18 \r\n\\par }\r\n', NULL, '5000'),
(259, 'PCV', 'Male:(40 - 54), Female:(35 - 45) ', '%', 2, 'No', 313, 'MF', '40.00', '54.00', '35.00', '45.00', 0, '{\\rtf1\\ansi\\ansicpg1252\\deff0\\deflang1033{\\fonttbl{\\f0\\fnil\\fcharset0 Tahoma;}}\r\n\\viewkind4\\uc1\\pard\\f0\\fs18 \r\n\\par }\r\n', NULL, '5000'),
(262, 'URIC ACID', 'Normal:(2.6 - 7.2) ', 'mg/dl', 1, 'No', 0, 'NA', '3.00', '8.20', NULL, NULL, 0, '{\\rtf1\\ansi\\ansicpg1252\\deff0\\deflang1033{\\fonttbl{\\f0\\fnil\\fcharset0 Tahoma;}}\r\n\\viewkind4\\uc1\\pard\\f0\\fs18 \r\n\\par }\r\n', NULL, '5000'),
(269, 'TOTAL BILIRUBIN', 'Normal:(0.1 - 1) ', 'mg/dl', 1, 'No', 43, 'NA', '0.10', '1.00', '0.00', '205.00', 0, '{\\rtf1\\ansi\\ansicpg1252\\deff0\\deflang1033{\\fonttbl{\\f0\\fnil\\fcharset0 Tahoma;}}\r\n\\viewkind4\\uc1\\pard\\f0\\fs18 \r\n\\par }\r\n', NULL, '5000'),
(270, 'KIDNEY FUNCTION TEST', 'Normal:(0 - 1.3) ', 'mg/dl', 1, 'No', 43, 'NA', '0.00', '0.30', '0.00', '0.00', 0, '{\\rtf1\\ansi\\ansicpg1252\\deff0\\deflang1033{\\fonttbl{\\f0\\fnil\\fcharset0 Tahoma;}}\r\n\\viewkind4\\uc1\\pard\\f0\\fs18 \r\n\\par }\r\n', NULL, '5000'),
(272, 'SGPT ', 'Normal:(8 - 40) ', 'U/L', 1, 'Yes', 43, 'NA', '8.00', '40.00', NULL, NULL, 0, '{\\rtf1\\ansi\\ansicpg1252\\deff0\\deflang1033{\\fonttbl{\\f0\\fnil\\fcharset0 Tahoma;}}\r\n\\viewkind4\\uc1\\pard\\f0\\fs18 \r\n\\par }\r\n', NULL, '5000'),
(273, 'ALKALINE PHOSPHATASE', 'Normal:(45 - 129) ', 'U/L', 1, 'No', 43, 'NA', '45.00', '129.00', NULL, NULL, 0, '{\\rtf1\\ansi\\ansicpg1252\\deff0\\deflang1033{\\fonttbl{\\f0\\fnil\\fcharset0 Tahoma;}}\r\n\\viewkind4\\uc1\\pard\\f0\\fs18 \r\n\\par }\r\n', NULL, '5000'),
(276, 'GLYCATED HEMOGLOBIN (HbA1C)', 'Normal:(4 - 6) ', '%', 1, 'No', 0, '', NULL, NULL, NULL, NULL, 0, '{\\rtf1\\ansi\\ansicpg1252\\deff0\\deflang1033{\\fonttbl{\\f0\\fnil\\fcharset0 Tahoma;}}\r\n\\viewkind4\\uc1\\pard\\f0\\fs18 \r\n\\par }\r\n', NULL, '5000'),
(278, 'T3', 'Normal:(0.4 - 2) ', 'ng/ml', 4, 'No', 0, 'NA', '1.30', '3.10', NULL, NULL, 0, '{\\rtf1\\ansi\\ansicpg1252\\deff0\\deflang1033{\\fonttbl{\\f0\\fnil\\fcharset0 Tahoma;}}\r\n\\viewkind4\\uc1\\pard\\f0\\fs18 \r\n\\par }\r\n', NULL, '5000'),
(279, 'T4', 'Normal:(44.0 - 116.0) ', 'nmol/L', 4, 'No', 0, 'NA', '66.00', '181.00', NULL, NULL, 0, '{\\rtf1\\ansi\\ansicpg1252\\deff0\\deflang1033{\\fonttbl{\\f0\\fnil\\fcharset0 Tahoma;}}\r\n\\viewkind4\\uc1\\pard\\f0\\fs18 \r\n\\par }\r\n', NULL, '5000'),
(280, 'TSH', 'Normal:(0.3 - 6.1) ', 'MIU/L', 4, 'No', 0, 'NA', '0.27', '4.20', NULL, NULL, 0, '{\\rtf1\\ansi\\ansicpg1252\\deff0\\deflang1033{\\fonttbl{\\f0\\fnil\\fcharset0 Tahoma;}}\r\n\\viewkind4\\uc1\\pard\\f0\\fs18 \r\n\\par }\r\n', NULL, '5000'),
(294, 'CR PROTEIN', 'Normal:(0 - 0.5) ', 'mg/L', 1, 'No', 295, 'NA', '1.50', '4.50', NULL, NULL, 0, '{\\rtf1\\ansi\\ansicpg1252\\deff0\\deflang1033{\\fonttbl{\\f0\\fnil\\fcharset0 Tahoma;}}\r\n\\viewkind4\\uc1\\pard\\f0\\fs18 \r\n\\par }\r\n', NULL, '5000'),
(297, 'STOOL MCS', '', '', 5, 'Yes', 0, '', NULL, NULL, NULL, NULL, 0, NULL, NULL, '5000'),
(299, 'STOOL MICROSCOPY', '', '', 5, 'Yes', 0, '', NULL, NULL, NULL, NULL, 0, '{\\rtf1\\ansi\\ansicpg1252\\deff0\\deflang1033{\\fonttbl{\\f0\\fnil\\fcharset0 Tahoma;}}\r\n\\viewkind4\\uc1\\pard\\f0\\fs18 \r\n\\par }\r\n', NULL, '5000'),
(305, 'HDL', 'Normal:(30 - 80) ', 'mg/dl', 1, 'No', 0, 'NA', '30.00', '80.00', NULL, NULL, 0, '{\\rtf1\\ansi\\ansicpg1252\\deff0\\deflang1033{\\fonttbl{\\f0\\fnil\\fcharset0 Tahoma;}}\r\n\\viewkind4\\uc1\\pard\\f0\\fs18 \r\n\\par }\r\n', NULL, '5000'),
(306, 'LDL', 'Normal:(100 - 150) ', 'mg/dl', 1, 'No', 0, 'NA', '100.00', '150.00', NULL, NULL, 0, '{\\rtf1\\ansi\\ansicpg1252\\deff0\\deflang1033{\\fonttbl{\\f0\\fnil\\fcharset0 Tahoma;}}\r\n\\viewkind4\\uc1\\pard\\f0\\fs18 \r\n\\par }\r\n', NULL, '5000'),
(308, 'SGOT', 'Normal:(8 - 40) ', 'U/L', 1, 'No', 43, 'NA', '8.00', '40.00', NULL, NULL, 0, '{\\rtf1\\ansi\\ansicpg1252\\deff0\\deflang1033{\\fonttbl{\\f0\\fnil\\fcharset0 Tahoma;}}\r\n\\viewkind4\\uc1\\pard\\f0\\fs18 \r\n\\par }\r\n', NULL, '5000'),
(312, 'FASTING LIPID PROFILE (FLP)', '', '', 1, 'Yes', 0, '', NULL, NULL, NULL, NULL, 0, '{\\rtf1\\ansi\\ansicpg1252\\deff0\\deflang1033{\\fonttbl{\\f0\\fnil\\fcharset0 Tahoma;}}\r\n\\viewkind4\\uc1\\pard\\f0\\fs18 \r\n\\par }\r\n', NULL, '5000'),
(313, 'WALK IN DONORS', '', '', 2, 'Yes', NULL, '', NULL, NULL, NULL, NULL, 0, '{\\rtf1\\ansi\\ansicpg1252\\deff0\\deflang1033{\\fonttbl{\\f0\\fnil\\fcharset0 Tahoma;}}\r\n\\viewkind4\\uc1\\pard\\f0\\fs18 \r\n\\par }\r\n', NULL, '5000'),
(315, 'TOTAL PROTEIN', 'Normal:(6.0 - 7.8) ', 'g/dl', 1, 'No', 43, 'NA', '6.00', '7.80', NULL, NULL, 0, '{\\rtf1\\ansi\\ansicpg1252\\deff0\\deflang1033{\\fonttbl{\\f0\\fnil\\fcharset0 Tahoma;}}\r\n\\viewkind4\\uc1\\pard\\f0\\fs18 \r\n\\par }\r\n', NULL, '5000'),
(320, 'SPUTUM M/C/S', '', '', 5, 'Yes', 0, '', '1.00', '22.00', NULL, NULL, 0, NULL, NULL, '5000'),
(321, 'OGTT', 'Normal:(60 - 180) ', 'mg/dl', 1, 'No', 0, 'NA', '60.00', '180.00', NULL, NULL, 0, '{\\rtf1\\ansi\\ansicpg1252\\deff0\\deflang1033{\\fonttbl{\\f0\\fnil\\fcharset0 Tahoma;}}\r\n\\viewkind4\\uc1\\pard\\f0\\fs18 \r\n\\par }\r\n', NULL, '5000'),
(322, 'ALBUMIN', 'Normal:(3.5 - 5.2) ', 'g/dl', 1, 'No', 0, 'NA', '3.50', '5.50', NULL, NULL, 0, '{\\rtf1\\ansi\\ansicpg1252\\deff0\\deflang1033{\\fonttbl{\\f0\\fnil\\fcharset0 Tahoma;}}\r\n\\viewkind4\\uc1\\pard\\f0\\fs18 \r\n\\par }\r\n', NULL, '5000'),
(323, 'Random Blood Sugar', 'Normal:(70 - 150) ', 'mg/dl', 1, 'No', 0, 'NA', '65.00', '180.00', NULL, NULL, 0, '{\\rtf1\\ansi\\ansicpg1252\\deff0\\deflang1033{\\fonttbl{\\f0\\fnil\\fcharset0 Tahoma;}}\r\n\\viewkind4\\uc1\\pard\\f0\\fs18 \r\n\\par }\r\n', NULL, '5000'),
(324, 'AMYLASE', 'Normal:(25 - 125) ', 'U/L', 1, 'No', 0, 'NA', '25.00', '125.00', NULL, NULL, 0, '{\\rtf1\\ansi\\ansicpg1252\\deff0\\deflang1033{\\fonttbl{\\f0\\fnil\\fcharset0 Tahoma;}}\r\n\\viewkind4\\uc1\\pard\\f0\\fs18 \r\n\\par }\r\n', NULL, '5000'),
(325, 'PHOSPHORUS', 'Normal:(3 - 4.5) ', 'mg/dl', 1, 'No', 0, 'NA', '3.00', '4.50', NULL, NULL, 0, '{\\rtf1\\ansi\\ansicpg1252\\deff0\\deflang1033{\\fonttbl{\\f0\\fnil\\fcharset0 Tahoma;}}\r\n\\viewkind4\\uc1\\pard\\f0\\fs18 \r\n\\par }\r\n', NULL, '5000'),
(326, 'LDH', 'Normal:(45 - 90) ', 'U/L', 1, 'No', 0, 'NA', '45.00', '90.00', NULL, NULL, 0, '{\\rtf1\\ansi\\ansicpg1252\\deff0\\deflang1033{\\fonttbl{\\f0\\fnil\\fcharset0 Tahoma;}}\r\n\\viewkind4\\uc1\\pard\\f0\\fs18 \r\n\\par }\r\n', NULL, '5000'),
(327, 'ACID PHOSPHATASE', 'Normal:(46 - 115) ', 'U/L', 1, 'No', 0, 'NA', '46.00', '115.00', NULL, NULL, 0, '{\\rtf1\\ansi\\ansicpg1252\\deff0\\deflang1033{\\fonttbl{\\f0\\fnil\\fcharset0 Tahoma;}}\r\n\\viewkind4\\uc1\\pard\\f0\\fs18 \r\n\\par }\r\n', NULL, '5000'),
(328, 'CREATININE', 'Normal:(0.4 - 1.6) ', 'mg/dl', 1, 'No', 0, 'NA', '0.40', '1.60', NULL, NULL, 0, '{\\rtf1\\ansi\\ansicpg1252\\deff0\\deflang1033{\\fonttbl{\\f0\\fnil\\fcharset0 Tahoma;}}\r\n\\viewkind4\\uc1\\pard\\f0\\fs18 \r\n\\par }\r\n', NULL, '5000'),
(329, 'UREA', 'Normal:(0 - 50) ', 'mg/dl', 1, 'No', 0, 'NA', '10.00', '50.00', NULL, NULL, 0, '{\\rtf1\\ansi\\ansicpg1252\\deff0\\deflang1033{\\fonttbl{\\f0\\fnil\\fcharset0 Tahoma;}}\r\n\\viewkind4\\uc1\\pard\\f0\\fs18 \r\n\\par }\r\n', NULL, '5000'),
(330, 'FREE PSA', 'Normal:(0 - 1.3) ', 'ng/ml', 4, 'No', 0, 'NA', '0.26', '4.14', NULL, NULL, 0, '{\\rtf1\\ansi\\ansicpg1252\\deff0\\deflang1033{\\fonttbl{\\f0\\fnil\\fcharset0 Tahoma;}}\r\n\\viewkind4\\uc1\\pard\\f0\\fs18 \r\n\\par }\r\n', NULL, '5000'),
(331, 'TOTAL PSA', 'Normal:(0 - 4) ', 'ng/ml', 4, 'No', 0, 'NA', '0.00', '4.00', NULL, NULL, 0, '{\\rtf1\\ansi\\ansicpg1252\\deff0\\deflang1033{\\fonttbl{\\f0\\fnil\\fcharset0 Tahoma;}}\r\n\\viewkind4\\uc1\\pard\\f0\\fs18 \r\n\\par }\r\n', NULL, '5000'),
(332, 'APTT', 'Normal:(36 - 50) ', 'secs', 2, 'No', 0, 'NA', '36.00', '50.00', NULL, NULL, 0, '{\\rtf1\\ansi\\ansicpg1252\\deff0\\deflang1033{\\fonttbl{\\f0\\fnil\\fcharset0 Tahoma;}}\r\n\\viewkind4\\uc1\\pard\\f0\\fs18 \r\n\\par }\r\n', NULL, '5000'),
(334, 'PROTHROMBIN TIME', 'Normal:(11 - 16) ', 'Secs', 2, 'No', 0, 'NA', '11.00', '16.00', NULL, NULL, 0, '{\\rtf1\\ansi\\ansicpg1252\\deff0\\deflang1033{\\fonttbl{\\f0\\fnil\\fcharset0 Tahoma;}}\r\n\\viewkind4\\uc1\\pard\\f0\\fs18 \r\n\\par }\r\n', NULL, '5000'),
(335, 'THROMBIN TIME', 'Normal:(12 - 15) ', 'Secs', 2, 'No', 0, 'NA', '12.00', '15.00', NULL, NULL, 0, '{\\rtf1\\ansi\\ansicpg1252\\deff0\\deflang1033{\\fonttbl{\\f0\\fnil\\fcharset0 Tahoma;}}\r\n\\viewkind4\\uc1\\pard\\f0\\fs18 \r\n\\par }\r\n', NULL, '5000'),
(336, 'MOUTH SWAB M/C/S', '', '', 5, 'Yes', NULL, '', NULL, NULL, NULL, NULL, 0, '{\\rtf1\\ansi\\ansicpg1252\\deff0\\deflang1033{\\fonttbl{\\f0\\fnil\\fcharset0 Tahoma;}}\r\n\\viewkind4\\uc1\\pard\\f0\\fs18 \r\n\\par }\r\n', NULL, '5000'),
(337, 'HBV PROFILE TEST', '', '', 7, 'Yes', 0, '', NULL, NULL, NULL, NULL, 0, '{\\rtf1\\ansi\\ansicpg1252\\deff0\\deflang1033{\\fonttbl{\\f0\\fnil\\fcharset0 Tahoma;}}\r\n\\viewkind4\\uc1\\pard\\f0\\fs18 \r\n\\par }\r\n', NULL, '5000'),
(338, 'HIV', NULL, '', 7, 'No', 0, NULL, '0.00', '0.00', '0.00', '0.00', 0, '{\\rtf1\\ansi\\ansicpg1252\\deff0\\deflang1033{\\fonttbl{\\f0\\fnil\\fcharset0 Tahoma;}}\r\n\\viewkind4\\uc1\\pard\\f0\\fs18 \r\n\\par }\r\n', NULL, '5000'),
(339, NULL, NULL, NULL, 0, 'No', 0, NULL, '0.00', '0.00', '0.00', '0.00', 0, NULL, NULL, '5000'),
(340, 'H. PYLORI', NULL, '', 7, 'No', 0, NULL, '0.00', '0.00', '0.00', '0.00', 0, '{\\rtf1\\ansi\\ansicpg1252\\deff0\\deflang1033{\\fonttbl{\\f0\\fnil\\fcharset0 Tahoma;}}\r\n\\viewkind4\\uc1\\pard\\f0\\fs18 \r\n\\par }\r\n', NULL, '5000'),
(341, 'PSA', NULL, '', 7, 'No', 0, NULL, '0.00', '0.00', '0.00', '0.00', 0, '{\\rtf1\\ansi\\ansicpg1252\\deff0\\deflang1033{\\fonttbl{\\f0\\fnil\\fcharset0 Tahoma;}}\r\n\\viewkind4\\uc1\\pard\\f0\\fs18 \r\n\\par }\r\n', NULL, '5000'),
(342, 'VDRL', NULL, '', 7, 'No', 0, NULL, '0.00', '0.00', '0.00', '0.00', 0, '{\\rtf1\\ansi\\ansicpg1252\\deff0\\deflang1033{\\fonttbl{\\f0\\fnil\\fcharset0 Tahoma;}}\r\n\\viewkind4\\uc1\\pard\\f0\\fs18 \r\n\\par }\r\n', NULL, '5000'),
(343, 'SERUM TB', NULL, '', 7, 'No', 0, NULL, '0.00', '0.00', '0.00', '0.00', 0, '{\\rtf1\\ansi\\ansicpg1252\\deff0\\deflang1033{\\fonttbl{\\f0\\fnil\\fcharset0 Tahoma;}}\r\n\\viewkind4\\uc1\\pard\\f0\\fs18 \r\n\\par }\r\n', NULL, '5000'),
(346, NULL, NULL, NULL, 0, 'No', 0, NULL, '0.00', '0.00', '0.00', '0.00', 0, NULL, NULL, '5000'),
(347, NULL, NULL, NULL, 0, 'No', 0, NULL, '0.00', '0.00', '0.00', '0.00', 0, NULL, NULL, '5000'),
(348, 'URINE MICROSCOPY', NULL, '', 5, 'Yes', 0, NULL, '0.00', '0.00', '0.00', '0.00', 0, '{\\rtf1\\ansi\\ansicpg1252\\deff0\\deflang1033{\\fonttbl{\\f0\\fnil\\fcharset0 Tahoma;}}\r\n\\viewkind4\\uc1\\pard\\f0\\fs18 \r\n\\par }\r\n', NULL, '5000'),
(349, 'PROLACTIN', 'Normal:(2.1 - 29.2) ', '', 4, 'No', 0, NULL, '0.00', '0.00', '0.00', '0.00', 0, '{\\rtf1\\ansi\\ansicpg1252\\deff0\\deflang1033{\\fonttbl{\\f0\\fnil\\fcharset0 Tahoma;}}\r\n\\viewkind4\\uc1\\pard\\f0\\fs18 \r\n\\par }\r\n', NULL, '5000'),
(350, NULL, NULL, NULL, 0, 'No', 0, NULL, '0.00', '0.00', '0.00', '0.00', 0, NULL, NULL, '5000'),
(351, 'RVS', NULL, '', 8, 'No', 0, NULL, '0.00', '0.00', '0.00', '0.00', 0, '{\\rtf1\\ansi\\ansicpg1252\\deff0\\deflang1033{\\fonttbl{\\f0\\fnil\\fcharset0 Tahoma;}}\r\n\\viewkind4\\uc1\\pard\\f0\\fs18 \r\n\\par }\r\n', NULL, '5000'),
(352, 'HbsAg', NULL, '', 8, 'No', 0, NULL, '0.00', '0.00', '0.00', '0.00', 0, '{\\rtf1\\ansi\\ansicpg1252\\deff0\\deflang1033{\\fonttbl{\\f0\\fnil\\fcharset0 Tahoma;}}\r\n\\viewkind4\\uc1\\pard\\f0\\fs18 \r\n\\par }\r\n', NULL, '5000'),
(354, NULL, NULL, NULL, 0, 'No', 0, NULL, '0.00', '0.00', '0.00', '0.00', 0, NULL, NULL, '5000'),
(355, NULL, NULL, NULL, 0, 'No', 0, NULL, '0.00', '0.00', '0.00', '0.00', 0, NULL, NULL, '5000'),
(356, 'HAV', '', '', 8, 'No', 0, NULL, '0.00', '0.00', '0.00', '0.00', 0, '{\\rtf1\\ansi\\ansicpg1252\\deff0\\deflang1033{\\fonttbl{\\f0\\fnil\\fcharset0 Tahoma;}}\r\n\\viewkind4\\uc1\\pard\\f0\\fs18 \r\n\\par }\r\n', NULL, '5000'),
(357, NULL, NULL, NULL, 0, 'No', 0, NULL, '0.00', '0.00', '0.00', '0.00', 0, NULL, NULL, '5000'),
(358, NULL, NULL, NULL, 0, 'No', 0, NULL, '0.00', '0.00', '0.00', '0.00', 0, NULL, NULL, '5000'),
(359, 'HBV Profile', NULL, '', 8, 'Yes', 0, NULL, '0.00', '0.00', '0.00', '0.00', 0, '', NULL, '5000'),
(360, 'Serum TSA', NULL, '', 8, 'No', 0, NULL, '0.00', '0.00', '0.00', '0.00', 0, '', NULL, '5000'),
(361, 'H. Phylori', NULL, '', 8, 'Yes', 0, NULL, '0.00', '0.00', '0.00', '0.00', 0, '', NULL, '5000'),
(362, 'Serum TB.', NULL, '', 8, 'No', 0, NULL, '0.00', '0.00', '0.00', '0.00', 0, '', NULL, '5000'),
(363, 'HCV.', NULL, '', 8, 'No', 0, NULL, '0.00', '0.00', '0.00', '0.00', 0, '', NULL, '5000'),
(364, 'VDRL.', NULL, '', 8, 'No', 0, NULL, '0.00', '0.00', '0.00', '0.00', 0, '', NULL, '5000'),
(365, 'Shina\'s Test', NULL, 'mm-l', 4, 'No', 0, NULL, '0.00', '0.00', '0.00', '0.00', 0, NULL, NULL, '3000'),
(366, 'Shina Test1', NULL, 'mm-l', 1, 'No', 0, NULL, '0.00', '0.00', '0.00', '0.00', 0, NULL, NULL, '5000'),
(367, 'Shina Test3', NULL, 'cm-d', 2, 'No', 0, NULL, '0.00', '0.00', '0.00', '0.00', 0, NULL, NULL, '7000'),
(368, 'Shina Test3', NULL, 'cm-d', 2, 'Yes', 0, NULL, '0.00', '0.00', '0.00', '0.00', 0, NULL, NULL, '7000'),
(370, 'Big Test', NULL, 'md-md', 4, 'No', 0, NULL, '0.00', '0.00', '0.00', '0.00', 0, NULL, NULL, '80000'),
(371, 'Big Test2', NULL, 'mmdd', 1, 'Yes', 0, NULL, '0.00', '0.00', '0.00', '0.00', 0, NULL, NULL, '6000'),
(373, 'adexsimply', NULL, 'md-md', 1, 'Yes', 0, NULL, '0.00', '0.00', '0.00', '0.00', 0, NULL, NULL, '90'),
(374, 'adexsimply2', NULL, 'sds', 8, 'Yes', 0, NULL, '0.00', '0.00', '0.00', '0.00', 0, NULL, NULL, '7000');

-- --------------------------------------------------------

--
-- Table structure for table `lab_tests_subgroup`
--

CREATE TABLE `lab_tests_subgroup` (
  `id` int(11) NOT NULL,
  `lab_test_subgroup_name` varchar(100) COLLATE utf8_bin DEFAULT NULL,
  `lab_test_id` int(11) DEFAULT NULL,
  `RangeValue` varchar(100) COLLATE utf8_bin DEFAULT NULL,
  `Measure` varchar(100) COLLATE utf8_bin DEFAULT NULL,
  `isMCS` tinyint(1) DEFAULT NULL,
  `RVTag` varchar(3) COLLATE utf8_bin DEFAULT NULL,
  `RVLowVal1` decimal(18,2) DEFAULT NULL,
  `RVHighVal1` decimal(18,2) DEFAULT NULL,
  `RVLowVal2` decimal(18,2) DEFAULT NULL,
  `RVHighVal2` decimal(18,2) DEFAULT NULL
) ENGINE=InnoDB DEFAULT CHARSET=utf8 COLLATE=utf8_bin;

--
-- Dumping data for table `lab_tests_subgroup`
--

INSERT INTO `lab_tests_subgroup` (`id`, `lab_test_subgroup_name`, `lab_test_id`, `RangeValue`, `Measure`, `isMCS`, `RVTag`, `RVLowVal1`, `RVHighVal1`, `RVLowVal2`, `RVHighVal2`) VALUES
(24, 'Salmonella Typhi O', 86, '', NULL, 0, NULL, NULL, NULL, NULL, NULL),
(25, 'Salmonella Paratyphi AO', 86, '', NULL, 0, NULL, NULL, NULL, NULL, NULL),
(26, 'Salmonella Paratyphi BO', 86, '', NULL, 0, NULL, NULL, NULL, NULL, NULL),
(51, 'Appearance', 79, NULL, NULL, 0, NULL, NULL, NULL, NULL, NULL),
(52, 'Colour', 79, NULL, NULL, 0, NULL, NULL, NULL, NULL, NULL),
(54, 'WBC', 79, '', NULL, 0, NULL, NULL, NULL, NULL, NULL),
(55, 'Epit Cell', 79, NULL, NULL, 0, NULL, NULL, NULL, NULL, NULL),
(56, 'Red Blood Cells', 79, NULL, NULL, 0, NULL, NULL, NULL, NULL, NULL),
(57, 'Bacteria', 79, NULL, NULL, 0, NULL, NULL, NULL, NULL, NULL),
(83, 'HB', 125, '(M:12 - 16, F:11.5 - 15)', 'g/dl', 0, 'MF', '12.00', '16.00', '11.50', '15.00'),
(84, 'PCV', 125, '(M:40 - 52, F:35 - 45)', '%', 0, 'MF', '40.00', '52.00', '35.00', '45.00'),
(86, 'WBC', 125, '(Ad:4000 - 10000, Inf:5000 - 11000)', 'mm', 0, 'AI', '4000.00', '10000.00', '5000.00', '11000.00'),
(88, 'RBC', 125, '(3.5 - 5.5)', 'x10^6/uL', 0, 'NA', '3.50', '5.50', '4.00', '5.20'),
(109, 'Time Produced', 76, NULL, NULL, 0, NULL, NULL, NULL, NULL, NULL),
(110, 'Time Received', 76, NULL, NULL, 0, NULL, NULL, NULL, NULL, NULL),
(111, 'Time Analysed', 76, NULL, NULL, 0, NULL, NULL, NULL, NULL, NULL),
(112, 'Volume Produced', 76, NULL, 'mls', 0, NULL, NULL, NULL, NULL, NULL),
(113, 'Colour', 76, NULL, NULL, 0, NULL, NULL, NULL, NULL, NULL),
(114, 'Viscosity', 76, NULL, NULL, 0, NULL, NULL, NULL, NULL, NULL),
(115, 'PH', 76, NULL, NULL, 0, NULL, NULL, NULL, NULL, NULL),
(116, 'Morphology:', 76, NULL, NULL, 0, NULL, NULL, NULL, NULL, NULL),
(117, '      Normal', 76, NULL, '%', 0, NULL, NULL, NULL, NULL, NULL),
(118, '      Abnormal', 76, NULL, '%', 0, NULL, NULL, NULL, NULL, NULL),
(119, 'Pus Cell', 76, NULL, NULL, 0, NULL, NULL, NULL, NULL, NULL),
(120, 'Motility:', 76, '', '', 0, '', NULL, NULL, NULL, NULL),
(121, '    active', 76, '', '%', 0, '', NULL, NULL, NULL, NULL),
(122, 'sluggish', 76, '', '%', 0, '', NULL, NULL, NULL, NULL),
(123, 'Non- motile', 76, '', '%', 0, '', NULL, NULL, NULL, NULL),
(125, 'Total Count', 76, '', 'x10^6', 0, '', NULL, NULL, NULL, NULL),
(142, 'Total Count', 77, '', 'x10^6', 0, '', NULL, NULL, NULL, NULL),
(154, 'SODIUM', 40, 'Normal:(135 - 149) ', 'mmol/L', 0, 'NA', '133.00', '149.00', '56.00', '106.00'),
(155, 'POTASSIUM', 40, 'Normal:(3.5 - 5.5) ', 'mmol/L', 0, 'NA', '3.50', '5.00', NULL, NULL),
(156, 'CHLORIDE', 40, 'Normal:(95.0 - 108.0) ', 'mmol/L', 0, 'NA', '95.00', '105.00', NULL, NULL),
(157, 'UREA', 40, 'Normal:(15 - 55) ', 'mg/dl', 0, 'NA', '23.00', '31.00', NULL, NULL),
(172, 'PUS    CELLS', 68, '', '/hpf', 0, '', NULL, NULL, NULL, NULL),
(180, 'PUS     CELLS', 73, NULL, NULL, 0, NULL, NULL, NULL, NULL, NULL),
(181, 'EPITH  CELLS', 73, NULL, NULL, 0, NULL, NULL, NULL, NULL, NULL),
(182, 'R B C', 73, NULL, NULL, 0, NULL, NULL, NULL, NULL, NULL),
(183, 'BACTERIA', 73, NULL, NULL, 0, NULL, NULL, NULL, NULL, NULL),
(184, 'OTHERS', 73, NULL, NULL, 0, NULL, NULL, NULL, NULL, NULL),
(185, 'CULTURE', 73, NULL, NULL, 0, NULL, NULL, NULL, NULL, NULL),
(186, 'SENSITIVITY', 73, NULL, NULL, 0, NULL, NULL, NULL, NULL, NULL),
(187, 'MACROSCOPY', 69, '', '', 0, '', NULL, NULL, NULL, NULL),
(188, 'EPITH  CELLS', 69, NULL, NULL, 0, NULL, NULL, NULL, NULL, NULL),
(189, 'R B C', 69, NULL, NULL, 0, NULL, NULL, NULL, NULL, NULL),
(190, 'BACTERIA ', 69, NULL, NULL, 0, NULL, NULL, NULL, NULL, NULL),
(191, 'YEAST CELLS', 69, NULL, NULL, 0, NULL, NULL, NULL, NULL, NULL),
(192, 'PUS CELLS', 69, '', '', 0, '', NULL, NULL, NULL, NULL),
(193, 'CULTURE', 69, '', '', 0, '', NULL, NULL, NULL, NULL),
(194, 'SENSITIVITY', 69, NULL, NULL, 0, NULL, NULL, NULL, NULL, NULL),
(195, 'EPITH   CELLS', 68, NULL, NULL, 0, NULL, NULL, NULL, NULL, NULL),
(196, 'R B C ', 68, NULL, NULL, 0, NULL, NULL, NULL, NULL, NULL),
(197, 'BACTERIA', 68, NULL, NULL, 0, NULL, NULL, NULL, NULL, NULL),
(198, 'CRYSTALS', 68, NULL, NULL, 0, NULL, NULL, NULL, NULL, NULL),
(199, 'YEAST CELLS', 68, '', '', 0, '', NULL, NULL, NULL, NULL),
(200, 'CULTURE', 68, NULL, NULL, 0, NULL, NULL, NULL, NULL, NULL),
(201, 'SENSITIVITY', 68, NULL, NULL, 0, NULL, NULL, NULL, NULL, NULL),
(219, 'PUS     CELLS', 66, NULL, NULL, 0, NULL, NULL, NULL, NULL, NULL),
(220, 'EPITH   CELLS', 66, NULL, NULL, 0, NULL, NULL, NULL, NULL, NULL),
(221, 'R B C', 66, NULL, NULL, 0, NULL, NULL, NULL, NULL, NULL),
(222, 'BACTERIA', 66, NULL, NULL, 0, NULL, NULL, NULL, NULL, NULL),
(223, 'CRYSTALS', 66, NULL, NULL, 0, NULL, NULL, NULL, NULL, NULL),
(224, 'CASTS', 66, NULL, NULL, 0, NULL, NULL, NULL, NULL, NULL),
(225, 'OTHERS', 66, NULL, NULL, 0, NULL, NULL, NULL, NULL, NULL),
(226, 'CULTURE', 66, NULL, NULL, 0, NULL, NULL, NULL, NULL, NULL),
(227, 'SENSITIVITY', 66, NULL, NULL, 0, NULL, NULL, NULL, NULL, NULL),
(228, 'PUS     CELLS', 71, NULL, NULL, 0, NULL, NULL, NULL, NULL, NULL),
(229, 'EPITH   CELLS', 71, NULL, NULL, 0, NULL, NULL, NULL, NULL, NULL),
(230, 'R B C', 71, NULL, NULL, 0, NULL, NULL, NULL, NULL, NULL),
(231, 'BACTERIA', 71, NULL, NULL, 0, NULL, NULL, NULL, NULL, NULL),
(232, 'YEAST  CELLS', 71, NULL, NULL, 0, NULL, NULL, NULL, NULL, NULL),
(233, 'OTHERS', 71, NULL, NULL, 0, NULL, NULL, NULL, NULL, NULL),
(234, 'CULTURE', 71, NULL, NULL, 0, NULL, NULL, NULL, NULL, NULL),
(235, 'SENSITIVITY', 71, NULL, NULL, 0, NULL, NULL, NULL, NULL, NULL),
(236, 'PUS      CELLS', 70, NULL, NULL, 0, NULL, NULL, NULL, NULL, NULL),
(237, 'EPITH   CELLS', 70, NULL, NULL, 0, NULL, NULL, NULL, NULL, NULL),
(238, 'R B C', 70, NULL, NULL, 0, NULL, NULL, NULL, NULL, NULL),
(239, 'BACTERIA', 70, NULL, NULL, 0, NULL, NULL, NULL, NULL, NULL),
(240, 'OTHERS', 70, NULL, NULL, 0, NULL, NULL, NULL, NULL, NULL),
(241, 'CULTURE', 70, NULL, NULL, 0, NULL, NULL, NULL, NULL, NULL),
(242, 'SENSITIVITY', 70, NULL, NULL, 0, NULL, NULL, NULL, NULL, NULL),
(243, 'PUS       CELLS', 72, NULL, NULL, 0, NULL, NULL, NULL, NULL, NULL),
(244, 'EPITH   CELLS', 72, NULL, NULL, 0, NULL, NULL, NULL, NULL, NULL),
(245, 'R B C', 72, NULL, NULL, 0, NULL, NULL, NULL, NULL, NULL),
(246, 'BACTERIA', 72, NULL, NULL, 0, NULL, NULL, NULL, NULL, NULL),
(247, 'OTHERS', 72, NULL, NULL, 0, NULL, NULL, NULL, NULL, NULL),
(248, 'CULTURE', 72, NULL, NULL, 0, NULL, NULL, NULL, NULL, NULL),
(249, 'SENSITIVITY', 72, NULL, NULL, 0, NULL, NULL, NULL, NULL, NULL),
(263, 'PUS CELLS', 144, '', NULL, 0, NULL, NULL, NULL, NULL, NULL),
(264, 'R B C', 144, NULL, NULL, 0, NULL, NULL, NULL, NULL, NULL),
(265, 'EPITH CELLS', 144, '', NULL, 0, NULL, NULL, NULL, NULL, NULL),
(266, 'BACTERIA CELLS', 144, '', NULL, 0, NULL, NULL, NULL, NULL, NULL),
(267, 'OTHERS', 144, NULL, NULL, 0, NULL, NULL, NULL, NULL, NULL),
(268, 'CULTURE', 144, NULL, NULL, 0, NULL, NULL, NULL, NULL, NULL),
(269, 'SENSITIVITY', 144, NULL, NULL, 0, NULL, NULL, NULL, NULL, NULL),
(290, 'H I V 1  &  2 OF PATIENT', 18, '', '', 0, '', NULL, NULL, NULL, NULL),
(291, 'DATE OF X MATCH', 18, '', '', 0, '', NULL, NULL, NULL, NULL),
(292, 'BLOOD GROUP OF PATIENT', 18, '', '', 0, '', NULL, NULL, NULL, NULL),
(293, 'BLOOD GROUP OF DONOR', 18, '', '', 0, '', NULL, NULL, NULL, NULL),
(299, 'PUS CELLS', 155, '', NULL, 0, NULL, NULL, NULL, NULL, NULL),
(300, 'EPITH CELLS', 155, '', NULL, 0, NULL, NULL, NULL, NULL, NULL),
(301, 'R B C', 155, NULL, NULL, 0, NULL, NULL, NULL, NULL, NULL),
(302, 'BACTERIA    ', 155, NULL, NULL, 0, NULL, NULL, NULL, NULL, NULL),
(303, 'OTHERS', 155, NULL, NULL, 0, NULL, NULL, NULL, NULL, NULL),
(304, 'CULTURE', 155, NULL, NULL, 0, NULL, NULL, NULL, NULL, NULL),
(305, 'SENSITIVITY', 155, NULL, NULL, 0, NULL, NULL, NULL, NULL, NULL),
(307, 'PUS      CELL ', 158, NULL, NULL, 0, NULL, NULL, NULL, NULL, NULL),
(308, 'EPITH      CELLS', 158, NULL, NULL, 0, NULL, NULL, NULL, NULL, NULL),
(309, 'R B C', 158, NULL, NULL, 0, NULL, NULL, NULL, NULL, NULL),
(310, 'BACTERIA ', 158, NULL, NULL, 0, NULL, NULL, NULL, NULL, NULL),
(311, 'OTHERS', 158, NULL, NULL, 0, NULL, NULL, NULL, NULL, NULL),
(312, 'CULTURE', 158, NULL, NULL, 0, NULL, NULL, NULL, NULL, NULL),
(313, 'SENSITIVITY', 158, NULL, NULL, 0, NULL, NULL, NULL, NULL, NULL),
(325, 'PUS   CELLS', 163, NULL, NULL, 0, NULL, NULL, NULL, NULL, NULL),
(326, 'EPITH   CELLS', 163, NULL, NULL, 0, NULL, NULL, NULL, NULL, NULL),
(327, 'R B C', 163, NULL, NULL, 0, NULL, NULL, NULL, NULL, NULL),
(328, 'BACTERIA', 163, NULL, NULL, 0, NULL, NULL, NULL, NULL, NULL),
(329, 'OTHERS', 163, NULL, NULL, 0, NULL, NULL, NULL, NULL, NULL),
(330, 'CULTURE ', 163, NULL, NULL, 0, NULL, NULL, NULL, NULL, NULL),
(331, 'SENSITIVITY', 163, NULL, NULL, 0, NULL, NULL, NULL, NULL, NULL),
(332, 'MICROSCOPY', 157, NULL, NULL, 0, NULL, NULL, NULL, NULL, NULL),
(333, 'CULTURE', 157, NULL, NULL, 0, NULL, NULL, NULL, NULL, NULL),
(334, 'RESISTANCE', 73, NULL, NULL, 0, NULL, NULL, NULL, NULL, NULL),
(336, 'RESISTANCE', 144, NULL, NULL, 0, NULL, NULL, NULL, NULL, NULL),
(337, 'RESISTANCE', 69, NULL, NULL, 0, NULL, NULL, NULL, NULL, NULL),
(338, 'RESISTANCE', 155, NULL, NULL, 0, NULL, NULL, NULL, NULL, NULL),
(339, 'RESISTANCE', 68, NULL, NULL, 0, NULL, NULL, NULL, NULL, NULL),
(340, 'RESISTANCE', 163, NULL, NULL, 0, NULL, NULL, NULL, NULL, NULL),
(341, 'RESISTANCE', 158, NULL, NULL, 0, NULL, NULL, NULL, NULL, NULL),
(345, 'RESISTANCE', 72, NULL, NULL, 0, NULL, NULL, NULL, NULL, NULL),
(346, 'RESISTANCE', 70, NULL, NULL, 0, NULL, NULL, NULL, NULL, NULL),
(347, 'RESISTANCE', 66, NULL, NULL, 0, NULL, NULL, NULL, NULL, NULL),
(348, 'RESISTANCE', 71, NULL, NULL, 0, NULL, NULL, NULL, NULL, NULL),
(368, 'PUS  CELL', 181, NULL, NULL, 0, NULL, NULL, NULL, NULL, NULL),
(369, 'EPITH', 181, NULL, NULL, 0, NULL, NULL, NULL, NULL, NULL),
(370, 'R B C', 181, NULL, NULL, 0, NULL, NULL, NULL, NULL, NULL),
(371, 'BACTERIA ', 181, NULL, NULL, 0, NULL, NULL, NULL, NULL, NULL),
(372, 'CRYSTALS', 181, NULL, NULL, 0, NULL, NULL, NULL, NULL, NULL),
(373, 'CAST', 181, NULL, NULL, 0, NULL, NULL, NULL, NULL, NULL),
(374, 'OTHERS  ', 181, NULL, NULL, 0, NULL, NULL, NULL, NULL, NULL),
(375, 'CULTURE', 181, NULL, NULL, 0, NULL, NULL, NULL, NULL, NULL),
(376, 'SENSITIVITY', 181, NULL, NULL, 0, NULL, NULL, NULL, NULL, NULL),
(377, 'RESISTANCE', 181, NULL, NULL, 0, NULL, NULL, NULL, NULL, NULL),
(483, 'PLATELET', 125, '(Ad:150 - 400, Inf:150 - 400)', 'X 10^3/ ul', NULL, 'AI', '150.00', '400.00', '150.00', '400.00'),
(484, 'NEUT', 125, '(Ad:40 - 75, Inf:20 - 45)', '%', NULL, 'AI', '40.00', '75.00', '20.00', '45.00'),
(495, 'GRAM STAIN', 163, '', NULL, NULL, NULL, NULL, NULL, NULL, NULL),
(500, 'GRAM STAIN', 66, '', NULL, NULL, NULL, NULL, NULL, NULL, NULL),
(513, 'Salmonella paratyphi CO', 86, '', '', NULL, NULL, NULL, NULL, NULL, NULL),
(514, 'Salmonella Typhi H', 86, '', NULL, NULL, NULL, NULL, NULL, NULL, NULL),
(515, 'Salmonella Paratyphi AH', 86, '', NULL, NULL, NULL, NULL, NULL, NULL, NULL),
(516, 'Salmonella Paratyphi BH', 86, '', NULL, NULL, NULL, NULL, NULL, NULL, NULL),
(517, 'Salmonella Paratyphi CH', 86, '', NULL, NULL, NULL, NULL, NULL, NULL, NULL),
(518, 'LYMPH', 125, '(Ad:20 - 45, Inf:40 - 75)', '%', NULL, 'AI', '20.00', '45.00', '40.00', '75.00'),
(554, 'CULTURE', 80, '', NULL, NULL, NULL, NULL, NULL, NULL, NULL),
(555, 'SENSITIVITY', 80, '', NULL, NULL, NULL, NULL, NULL, NULL, NULL),
(556, 'RESISTANCE', 80, '', NULL, NULL, NULL, NULL, NULL, NULL, NULL),
(557, 'COMMENT', 80, '', NULL, NULL, NULL, NULL, NULL, NULL, NULL),
(587, 'TYPE OF X MATCH', 18, '', '', NULL, '', NULL, NULL, NULL, NULL),
(588, 'BLOOD PRODUCT', 18, '', '', NULL, '', NULL, NULL, NULL, NULL),
(590, 'PH', 79, '', NULL, NULL, NULL, NULL, NULL, NULL, NULL),
(591, 'Others', 79, '', NULL, NULL, NULL, NULL, NULL, NULL, NULL),
(592, 'Culture', 79, '', NULL, NULL, NULL, NULL, NULL, NULL, NULL),
(593, 'Sensitivity', 79, '', NULL, NULL, NULL, NULL, NULL, NULL, NULL),
(594, 'Resistance', 79, '', NULL, NULL, NULL, NULL, NULL, NULL, NULL),
(604, 'SGOT(AST) -', 43, 'Normal:(0 - 37) ', 'U/L', NULL, 'NA', '8.00', '40.00', NULL, NULL),
(605, 'SGPT(ALT) - ', 43, 'Normal:(0 - 41) ', 'U/L', NULL, 'NA', '8.00', '40.00', NULL, NULL),
(619, 'TIME PRODUCED', 77, '', '', NULL, '', NULL, NULL, NULL, NULL),
(620, 'TIME RECEIVED', 77, '', NULL, NULL, NULL, NULL, NULL, NULL, NULL),
(621, 'TIME ANALYSED', 77, '', '', NULL, '', NULL, NULL, NULL, NULL),
(622, 'PERIOD OF ABSTINENCE', 77, '', '', NULL, '', NULL, NULL, NULL, NULL),
(623, 'METHOD OF PRODUCTION', 77, '', NULL, NULL, NULL, NULL, NULL, NULL, NULL),
(624, 'COLOUR', 77, '', NULL, NULL, NULL, NULL, NULL, NULL, NULL),
(625, 'VOLUME', 77, '', NULL, NULL, NULL, NULL, NULL, NULL, NULL),
(626, 'PH', 77, '', NULL, NULL, NULL, NULL, NULL, NULL, NULL),
(627, 'VISCOSITY', 77, '', NULL, NULL, NULL, NULL, NULL, NULL, NULL),
(628, 'LIQUEFACTION', 77, '', '', NULL, '', NULL, NULL, NULL, NULL),
(629, 'MORPHOLOGY', 77, '', NULL, NULL, NULL, NULL, NULL, NULL, NULL),
(636, 'VIABILITY', 76, '', NULL, NULL, NULL, NULL, NULL, NULL, NULL),
(637, 'LIQUIFACTION', 76, '', NULL, NULL, NULL, NULL, NULL, NULL, NULL),
(638, 'Period of abstinence', 76, '', NULL, NULL, NULL, NULL, NULL, NULL, NULL),
(639, 'epithelial cells', 76, '', NULL, NULL, NULL, NULL, NULL, NULL, NULL),
(640, 'Others', 76, '', NULL, NULL, NULL, NULL, NULL, NULL, NULL),
(645, 'normal', 77, '', NULL, NULL, NULL, NULL, NULL, NULL, NULL),
(646, 'abnormal', 77, '', NULL, NULL, NULL, NULL, NULL, NULL, NULL),
(647, 'VIABILTY', 77, '', NULL, NULL, NULL, NULL, NULL, NULL, NULL),
(648, 'MOTILITY', 77, '', NULL, NULL, NULL, NULL, NULL, NULL, NULL),
(649, 'active', 77, '', NULL, NULL, NULL, NULL, NULL, NULL, NULL),
(650, 'sluggish', 77, '', NULL, NULL, NULL, NULL, NULL, NULL, NULL),
(651, 'non-motile', 77, '', NULL, NULL, NULL, NULL, NULL, NULL, NULL),
(663, 'ZN  AFB x1', 143, '', NULL, NULL, NULL, NULL, NULL, NULL, NULL),
(664, 'ZN  AFB x2', 143, '', NULL, NULL, NULL, NULL, NULL, NULL, NULL),
(665, 'ZN  AFB x3', 143, '', NULL, NULL, NULL, NULL, NULL, NULL, NULL),
(666, 'OTHERS', 68, '', '', NULL, '', NULL, NULL, NULL, NULL),
(667, 'SGOT Elitech', 272, '(0 - 40)', 'iu/l', NULL, 'NA', '0.00', '40.00', NULL, NULL),
(670, 'Macroscopy', 297, '', NULL, NULL, NULL, NULL, NULL, NULL, NULL),
(671, 'Microscopy', 297, '', NULL, NULL, NULL, NULL, NULL, NULL, NULL),
(674, 'Culture', 297, '', NULL, NULL, NULL, NULL, NULL, NULL, NULL),
(675, 'Sensitivity', 297, '', NULL, NULL, NULL, NULL, NULL, NULL, NULL),
(676, 'Resistance', 297, '', NULL, NULL, NULL, NULL, NULL, NULL, NULL),
(677, 'ALK.PHOS', 43, 'Normal:(0 - 258) ', 'U/L', NULL, 'NA', '45.00', '115.00', '0.00', '240.00'),
(678, 'TBil', 43, 'Normal:(0.1 - 1.2) ', 'mg/dl', NULL, 'NA', '0.10', '1.00', '0.00', '205.00'),
(679, 'DBil', 43, '(0 - 0.3)', 'mg/dl', NULL, 'NA', '0.00', '0.30', NULL, NULL),
(689, 'MIXED', 125, '(0 - 10)', '%', NULL, 'NA', '0.00', '10.00', '0.00', '0.00'),
(693, 'MCHC', 125, '(31.5 - 36)', 'g/dl', NULL, 'NA', '31.50', '36.00', '30.90', '36.00'),
(694, 'MCH', 125, '(27 - 32)', 'pg', NULL, 'NA', '27.00', '32.00', '27.00', '32.00'),
(695, 'MCV', 125, '(80 - 98)', 'fl', NULL, 'NA', '80.00', '98.00', '84.00', '96.00'),
(719, 'TOTAL CHOLESTEROL', 312, 'Normal:(0 - 200) ', 'mg/dl', NULL, 'NA', '150.00', '200.00', NULL, NULL),
(720, 'TRIGLYCERIDE', 312, 'Normal:(0 - 200) ', 'mg/dl', NULL, 'NA', '35.00', '160.00', NULL, NULL),
(721, 'HDL', 312, 'Normal:(0 - 60) ', 'mg/dl', NULL, 'NA', '30.00', '70.00', NULL, NULL),
(722, 'LDL', 312, 'Normal:(0 - 130) ', 'mg/dl', NULL, 'NA', '100.00', '150.00', NULL, NULL),
(728, 'ALBUMIN', 43, 'Normal:(3.5 - 5.2) ', 'g/dl', NULL, 'NA', '3.50', '5.50', '35.00', '52.00'),
(729, 'TOTAL PROTEIN', 43, 'Normal:(5.7 - 7.8) ', 'g/dl', NULL, 'NA', '6.00', '7.80', '64.00', '83.00'),
(730, 'BLOOD GROUP', 313, '', '', NULL, '', NULL, NULL, NULL, NULL),
(732, 'PCV OF  DONOR', 313, '', '', NULL, '', NULL, NULL, NULL, NULL),
(733, 'HIV', 313, '', 'NEGATIVE', NULL, NULL, NULL, NULL, NULL, NULL),
(734, 'HBsAg', 313, '', 'NEGATIVE', NULL, NULL, NULL, NULL, NULL, NULL),
(735, 'HCV', 313, '', 'NEGATIVE', NULL, NULL, NULL, NULL, NULL, NULL),
(736, 'VDRL', 313, '', 'NEGATIVE', NULL, NULL, NULL, NULL, NULL, NULL),
(737, 'DATE OF COLLECTION', 313, '', NULL, NULL, NULL, NULL, NULL, NULL, NULL),
(738, 'DATE OF EXPIRY', 313, '', NULL, NULL, NULL, NULL, NULL, NULL, NULL),
(745, 'GGT', 43, '(6 - 50)', 'U/L', NULL, 'NA', '6.00', '50.00', NULL, NULL),
(746, 'HBV', 18, '', NULL, NULL, NULL, NULL, NULL, NULL, NULL),
(747, 'HCV', 18, '', NULL, NULL, NULL, NULL, NULL, NULL, NULL),
(748, 'VDRL', 18, '', NULL, NULL, NULL, NULL, NULL, NULL, NULL),
(749, 'MPV', 125, '(9.4 - 12)', 'fL', NULL, 'NA', '9.40', '12.00', NULL, NULL),
(750, 'OTHERS', 69, '', NULL, NULL, NULL, NULL, NULL, NULL, NULL),
(751, 'CULTURE', 77, '', NULL, NULL, NULL, NULL, NULL, NULL, NULL),
(752, 'SENSITIVITY', 77, '', NULL, NULL, NULL, NULL, NULL, NULL, NULL),
(753, 'RESISTANCE', 77, '', NULL, NULL, NULL, NULL, NULL, NULL, NULL),
(754, 'MICROSCOPY', 87, '', NULL, NULL, NULL, NULL, NULL, NULL, NULL),
(755, 'APPEARANCE', 320, '', '', NULL, '', NULL, NULL, NULL, NULL),
(757, 'CULTURE', 320, '', NULL, NULL, NULL, NULL, NULL, NULL, NULL),
(758, 'SENSITVITY', 320, '', NULL, NULL, NULL, NULL, NULL, NULL, NULL),
(759, 'RESISTANCE', 320, '', NULL, NULL, NULL, NULL, NULL, NULL, NULL),
(760, 'CULTURE', 336, '', NULL, NULL, NULL, NULL, NULL, NULL, NULL),
(761, 'CULTURE', 189, '', '', NULL, '', NULL, NULL, NULL, NULL),
(762, 'SENSITIVITY', 189, '', NULL, NULL, NULL, NULL, NULL, NULL, NULL),
(763, 'RESISTANCE', 189, '', NULL, NULL, NULL, NULL, NULL, NULL, NULL),
(764, 'SENSITIVITY', 336, '', NULL, NULL, NULL, NULL, NULL, NULL, NULL),
(765, 'RESISTANCE', 336, '', NULL, NULL, NULL, NULL, NULL, NULL, NULL),
(766, 'HBsAg', 337, '', NULL, NULL, NULL, NULL, NULL, NULL, NULL),
(767, 'HBsAb', 337, '', NULL, NULL, NULL, NULL, NULL, NULL, NULL),
(768, 'HBeAg', 337, '', '', NULL, '', NULL, NULL, NULL, NULL),
(769, 'HBeAb', 337, '', NULL, NULL, NULL, NULL, NULL, NULL, NULL),
(770, 'HBcAb', 337, '', NULL, NULL, NULL, NULL, NULL, NULL, NULL),
(778, 'Appearance', 348, NULL, NULL, NULL, NULL, NULL, NULL, NULL, NULL),
(779, 'Pus cells', 348, NULL, NULL, NULL, NULL, NULL, NULL, NULL, NULL),
(780, 'RBC', 348, NULL, NULL, NULL, NULL, NULL, NULL, NULL, NULL),
(781, 'Epth cells', 348, NULL, NULL, NULL, NULL, NULL, NULL, NULL, NULL),
(782, 'Bacterial', 348, NULL, NULL, NULL, NULL, NULL, NULL, NULL, NULL),
(783, 'Yeast cells', 348, NULL, NULL, NULL, NULL, NULL, NULL, NULL, NULL),
(784, 'T. Vaginalis', 348, NULL, NULL, NULL, NULL, NULL, NULL, NULL, NULL),
(785, 'S. heamatibium', 348, NULL, NULL, NULL, NULL, NULL, NULL, NULL, NULL),
(786, 'Others', 348, NULL, NULL, NULL, NULL, NULL, NULL, NULL, NULL),
(787, 'Appearance', 299, NULL, NULL, NULL, NULL, NULL, NULL, NULL, NULL),
(788, 'Pus cells', 299, NULL, NULL, NULL, NULL, NULL, NULL, NULL, NULL),
(789, 'Yeast cell', 299, NULL, NULL, NULL, NULL, NULL, NULL, NULL, NULL),
(790, 'Cysts', 299, NULL, NULL, NULL, NULL, NULL, NULL, NULL, NULL),
(791, 'Ova', 299, NULL, NULL, NULL, NULL, NULL, NULL, NULL, NULL),
(792, 'Others', 299, NULL, NULL, NULL, NULL, NULL, NULL, NULL, NULL),
(794, 'BIOCARBONATE', 40, NULL, NULL, NULL, NULL, NULL, NULL, NULL, NULL),
(795, 'CREATININE', 40, 'Normal:(0.5 - 1.3) ', 'mg/dl', NULL, NULL, NULL, NULL, NULL, NULL),
(796, 'iCa', 40, 'Normal:(1.1 - 1.4) ', 'mmol/L', NULL, NULL, NULL, NULL, NULL, NULL),
(797, 'TCa', 40, 'Normal:(2.2 - 2.9) ', 'mmol/L', NULL, NULL, NULL, NULL, NULL, NULL),
(798, 'PH', 40, NULL, NULL, NULL, NULL, NULL, NULL, NULL, NULL),
(799, 'CO2', 40, 'Normal:(21 - 28) ', 'nmol/L', NULL, NULL, NULL, NULL, NULL, NULL),
(800, 'HbsAg', 359, NULL, NULL, NULL, NULL, NULL, NULL, NULL, NULL),
(801, 'HBsAb', 359, NULL, NULL, NULL, NULL, NULL, NULL, NULL, NULL),
(802, 'HbeAg', 359, NULL, NULL, NULL, NULL, NULL, NULL, NULL, NULL),
(803, 'HBeAb', 359, NULL, NULL, NULL, NULL, NULL, NULL, NULL, NULL),
(804, 'HBcAb', 359, NULL, NULL, NULL, NULL, NULL, NULL, NULL, NULL),
(805, 'Appearence', 246, NULL, NULL, NULL, NULL, NULL, NULL, NULL, NULL),
(806, 'PH', 246, NULL, NULL, NULL, NULL, NULL, NULL, NULL, NULL),
(807, 'Protein', 246, NULL, NULL, NULL, NULL, NULL, NULL, NULL, NULL),
(808, 'Glucose(Sugar)', 246, NULL, NULL, NULL, NULL, NULL, NULL, NULL, NULL),
(809, 'Ascorpbic Acid', 246, NULL, NULL, NULL, NULL, NULL, NULL, NULL, NULL),
(810, 'blood', 246, NULL, NULL, NULL, NULL, NULL, NULL, NULL, NULL),
(811, 'Bilirubin', 246, NULL, NULL, NULL, NULL, NULL, NULL, NULL, NULL),
(812, 'Ketone', 246, NULL, NULL, NULL, NULL, NULL, NULL, NULL, NULL),
(813, 'Nitrite', 246, NULL, NULL, NULL, NULL, NULL, NULL, NULL, NULL),
(814, 'Urobillinogen', 246, NULL, NULL, NULL, NULL, NULL, NULL, NULL, NULL),
(815, 'Leucocytes(wbc)', 246, NULL, NULL, NULL, NULL, NULL, NULL, NULL, NULL),
(816, 'Sp. Gravity', 246, NULL, NULL, NULL, NULL, NULL, NULL, NULL, NULL),
(817, 'Others', 246, NULL, NULL, NULL, NULL, NULL, NULL, NULL, NULL),
(818, 'ParamiShi1', 368, NULL, NULL, NULL, NULL, NULL, NULL, NULL, NULL),
(819, 'ParamShi2', 368, NULL, NULL, NULL, NULL, NULL, NULL, NULL, NULL),
(820, 'Typhi OSalmonella', 361, '', NULL, 0, NULL, NULL, NULL, NULL, NULL),
(821, '69pama', 372, NULL, NULL, NULL, NULL, NULL, NULL, NULL, NULL),
(822, 'adexsimplyParam', 373, NULL, NULL, NULL, NULL, NULL, NULL, NULL, NULL),
(823, 'adeparam2', 374, NULL, NULL, NULL, NULL, NULL, NULL, NULL, NULL),
(824, 'Adexsimp33', 374, NULL, NULL, NULL, NULL, NULL, NULL, NULL, NULL),
(825, 'Big Testparam2', 371, NULL, NULL, NULL, NULL, NULL, NULL, NULL, NULL),
(826, 'BigTest2 Param3', 371, NULL, NULL, NULL, NULL, NULL, NULL, NULL, NULL),
(827, 'BigTestParam6', 371, NULL, 'dd', NULL, NULL, NULL, NULL, NULL, NULL);

-- --------------------------------------------------------

--
-- Table structure for table `lab_test_parameters`
--

CREATE TABLE `lab_test_parameters` (
  `id` int(11) NOT NULL,
  `lab_test_id` int(10) NOT NULL,
  `name` varchar(50) NOT NULL,
  `measure` varchar(50) NOT NULL,
  `range_value` varchar(100) NOT NULL,
  `date_added` timestamp NOT NULL DEFAULT current_timestamp()
) ENGINE=InnoDB DEFAULT CHARSET=latin1;

--
-- Dumping data for table `lab_test_parameters`
--

INSERT INTO `lab_test_parameters` (`id`, `lab_test_id`, `name`, `measure`, `range_value`, `date_added`) VALUES
(2, 327, 'Acid Phosphate Sub1', 'mm-2', 'Normal-23', '2021-04-02 16:45:36'),
(3, 327, 'Acid Phosphate Sub2', 'mm', '23-67', '2021-04-02 16:45:36');

-- --------------------------------------------------------

--
-- Table structure for table `lab_test_range`
--

CREATE TABLE `lab_test_range` (
  `id` int(10) NOT NULL,
  `name` varchar(50) NOT NULL,
  `date_added` timestamp NOT NULL DEFAULT current_timestamp()
) ENGINE=InnoDB DEFAULT CHARSET=latin1;

--
-- Dumping data for table `lab_test_range`
--

INSERT INTO `lab_test_range` (`id`, `name`, `date_added`) VALUES
(2, 'Normal', '2021-03-08 09:54:52'),
(3, 'Infant', '2021-03-08 09:54:52'),
(4, 'Male', '2021-03-08 09:54:52'),
(5, 'Female', '2021-03-08 09:54:52'),
(6, 'Adult', '2021-03-08 09:54:52'),
(7, 'High-risk', '2021-03-08 09:54:52'),
(8, 'Postmenopausal', '2021-03-08 09:54:52'),
(9, 'Premenopausal', '2021-03-08 09:54:52'),
(10, 'Follicular Phase', '2021-03-08 09:54:52'),
(11, 'Preovulatory phase', '2021-03-08 09:54:52'),
(12, 'Luteral Phase', '2021-03-08 09:54:52'),
(13, 'Pregnant First-trimester', '2021-03-08 09:54:52'),
(14, 'Preganant second-trimester', '2021-03-08 09:54:52'),
(15, 'Pregnant third-trimester', '2021-03-08 09:54:52'),
(16, 'Ovulatory Phase', '2021-03-08 09:54:52'),
(17, 'Depression of CNS', '2021-03-08 09:54:52');

-- --------------------------------------------------------

--
-- Table structure for table `lab_test_range_by_test`
--

CREATE TABLE `lab_test_range_by_test` (
  `id` int(11) NOT NULL,
  `lab_test_subgroup_id` int(10) NOT NULL,
  `name` varchar(50) NOT NULL,
  `low` varchar(50) NOT NULL,
  `high` varchar(50) NOT NULL,
  `date_added` timestamp NOT NULL DEFAULT current_timestamp()
) ENGINE=InnoDB DEFAULT CHARSET=latin1;

--
-- Dumping data for table `lab_test_range_by_test`
--

INSERT INTO `lab_test_range_by_test` (`id`, `lab_test_subgroup_id`, `name`, `low`, `high`, `date_added`) VALUES
(2, 365, 'Adult', '6', '8', '2021-04-02 15:56:07'),
(3, 365, 'Preovulatory phase', '2', '10', '2021-04-02 16:41:42'),
(4, 366, 'Adult', '1', '5', '2021-04-03 14:02:07'),
(5, 366, 'Female', '2', '9', '2021-04-03 14:02:07'),
(6, 818, 'Adult', '1', '9', '2021-04-03 14:10:39'),
(7, 818, 'Female', '2', '8', '2021-04-03 14:10:39'),
(8, 818, 'Male', '1', '7', '2021-04-03 14:10:39'),
(9, 819, 'Depression of CNS', '2', '5', '2021-04-03 14:10:39'),
(10, 819, 'Ovulatory Phase', '2', '5', '2021-04-03 14:10:39'),
(11, 83, 'Male', '12', '16', '2021-04-03 14:38:04'),
(12, 83, 'Female', '11.5', '15', '2021-04-03 14:38:04'),
(13, 84, 'Male', '40', '52', '2021-04-03 14:40:22'),
(14, 84, 'Female', '35', '45', '2021-04-03 14:40:22'),
(15, 370, 'Ovulatory Phase', '1', '7', '2021-04-06 17:05:50'),
(16, 370, 'Pregnant First-trimester', '2', '8', '2021-04-06 17:05:50'),
(17, 374, 'Ovulatory Phase', '2', '8', '2021-04-06 17:43:52'),
(18, 374, 'Adult', '5', '9', '2021-04-06 17:43:52'),
(19, 823, 'Ovulatory Phase', '2', '8', '2021-04-06 17:43:52'),
(20, 823, 'Adult', '5', '9', '2021-04-06 17:43:52'),
(21, 370, 'Follicular Phase', '1', '8', '2021-04-06 18:09:10'),
(22, 371, 'Luteral Phase', '1', '90', '2021-04-06 18:13:51'),
(23, 825, 'Luteral Phase', '1', '90', '2021-04-06 18:13:51'),
(24, 371, 'Premenopausal', '5', '10', '2021-04-06 18:16:15'),
(25, 826, 'Premenopausal', '5', '10', '2021-04-06 18:16:15'),
(26, 371, 'Male', '1', '9', '2021-04-06 18:30:22'),
(27, 827, 'Male', '1', '9', '2021-04-06 18:30:22');

-- --------------------------------------------------------

--
-- Table structure for table `lab_test_result_details`
--

CREATE TABLE `lab_test_result_details` (
  `id` int(11) NOT NULL,
  `lab_request_id` int(11) NOT NULL,
  `lab_test_id` int(11) NOT NULL,
  `lab_test_subgroup_id` int(11) DEFAULT NULL,
  `result` text NOT NULL,
  `date_created` datetime NOT NULL DEFAULT current_timestamp()
) ENGINE=InnoDB DEFAULT CHARSET=utf8mb4;

--
-- Dumping data for table `lab_test_result_details`
--

INSERT INTO `lab_test_result_details` (`id`, `lab_request_id`, `lab_test_id`, `lab_test_subgroup_id`, `result`, `date_created`) VALUES
(1, 1, 125, 83, '2', '2021-07-11 21:07:12'),
(2, 1, 125, 84, 't', '2021-07-11 21:07:12'),
(3, 1, 125, 86, 't', '2021-07-11 21:07:12'),
(4, 1, 125, 88, 't', '2021-07-11 21:07:12'),
(5, 1, 125, 483, 't', '2021-07-11 21:07:12'),
(6, 1, 125, 484, 't', '2021-07-11 21:07:12'),
(7, 1, 125, 518, 't', '2021-07-11 21:07:12'),
(8, 1, 125, 689, 't', '2021-07-11 21:07:12'),
(9, 1, 125, 693, 't', '2021-07-11 21:07:12'),
(10, 1, 125, 694, 't', '2021-07-11 21:07:12'),
(11, 1, 125, 695, 'u', '2021-07-11 21:07:12'),
(12, 1, 125, 749, 'u', '2021-07-11 21:07:12'),
(13, 2, 323, NULL, '3', '2021-07-11 21:07:19'),
(14, 4, 212, NULL, '3', '2021-07-11 21:07:24'),
(15, 3, 238, NULL, '4', '2021-07-11 21:07:32');

-- --------------------------------------------------------

--
-- Table structure for table `lab_test_subgroups_ranges`
--

CREATE TABLE `lab_test_subgroups_ranges` (
  `id` int(11) NOT NULL,
  `lab_test_id` int(10) NOT NULL,
  `name` varchar(50) NOT NULL,
  `measure` varchar(50) NOT NULL,
  `range_value` varchar(100) NOT NULL,
  `date_added` timestamp NOT NULL DEFAULT current_timestamp()
) ENGINE=InnoDB DEFAULT CHARSET=latin1;

--
-- Dumping data for table `lab_test_subgroups_ranges`
--

INSERT INTO `lab_test_subgroups_ranges` (`id`, `lab_test_id`, `name`, `measure`, `range_value`, `date_added`) VALUES
(2, 327, 'Acid Phosphate Sub1', 'mm-2', 'Normal-23', '2021-04-02 16:45:36'),
(3, 327, 'Acid Phosphate Sub2', 'mm', '23-67', '2021-04-02 16:45:36');

-- --------------------------------------------------------

--
-- Table structure for table `medications`
--

CREATE TABLE `medications` (
  `id` int(11) NOT NULL,
  `treatment_for` varchar(200) NOT NULL,
  `treatment_cost` varchar(20) NOT NULL,
  `date_added` datetime NOT NULL DEFAULT current_timestamp()
) ENGINE=InnoDB DEFAULT CHARSET=utf8mb4;

-- --------------------------------------------------------

--
-- Table structure for table `med_reports`
--

CREATE TABLE `med_reports` (
  `id` int(10) NOT NULL,
  `appointment_id` int(10) NOT NULL,
  `patient_id` int(10) NOT NULL,
  `doctor_id` int(10) NOT NULL,
  `vital_id` int(10) NOT NULL,
  `report` text NOT NULL,
  `date_added` timestamp NOT NULL DEFAULT current_timestamp()
) ENGINE=InnoDB DEFAULT CHARSET=utf8mb4;

--
-- Dumping data for table `med_reports`
--

INSERT INTO `med_reports` (`id`, `appointment_id`, `patient_id`, `doctor_id`, `vital_id`, `report`, `date_added`) VALUES
(5, 22, 25, 17, 17, 'OK sir', '2021-07-06 12:33:09');

-- --------------------------------------------------------

--
-- Table structure for table `menu_assigned`
--

CREATE TABLE `menu_assigned` (
  `id` int(11) NOT NULL,
  `menu_child_id` int(11) NOT NULL,
  `role_id` int(11) NOT NULL,
  `date_created` datetime NOT NULL DEFAULT current_timestamp()
) ENGINE=InnoDB DEFAULT CHARSET=utf8mb4;

--
-- Dumping data for table `menu_assigned`
--

INSERT INTO `menu_assigned` (`id`, `menu_child_id`, `role_id`, `date_created`) VALUES
(3, 1, 3, '2021-03-06 09:52:01'),
(4, 4, 3, '2021-03-06 09:52:03'),
(6, 6, 1, '2021-03-06 13:27:03'),
(7, 7, 1, '2021-03-06 13:27:04'),
(8, 8, 1, '2021-03-06 13:27:06'),
(9, 4, 1, '2021-03-06 13:27:12'),
(10, 6, 3, '2021-03-06 13:27:29');

-- --------------------------------------------------------

--
-- Table structure for table `menu_children`
--

CREATE TABLE `menu_children` (
  `id` int(11) NOT NULL,
  `menu_parent_id` int(11) NOT NULL,
  `menu_child_name` varchar(50) NOT NULL,
  `date_created` datetime NOT NULL DEFAULT current_timestamp()
) ENGINE=InnoDB DEFAULT CHARSET=utf8mb4;

--
-- Dumping data for table `menu_children`
--

INSERT INTO `menu_children` (`id`, `menu_parent_id`, `menu_child_name`, `date_created`) VALUES
(1, 1, 'Add Patient', '0000-00-00 00:00:00'),
(4, 1, 'Delete Patient', '2021-02-08 09:19:23'),
(5, 4, 'Add Vitals', '2021-03-06 09:53:26'),
(6, 4, 'Delete Vitals', '2021-03-06 09:53:34'),
(7, 4, 'Edit Vitals', '2021-03-06 09:53:46'),
(8, 4, 'View Vitals', '2021-03-06 09:53:54');

-- --------------------------------------------------------

--
-- Table structure for table `menu_parents`
--

CREATE TABLE `menu_parents` (
  `id` int(11) NOT NULL,
  `menu_parent_name` varchar(50) NOT NULL,
  `date_created` datetime NOT NULL DEFAULT current_timestamp()
) ENGINE=InnoDB DEFAULT CHARSET=utf8mb4;

--
-- Dumping data for table `menu_parents`
--

INSERT INTO `menu_parents` (`id`, `menu_parent_name`, `date_created`) VALUES
(1, 'Patients', '2020-10-08 02:22:09'),
(2, 'Personnel', '2020-10-08 02:22:29'),
(4, 'Vitals', '2021-03-06 09:53:16');

-- --------------------------------------------------------

--
-- Table structure for table `next_of_kin_rel`
--

CREATE TABLE `next_of_kin_rel` (
  `id` int(11) NOT NULL,
  `rel_name` varchar(50) COLLATE utf8_bin DEFAULT NULL
) ENGINE=InnoDB DEFAULT CHARSET=utf8 COLLATE=utf8_bin;

--
-- Dumping data for table `next_of_kin_rel`
--

INSERT INTO `next_of_kin_rel` (`id`, `rel_name`) VALUES
(1, 'Father'),
(2, 'Mother'),
(3, 'Brother'),
(4, 'Sister'),
(5, 'Son'),
(6, 'Daughter'),
(7, 'Friend'),
(8, 'In-Law'),
(9, 'Cousin'),
(10, 'Aunt'),
(11, 'Pastor'),
(12, 'Others'),
(13, 'Husband'),
(14, 'Wife'),
(15, 'Spouse'),
(16, 'Fiance'),
(17, 'Uncle');

-- --------------------------------------------------------

--
-- Table structure for table `nurses`
--

CREATE TABLE `nurses` (
  `nurse_name` varchar(100) NOT NULL,
  `nurse_reg_no` varchar(20) NOT NULL,
  `department_id` int(11) NOT NULL,
  `nurse_email` varchar(50) NOT NULL,
  `nurse_phone` varchar(20) NOT NULL,
  `nurse_address` varchar(100) NOT NULL,
  `nurse_photo` varchar(200) NOT NULL,
  `date_added` datetime NOT NULL DEFAULT current_timestamp()
) ENGINE=InnoDB DEFAULT CHARSET=utf8mb4;

-- --------------------------------------------------------

--
-- Table structure for table `occupation`
--

CREATE TABLE `occupation` (
  `id` int(11) NOT NULL,
  `occupation_name` varchar(50) COLLATE utf8_bin DEFAULT NULL
) ENGINE=InnoDB DEFAULT CHARSET=utf8 COLLATE=utf8_bin;

--
-- Dumping data for table `occupation`
--

INSERT INTO `occupation` (`id`, `occupation_name`) VALUES
(342, 'Child'),
(343, 'Civil Servant'),
(344, 'House Wife'),
(345, 'Student'),
(348, 'Nurse'),
(349, 'Doctor'),
(350, 'Others'),
(351, 'Police'),
(352, 'Security'),
(353, 'Staff');

-- --------------------------------------------------------

--
-- Table structure for table `operations`
--

CREATE TABLE `operations` (
  `id` int(11) NOT NULL,
  `patient_id` int(11) NOT NULL,
  `clinic_id` int(11) NOT NULL,
  `sender_id` int(11) NOT NULL,
  `operation` varchar(5) NOT NULL DEFAULT 'No',
  `diagnosis` text NOT NULL,
  `date_created` datetime NOT NULL DEFAULT current_timestamp()
) ENGINE=InnoDB DEFAULT CHARSET=utf8mb4;

--
-- Dumping data for table `operations`
--

INSERT INTO `operations` (`id`, `patient_id`, `clinic_id`, `sender_id`, `operation`, `diagnosis`, `date_created`) VALUES
(1, 7, 1, 1, 'No', 'BeriBeri', '2020-10-20 04:05:56');

-- --------------------------------------------------------

--
-- Table structure for table `parameters`
--

CREATE TABLE `parameters` (
  `id` int(5) UNSIGNED NOT NULL,
  `name` text NOT NULL,
  `date_added` datetime DEFAULT current_timestamp()
) ENGINE=InnoDB DEFAULT CHARSET=utf8;

--
-- Dumping data for table `parameters`
--

INSERT INTO `parameters` (`id`, `name`, `date_added`) VALUES
(1, 'Wards', '2021-01-27 09:35:49'),
(2, 'Unit', '2021-01-27 09:35:49'),
(3, 'Tribe', '2021-01-27 09:35:49'),
(4, 'Titles', '2021-01-27 09:35:49'),
(5, 'State', '2021-01-27 09:35:49'),
(6, 'Sex', '2021-01-27 09:35:49'),
(7, 'Section', '2021-01-27 09:35:49'),
(8, 'Sales Group', '2021-01-27 09:35:49'),
(9, 'Religion', '2021-01-27 09:35:49'),
(10, 'Pharmacy Groups', '2021-01-27 09:35:49'),
(11, 'Occupation', '2021-01-27 09:35:49'),
(12, 'Nation', '2021-01-27 09:35:49'),
(13, 'Metal Status', '2021-01-27 09:35:49'),
(14, 'Lens Type', '2021-01-27 09:35:49'),
(15, 'Lab Test Group', '2021-01-27 09:35:49'),
(16, 'Inventry Unitof Measure', '2021-01-27 09:35:49'),
(17, 'Headship Position', '2021-01-27 09:35:49'),
(18, 'Genotype', '2021-01-27 09:35:49'),
(19, 'Filins', '2021-01-27 09:35:49'),
(20, 'Enosllee Type', '2021-01-27 09:35:49'),
(21, 'Enrollee Company', '2021-01-27 09:35:49'),
(22, 'Designation', '2021-01-27 09:35:49'),
(23, 'Department', '2021-01-27 09:35:49'),
(24, 'Complains', '2021-01-27 09:35:49'),
(25, 'City Area', '2021-01-27 09:35:49'),
(26, 'Blood Group', '2021-01-27 09:35:49');

-- --------------------------------------------------------

--
-- Table structure for table `patient_appointments`
--

CREATE TABLE `patient_appointments` (
  `id` int(11) NOT NULL,
  `patient_id` int(11) NOT NULL,
  `doctor_id` int(11) DEFAULT NULL,
  `clinic_id` int(11) NOT NULL,
  `appointment_status` varchar(20) NOT NULL DEFAULT 'Pending',
  `appointment_date` date NOT NULL,
  `appointment_time` varchar(20) NOT NULL,
  `treatment_for` varchar(100) DEFAULT NULL,
  `appointment_remark` varchar(100) DEFAULT NULL,
  `paid` enum('No','Yes') NOT NULL DEFAULT 'No',
  `date_added` datetime NOT NULL DEFAULT current_timestamp()
) ENGINE=InnoDB DEFAULT CHARSET=utf8mb4;

--
-- Dumping data for table `patient_appointments`
--

INSERT INTO `patient_appointments` (`id`, `patient_id`, `doctor_id`, `clinic_id`, `appointment_status`, `appointment_date`, `appointment_time`, `treatment_for`, `appointment_remark`, `paid`, `date_added`) VALUES
(1, 30, NULL, 1, 'Pending', '2021-07-08', '14:10', NULL, NULL, 'Yes', '2021-07-08 13:34:38');

-- --------------------------------------------------------

--
-- Table structure for table `patient_details`
--

CREATE TABLE `patient_details` (
  `id` int(11) NOT NULL,
  `patient_title` varchar(10) NOT NULL,
  `patient_name` varchar(100) NOT NULL,
  `patient_id_num` varchar(30) DEFAULT NULL,
  `patient_email` varchar(50) DEFAULT NULL,
  `patient_marital_status` varchar(30) NOT NULL,
  `patient_gender` varchar(15) NOT NULL,
  `patient_dob` varchar(20) NOT NULL,
  `patient_phone` varchar(20) DEFAULT NULL,
  `patient_tribe` varchar(100) DEFAULT NULL,
  `patient_occupation` varchar(100) DEFAULT NULL,
  `patient_religion` varchar(100) DEFAULT NULL,
  `patient_origin` varchar(100) DEFAULT NULL,
  `patient_blood_group` varchar(10) DEFAULT NULL,
  `patient_address` varchar(100) NOT NULL,
  `patient_status` varchar(50) DEFAULT NULL,
  `patient_regtype` varchar(20) NOT NULL,
  `patient_photo` varchar(200) DEFAULT NULL,
  `patient_city` varchar(100) DEFAULT NULL,
  `patient_state` varchar(100) DEFAULT NULL,
  `patient_country` varchar(100) DEFAULT NULL,
  `patient_reg_date` date NOT NULL,
  `patient_expiry_date` date DEFAULT NULL,
  `enrollee_type` varchar(100) DEFAULT NULL,
  `company` varchar(100) DEFAULT NULL,
  `enrollee_no` varchar(20) DEFAULT NULL,
  `status` int(11) NOT NULL DEFAULT 0,
  `date_added` datetime NOT NULL DEFAULT current_timestamp()
) ENGINE=InnoDB DEFAULT CHARSET=utf8mb4;

--
-- Dumping data for table `patient_details`
--

INSERT INTO `patient_details` (`id`, `patient_title`, `patient_name`, `patient_id_num`, `patient_email`, `patient_marital_status`, `patient_gender`, `patient_dob`, `patient_phone`, `patient_tribe`, `patient_occupation`, `patient_religion`, `patient_origin`, `patient_blood_group`, `patient_address`, `patient_status`, `patient_regtype`, `patient_photo`, `patient_city`, `patient_state`, `patient_country`, `patient_reg_date`, `patient_expiry_date`, `enrollee_type`, `company`, `enrollee_no`, `status`, `date_added`) VALUES
(1, '6', 'John Snow', 'RTWR888', 'adetoyeshina@gmail.com', '', 'Male', '1990-02-20', '+2348038387930', '', NULL, '', '', 'A', 'No 3 George Street, Apata', 'A', 'Inpatient', 'Screenshot_2020-07-29_at_14_17_302.png', NULL, NULL, NULL, '2021-01-28', NULL, '', '', '', 0, '2020-08-07 12:18:48'),
(2, '6', 'Stephen Hawkings', 'RTWR889', 'adetoyeshina@gmail.com', '', 'Male', '1990-02-20', '+2348038387930', '', NULL, '', '', 'A', 'No 3 George Street, Apata', 'A', 'Inpatient', 'Screenshot_2020-07-29_at_14_17_303.png', NULL, NULL, NULL, '2021-01-28', NULL, '', '', '', 0, '2020-08-07 12:19:23'),
(3, '6', 'Ryan Gosling', 'RTWR890', 'adetoyeshina@gmail.com', '', 'Male', '2020-08-08', '+2348038387930', '', NULL, '', '', 'A', 'No 3 George Street, Apata', 'A', 'Inpatient', 'Screenshot_2020-07-30_at_12_39_13.png', NULL, NULL, NULL, '2021-01-28', NULL, '', '', '', 0, '2020-08-07 17:41:58'),
(4, '6', 'Ethan Hawke', 'RTWR891', 'adetoyeshina@gmail.com', '', 'Male', '2008-08-08', '+2348038387930', '', NULL, '', '', 'A', 'No 3 George Street, Apata', 'HMO', 'Inpatient', 'Screenshot_2020-07-30_at_12_39_131.png', NULL, NULL, NULL, '2021-01-28', NULL, '', '', '', 0, '2020-08-07 17:42:07'),
(5, '3', 'Segun Agbaje', 'RTWR892', 'adetoyeshina@gmail.com', '', 'Male', '2020-08-08', '+2348038387930', '', NULL, '', '', 'A', 'No 3 George Street, Apata', 'A', 'Inpatient', 'Screenshot_2020-07-30_at_12_39_132.png', NULL, NULL, NULL, '2021-01-28', NULL, '', '', '', 0, '2020-08-07 17:43:04'),
(6, '9', 'Jimi Jones', 'RTWR893', 'adetoyeshina@gmail.com', '', 'Male', '2020-08-04', '+2348038387930', '', NULL, '', '', 'A', 'No 3 George Street, Apata', 'HMO', 'Outpatient', 'Screenshot_2020-07-30_at_12_39_133.png', NULL, NULL, NULL, '2021-01-28', NULL, '', '', '', 0, '2020-08-07 17:59:39'),
(7, '9', 'Jessica Alba', 'RTWR894', 'adetoyeshina@gmail.com', '', 'Female', '2000-08-25', '+2348038387930', '', 'Soldier', '', '', 'A', 'No 3 George Street, Apata', 'A', 'Inpatient', 'Screenshot_2020-08-02_at_15_49_10.png', NULL, NULL, NULL, '2021-01-28', NULL, '', '', '', 0, '2020-08-07 18:03:29'),
(8, '10', 'Shina Adetoye', 'ERE890', 'adetoyeshina@gmail.com', '', 'Male', '2020-10-17', '+2348038387930', '', 'Lawyer', '', '', 'A', 'No 3 George Street, Apata', 'HMO', 'Inpatient', 'auth_bg.jpg', NULL, NULL, NULL, '2021-01-28', NULL, '', '', '', 0, '2020-10-11 01:06:39'),
(9, '17', 'Janet Jackson', 'PRST-SSS-213', 'janet@gmail.com', '', 'Female', '2019-08-29', '090338838383', 'Hausa', 'Farmer', 'Christianity', 'Aba', 'B', 'No 3 George Street, Apata', 'Private', 'Walk-In', 'ilikilu.png', NULL, NULL, NULL, '2021-01-28', NULL, NULL, NULL, NULL, 1, '2020-10-11 02:25:17'),
(10, '12', 'Rachel Dane', 'ERE8742', 'adetoyeshina@gmail.com', '', 'Female', '2021-01-23', '+2348038387930', 'Igbo', 'A', 'Christianity', 'OKie', 'B', 'No 3 George Street, Apata', 'HMO', 'Walk-In', '', NULL, NULL, NULL, '2021-01-28', NULL, NULL, NULL, NULL, 1, '2021-01-20 13:11:27'),
(11, '6', 'shina adetoye', 'ERE8374', 'adetoyeshina@gmail.com', '', 'Male', '2021-01-17', '+2348038387930', 'Igbo', 'A', 'Islam', 'OKie', 'B', 'No 3 George Street, Apata', 'Private', 'Outpatient', 'Front.jpg', NULL, NULL, NULL, '2021-01-28', NULL, NULL, NULL, NULL, 1, '2021-01-20 13:14:43'),
(12, '6', 'Elizabeth Keene', 'ERE83749', 'adetoyeshina@gmail.com', '', 'Female', '2021-01-17', '+2348038387930', 'Igbo', '', 'Islam', NULL, 'B', 'No 3 George Street, Apata ', 'Private', 'Outpatient', 'avat.jpg', NULL, NULL, NULL, '2021-01-28', NULL, NULL, NULL, NULL, 1, '2021-01-28 18:58:39'),
(13, '6', 'shina adetoye', 'ERE', 'adetoyeshina@gmail.com', '', 'Male', '2021-05-25', '+2348038387930', '', '', '', NULL, 'OK', 'No 3 George Street, Apata\r\nNo 3 George Street, Apata', NULL, 'Outpatient', '', NULL, NULL, NULL, '2021-05-25', NULL, NULL, NULL, NULL, 1, '2021-05-25 09:05:53'),
(14, '6', 'Shina Adetoye', 'ERE', 'adetoyeshina@gmail.com', '', 'Male', '2021-05-03', '+2348038387930', '', '', '', NULL, 'OK', 'No 3 George Street, Apata\r\nNo 3 George Street, Apata', NULL, 'Walk-In', '', NULL, NULL, NULL, '2021-05-25', NULL, NULL, NULL, NULL, 1, '2021-05-25 09:19:22'),
(15, '6', 'Saminaka', 'HMS/0001/393939', 'abuja@nigeria.com.au', '', 'Male', '1995-06-06', '08037641977', 'Igbo', 'Business', 'Christianity', NULL, 'AA', '19 Amuri Street, OKe Ado Ekiti Road, Gwarinpa, Abuja', 'Private', 'Walk-In', '', NULL, NULL, NULL, '2021-06-03', NULL, NULL, NULL, NULL, 0, '2021-06-03 13:06:58'),
(16, '12', 'Saminaka', 'HMS/0001/393939', 'abuja@nigeria.com.au', '', 'Male', '1995-06-06', '08037641977', 'Igbo', 'Business', 'Christianity', NULL, 'AA', '19 Amuri Street, OKe Ado Ekiti Road, Gwarinpa, Abuja ', 'Private', 'Walk-In', '', NULL, NULL, NULL, '2021-06-03', NULL, NULL, NULL, NULL, 1, '2021-06-03 13:13:24'),
(17, '2', 'shina adetoye', 'ERE', 'adetoyeshina@gmail.com', '', 'Male', '2021-06-16', '+2348038387930', 'Hause', '', '', NULL, '', 'No 3 George Street, Apata\r\nNo 3 George Street, Apata', NULL, 'Outpatient', '', NULL, NULL, NULL, '2021-06-07', NULL, NULL, NULL, NULL, 0, '2021-06-07 09:26:54'),
(18, '8', 'shina adetoye', 'ERE', 'adetoyeshina@gmail.com', '', 'Female', '2019-11-12', '+2348038387930', 'Hause', '', 'Christianity', NULL, 'OK', 'No 3 George Street, Apata\r\nNo 3 George Street, Apata', NULL, 'Walk-In', '5.png', NULL, NULL, NULL, '2021-06-07', NULL, NULL, NULL, NULL, 1, '2021-06-07 21:10:21'),
(19, '2', 'Babara', 'HMS/11', 'babara@gmail.com', '', 'Male', '2002-02-08', '08038387930', '12', '351', '13', NULL, NULL, 'No 3 George Street, Apata\r\nNo 3 George Street, Apata ', NULL, 'Walk-In', '', NULL, NULL, NULL, '2021-06-08', NULL, NULL, NULL, NULL, 0, '2021-06-08 01:11:10'),
(20, '2', 'Babara', 'HMS/11', 'babara@gmail.com', '', 'Male', '2002-02-08', '08038387930', '12', '351', '13', NULL, NULL, 'No 3 George Street, Apata\r\nNo 3 George Street, Apata ', NULL, 'Walk-In', 'how2.png', NULL, NULL, NULL, '2021-06-08', NULL, NULL, NULL, NULL, 0, '2021-06-08 01:39:58'),
(21, '2', 'Babara Babara', 'HMS/11', 'babara@gmail.com', '', 'Male', '2002-02-08', '08038387930', '12', '351', '13', NULL, NULL, 'No 3 George Street, Apata\r\nNo 3 George Street, Apata   ', 'Private', 'Walk-In', 'how3.png', NULL, NULL, NULL, '2021-06-08', '0000-00-00', NULL, NULL, NULL, 0, '2021-06-08 01:40:28'),
(22, '6', 'Shina Adetoye Babanla', 'HMS/11', 'adetoyeshina@gmail.com', '', 'Female', '2015-01-13', '08038387930', '2', '343', '14', NULL, NULL, 'No 3 George Street, Apata\r\nNo 3 George Street, Apata ', 'Private', 'Outpatient', '', NULL, NULL, NULL, '2021-06-08', '0000-00-00', NULL, NULL, NULL, 0, '2021-06-08 01:49:32'),
(23, '6', 'Adetoye', 'HMS/11', 'adetoyeshina@gmail.com', '', 'Female', '2015-01-13', '08038387930', '2', '343', '14', NULL, NULL, 'No 3 George Street, Apata\r\nNo 3 George Street, Apata  ', 'Private', 'Outpatient', '', NULL, NULL, NULL, '2021-06-08', NULL, NULL, NULL, NULL, 0, '2021-06-08 01:52:03'),
(24, '6', 'BabaJide', 'HMS/11', 'adetoyeshina@gmail.com', 'Single', 'Female', '2015-01-13', '08038387930', '2', '343', '14', NULL, NULL, 'No 3 George Street, Apata\r\nNo 3 George Street, Apata                  ', 'Private', 'Outpatient', 'user-dp.png', NULL, NULL, NULL, '2021-06-01', '2022-07-08', NULL, NULL, NULL, 1, '2021-06-08 01:52:09'),
(25, '1', 'collins Jack robin', '1234566', 'myemail.me@gmail.com', 'Single', 'Male', '1978-11-19', '08037789292', '174', '349', '8', NULL, NULL, 'abuja', 'Private', 'Walk-In', '', NULL, NULL, NULL, '2021-06-23', '0000-00-00', NULL, NULL, NULL, 1, '2021-06-23 11:40:06'),
(29, '74', 'Danladi Dantube', 'HMS/124/345', 'danladi@gmail.com', 'Married', 'Male', '1969-02-07', '08038387930', '7', '342', '14', NULL, NULL, 'Km 14, Lagos Ibadan Expressw', 'Private', 'Walk-In', '', NULL, NULL, NULL, '2021-07-07', '2022-07-07', NULL, NULL, NULL, 0, '2021-07-07 18:13:40'),
(30, '71', 'Marcus Senna', 'HMS/124/3456', 'marcus@gmail.com', 'Single', 'Female', '1949-09-19', '890294882', '3', '343', '13', NULL, NULL, 'No 9 Taliban Area', 'Private', 'Walk-In', '', NULL, NULL, NULL, '2021-07-07', '2022-07-07', NULL, NULL, NULL, 1, '2021-07-07 18:50:31');

-- --------------------------------------------------------

--
-- Table structure for table `patient_details2`
--

CREATE TABLE `patient_details2` (
  `id` int(11) NOT NULL,
  `patient_title` varchar(10) NOT NULL,
  `patient_name` varchar(100) NOT NULL,
  `patient_id_num` varchar(30) DEFAULT NULL,
  `patient_email` varchar(50) DEFAULT NULL,
  `patient_gender` varchar(15) NOT NULL,
  `patient_dob` varchar(20) NOT NULL,
  `patient_phone` varchar(20) DEFAULT NULL,
  `patient_tribe` varchar(100) DEFAULT NULL,
  `patient_occupation` varchar(100) DEFAULT NULL,
  `patient_religion` varchar(100) DEFAULT NULL,
  `patient_origin` varchar(100) DEFAULT NULL,
  `patient_blood_group` varchar(10) DEFAULT NULL,
  `patient_address` varchar(100) NOT NULL,
  `patient_status` varchar(50) DEFAULT NULL,
  `patient_regtype` varchar(20) NOT NULL,
  `patient_photo` varchar(200) DEFAULT NULL,
  `enrollee_type` varchar(100) DEFAULT NULL,
  `company` varchar(100) DEFAULT NULL,
  `enrollee_no` varchar(20) DEFAULT NULL,
  `date_added` datetime NOT NULL DEFAULT current_timestamp()
) ENGINE=InnoDB DEFAULT CHARSET=utf8mb4;

--
-- Dumping data for table `patient_details2`
--

INSERT INTO `patient_details2` (`id`, `patient_title`, `patient_name`, `patient_id_num`, `patient_email`, `patient_gender`, `patient_dob`, `patient_phone`, `patient_tribe`, `patient_occupation`, `patient_religion`, `patient_origin`, `patient_blood_group`, `patient_address`, `patient_status`, `patient_regtype`, `patient_photo`, `enrollee_type`, `company`, `enrollee_no`, `date_added`) VALUES
(1, 'Mr', 'Shina Adetoye', 'RTWR888', 'adetoyeshina@gmail.com', 'Male', '1990-02-20', '+2348038387930', '', NULL, '', '', 'A', 'No 3 George Street, Apata', 'A', 'Inpatient', 'Screenshot_2020-07-29_at_14_17_302.png', '', '', '', '2020-08-07 12:18:48'),
(2, 'Mr', 'Shina Adetoye', 'RTWR888', 'adetoyeshina@gmail.com', 'Male', '1990-02-20', '+2348038387930', '', NULL, '', '', 'A', 'No 3 George Street, Apata', 'A', 'Inpatient', 'Screenshot_2020-07-29_at_14_17_303.png', '', '', '', '2020-08-07 12:19:23'),
(3, 'Mr', 'Shina Adetoye', 'RTWR888', 'adetoyeshina@gmail.com', 'Male', '2020-08-08', '+2348038387930', '', NULL, '', '', 'A', 'No 3 George Street, Apata', 'A', 'Inpatient', 'Screenshot_2020-07-30_at_12_39_13.png', '', '', '', '2020-08-07 17:41:58'),
(4, 'Mr', 'Shina Adetoye', 'RTWR888', 'adetoyeshina@gmail.com', 'Male', '2008-08-08', '+2348038387930', '', NULL, '', '', 'A', 'No 3 George Street, Apata', 'A', 'Inpatient', 'Screenshot_2020-07-30_at_12_39_131.png', '', '', '', '2020-08-07 17:42:07'),
(5, 'Mr', 'Shina Adetoye', 'RTWR888', 'adetoyeshina@gmail.com', 'Male', '2020-08-08', '+2348038387930', '', NULL, '', '', 'A', 'No 3 George Street, Apata', 'A', 'Inpatient', 'Screenshot_2020-07-30_at_12_39_132.png', '', '', '', '2020-08-07 17:43:04'),
(6, 'Mr', 'Shina Adetoye', 'RTWR888', 'adetoyeshina@gmail.com', 'Male', '2020-08-04', '+2348038387930', '', NULL, '', '', 'A', 'No 3 George Street, Apata', 'A', 'Outpatient', 'Screenshot_2020-07-30_at_12_39_133.png', '', '', '', '2020-08-07 17:59:39'),
(7, 'Mr', 'Shina Adetoye', 'RTWR888', 'adetoyeshina@gmail.com', 'Female', '2000-08-25', '+2348038387930', '', 'Soldier', '', '', 'A', 'No 3 George Street, Apata', 'A', 'Inpatient', 'Screenshot_2020-08-02_at_15_49_10.png', '', '', '', '2020-08-07 18:03:29'),
(8, 'Mr', 'Shina Adetoye', 'ERE', 'adetoyeshina@gmail.com', 'Male', '2020-10-17', '+2348038387930', '', 'Lawyer', '', '', 'A', 'No 3 George Street, Apata', 'HMO', 'Inpatient', 'auth_bg.jpg', '', '', '', '2020-10-11 01:06:39'),
(9, 'Miss', 'Janet Jackson', 'PRST-SSS-213', 'janet@gmail.com', 'Female', '2019-08-29', '090338838383', 'Hausa', 'Farmer', 'Christianity', 'Aba', 'B', 'No 3 George Street, Apata', 'Private', 'Walk-In', 'ilikilu.png', NULL, NULL, NULL, '2020-10-11 02:25:17'),
(10, 'Mr', 'shina adetoye', 'ERE', 'adetoyeshina@gmail.com', 'Female', '2021-01-23', '+2348038387930', 'Igbo', 'A', 'Christianity', 'OKie', 'B', 'No 3 George Street, Apata', '', 'Walk-In', '', NULL, NULL, NULL, '2021-01-20 13:11:27'),
(11, 'Miss', 'shina adetoye', 'ERE', 'adetoyeshina@gmail.com', 'Male', '2021-01-17', '+2348038387930', 'Igbo', 'A', 'Islam', 'OKie', 'B', 'No 3 George Street, Apata', 'Private', 'Outpatient', 'Front.jpg', NULL, NULL, NULL, '2021-01-20 13:14:43');

-- --------------------------------------------------------

--
-- Table structure for table `patient_documents`
--

CREATE TABLE `patient_documents` (
  `id` int(11) NOT NULL,
  `patient_id` int(11) NOT NULL,
  `document_title` varchar(200) NOT NULL,
  `document_file` varchar(200) NOT NULL,
  `date_added` datetime NOT NULL
) ENGINE=InnoDB DEFAULT CHARSET=utf8mb4;

-- --------------------------------------------------------

--
-- Table structure for table `patient_health_history`
--

CREATE TABLE `patient_health_history` (
  `id` int(11) NOT NULL,
  `patient_id` int(11) NOT NULL,
  `case_title` varchar(50) NOT NULL,
  `case_date` date NOT NULL,
  `case_prescription` varchar(200) NOT NULL,
  `case_remark` varchar(200) NOT NULL,
  `case_description` varchar(200) NOT NULL,
  `date_added` datetime NOT NULL DEFAULT current_timestamp()
) ENGINE=InnoDB DEFAULT CHARSET=utf8mb4;

--
-- Dumping data for table `patient_health_history`
--

INSERT INTO `patient_health_history` (`id`, `patient_id`, `case_title`, `case_date`, `case_prescription`, `case_remark`, `case_description`, `date_added`) VALUES
(1, 4, 'This one na case', '2020-08-01', 'OK now', 'Just come', 'Welome jome', '2020-08-08 03:09:37'),
(2, 4, 'This one na case', '2020-08-07', 'OK now', 'Just come', 'OKKKK', '2020-08-08 09:09:10'),
(3, 7, 'This one na case', '2020-08-13', 'OK now', 'Just come', 'uuuuuu', '2020-08-08 09:18:44'),
(4, 7, 'This one na case', '2020-08-23', 'OK now', 'Just come', 'OIKKKK', '2020-08-08 09:24:50');

-- --------------------------------------------------------

--
-- Table structure for table `patient_insurance`
--

CREATE TABLE `patient_insurance` (
  `id` int(11) NOT NULL,
  `patient_id` int(11) NOT NULL,
  `insurance_type` varchar(50) NOT NULL,
  `insurance_company` varchar(100) NOT NULL,
  `insurance_number` varchar(50) NOT NULL,
  `date_added` datetime NOT NULL DEFAULT current_timestamp()
) ENGINE=InnoDB DEFAULT CHARSET=utf8mb4;

-- --------------------------------------------------------

--
-- Table structure for table `patient_lab_test`
--

CREATE TABLE `patient_lab_test` (
  `id` int(11) NOT NULL,
  `patient_id` int(11) NOT NULL,
  `appointment_id` int(11) NOT NULL,
  `vital_id` int(11) NOT NULL,
  `doctor_id` int(11) NOT NULL,
  `lab_test_id` int(11) NOT NULL,
  `date_added` datetime NOT NULL DEFAULT current_timestamp(),
  `lab_test_unique_id` int(11) NOT NULL
) ENGINE=InnoDB DEFAULT CHARSET=utf8mb4;

-- --------------------------------------------------------

--
-- Table structure for table `patient_lab_test2`
--

CREATE TABLE `patient_lab_test2` (
  `id` int(11) NOT NULL,
  `patient_id` int(11) NOT NULL,
  `test_date` datetime NOT NULL,
  `test_name` varchar(100) NOT NULL,
  `doctor_id` int(11) NOT NULL,
  `test_description` varchar(200) NOT NULL,
  `date_added` datetime NOT NULL DEFAULT current_timestamp()
) ENGINE=InnoDB DEFAULT CHARSET=utf8mb4;

-- --------------------------------------------------------

--
-- Table structure for table `patient_lab_tests`
--

CREATE TABLE `patient_lab_tests` (
  `id` int(10) NOT NULL,
  `appointment_id` int(10) NOT NULL,
  `lab_test_unique_id` int(10) NOT NULL,
  `patient_id` int(10) NOT NULL,
  `doctor_id` int(10) NOT NULL,
  `vital_id` int(10) NOT NULL,
  `lab_test_id` text NOT NULL,
  `status` enum('Pending','Specimen','Treated','Review','Incomplete') NOT NULL DEFAULT 'Pending',
  `date_added` timestamp NOT NULL DEFAULT current_timestamp()
) ENGINE=InnoDB DEFAULT CHARSET=utf8mb4;

--
-- Dumping data for table `patient_lab_tests`
--

INSERT INTO `patient_lab_tests` (`id`, `appointment_id`, `lab_test_unique_id`, `patient_id`, `doctor_id`, `vital_id`, `lab_test_id`, `status`, `date_added`) VALUES
(1, 1, 3468, 30, 16, 19, '125', 'Pending', '2021-07-11 20:45:37'),
(2, 1, 3468, 30, 16, 19, '371', 'Pending', '2021-07-11 20:45:37'),
(3, 1, 3468, 30, 16, 19, '370', 'Pending', '2021-07-11 20:45:37');

-- --------------------------------------------------------

--
-- Table structure for table `patient_ledger`
--

CREATE TABLE `patient_ledger` (
  `id` int(11) NOT NULL,
  `Date` datetime DEFAULT current_timestamp(),
  `Description` varchar(100) COLLATE utf8_bin DEFAULT NULL,
  `InvoiceNo` int(11) DEFAULT NULL,
  `ReceiptNo` int(11) DEFAULT NULL,
  `Debit` decimal(19,4) DEFAULT NULL,
  `Credit` decimal(19,4) DEFAULT NULL,
  `patient_id` int(11) DEFAULT NULL,
  `callertag` varchar(50) COLLATE utf8_bin DEFAULT NULL
) ENGINE=InnoDB DEFAULT CHARSET=utf8 COLLATE=utf8_bin;

--
-- Dumping data for table `patient_ledger`
--

INSERT INTO `patient_ledger` (`id`, `Date`, `Description`, `InvoiceNo`, `ReceiptNo`, `Debit`, `Credit`, `patient_id`, `callertag`) VALUES
(495032, '2019-08-24 00:00:00', 'Ambulance', 225140, 0, '3500.0000', '0.0000', 12, 'Pay566049'),
(495033, '2019-08-24 00:00:00', 'Laboratory', 225141, 0, '1500.0000', '0.0000', 12, 'Pay566050'),
(495034, '2019-08-24 00:00:00', 'Pharmacy', 225142, 0, '1200.0000', '0.0000', 12, 'Pay566051'),
(495035, '2019-08-24 00:00:00', 'Cash Payment (225140, 225141, 225142, )', 291514, 291514, '0.0000', '6200.0000', 12, NULL),
(495036, '2019-09-04 00:00:00', 'Adult Consulatation', 225144, 0, '2000.0000', '0.0000', 12, 'Pay566053'),
(495037, '2019-09-04 00:00:00', 'Cash Payment (225144, )', 291516, 291516, '0.0000', '2000.0000', 12, NULL),
(495038, '2019-09-04 00:00:00', 'MALARIA PARASITE', 225145, 0, '0.0000', '0.0000', 12, 'Lab52502'),
(495039, '2019-09-04 00:00:00', 'WIDAL', 225146, 0, '0.0000', '0.0000', 12, 'Lab52502'),
(495040, '2019-09-04 00:00:00', 'HVS M/C/S', 225147, 0, '0.0000', '0.0000', 12, 'Lab52502'),
(495041, '2019-09-04 00:00:00', 'URINE M/C/S', 225148, 0, '0.0000', '0.0000', 12, 'Lab52502'),
(495042, '2019-09-04 00:00:00', 'wound dressing and suturing', 225149, 0, '5000.0000', '0.0000', 12, 'Pay566058'),
(495043, '2019-09-04 00:00:00', 'Cash Payment (225149, )', 291517, 291517, '0.0000', '5000.0000', 12, NULL),
(495044, '2019-09-04 00:00:00', 'ARTEMETER /LUMEFENTRINE 80/480 TABS (COARTEM), Qty = 1', 225150, 0, '900.0000', '0.0000', 12, 'Pres63754'),
(495045, '2019-09-04 00:00:00', 'PARACETAMOL TABLET 500mg, Qty = 18', 225151, 0, '90.0000', '0.0000', 12, 'Pres63754'),
(495046, '2019-09-04 00:00:00', 'CIPROFLOXACIN TABLET 500mg (14) TABS, Qty = 1', 225152, 0, '500.0000', '0.0000', 12, 'Pres63754'),
(495047, '2019-09-04 00:00:00', 'Cash Payment (225150, 225151, 225152, )', 291518, 291518, '0.0000', '1490.0000', 12, NULL),
(495048, '2019-09-04 00:00:00', 'Registration', 225153, 0, '7500.0000', '0.0000', 12, NULL),
(495049, '2019-09-04 00:00:00', 'Cash Payment (225153, )', 291519, 291519, '0.0000', '7500.0000', 12, NULL),
(495050, '2019-09-04 00:00:00', 'Consultation', 225154, 0, '5000.0000', '0.0000', 12, 'Cons0'),
(495051, '2019-09-04 00:00:00', 'Cash Payment (225145, 225146, 225147, 225148, 225154, )', 291520, 291520, '0.0000', '5000.0000', 12, NULL),
(495052, '2019-10-02 00:00:00', 'Registration', 100001, 0, '7500.0000', '0.0000', 12, NULL),
(495053, '2019-10-02 00:00:00', 'Cash Payment (100001, )', 100001, 100001, '0.0000', '7500.0000', 12, NULL),
(495054, '2021-04-26 20:58:03', 'OK let us go there', NULL, NULL, '700000.0000', '0.0000', 12, NULL),
(495055, '2021-04-26 21:16:14', 'Wait lets go', NULL, NULL, '400000.0000', NULL, 12, NULL),
(495056, '2021-04-26 21:16:36', 'shina adetoye', NULL, NULL, '9000.0000', NULL, 12, NULL),
(495057, '2021-04-26 21:16:36', 'Specialist ', NULL, NULL, '1000.0000', NULL, 12, NULL),
(495058, '2021-04-26 21:16:36', 'Follow up', NULL, NULL, '1000.0000', NULL, 12, NULL),
(495059, '2021-04-26 21:16:36', 'Cash Payment(...)', NULL, NULL, NULL, '411000.0000', 12, NULL);

-- --------------------------------------------------------

--
-- Table structure for table `patient_nok`
--

CREATE TABLE `patient_nok` (
  `id` int(11) NOT NULL,
  `patient_id` int(11) NOT NULL,
  `nok_name` varchar(50) NOT NULL,
  `nok_relationship` varchar(50) NOT NULL,
  `nok_phone` varchar(20) NOT NULL,
  `nok_address` varchar(100) NOT NULL,
  `date_added` datetime NOT NULL DEFAULT current_timestamp()
) ENGINE=InnoDB DEFAULT CHARSET=utf8mb4;

--
-- Dumping data for table `patient_nok`
--

INSERT INTO `patient_nok` (`id`, `patient_id`, `nok_name`, `nok_relationship`, `nok_phone`, `nok_address`, `date_added`) VALUES
(1, 5, 'Baba Rahman', 'Friend', '+2348038387930', 'Km 14, Lagos Ibadan Expressw', '2020-08-07 17:43:04'),
(2, 6, 'Baba Rahman', 'Friend', '+2348038387930', 'No 3 George Street, Apata', '2020-08-07 17:59:39'),
(3, 7, 'Baba Rahman', 'Friend', '+2348038387930', 'No 3 George Street, Apata', '2020-08-07 18:03:29'),
(4, 8, 'Shina Adetoye', 'Friend', '08038387930', 'Km 14, Lagos Ibadan Expressw', '2020-10-11 01:06:39'),
(5, 9, 'shina adetoye', 'are', '+2348038387930', 'No 3 George Street, Apata', '2020-10-11 02:25:17'),
(6, 10, 'shina adetoye', 'Friend', '+2348038387930', 'No 3 George Street, Apata', '2021-01-20 13:11:27'),
(7, 11, 'shina adetoye', 'Friend', '+2348038387930', 'No 3 George Street, Apata', '2021-01-20 13:14:43'),
(8, 13, 'shina adetoye', 'Friend', '8387930', 'No 3 George Street, Apata', '2021-05-25 09:05:53'),
(9, 14, 'shina adetoye', 'Friend', '8387930', 'No 3 George Street, Apata', '2021-05-25 09:19:22'),
(10, 15, 'Amaka Okekaruma', 'Wife', '09028282828282', '19 Amuri Street, OKe Ado Ekiti Road, Gwarinpa, Abuja', '2021-06-03 13:06:58'),
(11, 16, 'Amaka Okekaruma', 'Wife', '09028282828282', '19 Amuri Street, OKe Ado Ekiti Road, Gwarinpa, Abuja', '2021-06-03 13:13:24'),
(12, 17, 'shina adetoye', 'Friend', '8387930', 'No 3 George Street, Apata', '2021-06-07 09:26:54'),
(13, 18, 'shina adetoye', 'Friend', '8387930', 'No 3 George Street, Apata', '2021-06-07 21:10:21'),
(14, 19, 'Shina Adetoye', '4', '08038387930', 'No 3 George Street, Apata', '2021-06-08 01:11:10'),
(15, 20, 'Shina Adetoye', '4', '08038387930', 'No 3 George Street, Apata', '2021-06-08 01:39:58'),
(16, 21, 'Shina Adetoye', '4', '08038387930', 'No 3 George Street, Apata', '2021-06-08 01:40:28'),
(17, 22, 'shina adetoye', '3', '08038387930', 'No 3 George Street, Apata', '2021-06-08 01:49:32'),
(18, 23, 'shina adetoye', '3', '08038387930', 'No 3 George Street, Apata', '2021-06-08 01:52:03'),
(19, 24, 'shina adetoye', '3', '08038387930', 'No 3 George Street, Apata', '2021-06-08 01:52:09'),
(20, 25, 'Mr Wallance Ekiro', '1', '080', 'abuja', '2021-06-23 11:40:06'),
(22, 29, 'Bro Paul', '4', '80930294837', 'Km 14, Lagos Ibadan Expressw', '2021-07-07 18:13:40'),
(23, 30, 'Mr Roach', '3', '89203828282', 'no 15', '2021-07-07 18:50:31');

-- --------------------------------------------------------

--
-- Table structure for table `patient_prescriptions`
--

CREATE TABLE `patient_prescriptions` (
  `id` int(11) NOT NULL,
  `patient_id` int(11) NOT NULL,
  `doctor_id` int(11) NOT NULL,
  `prescription_date` datetime NOT NULL,
  `treatment_for` varchar(200) NOT NULL,
  `prescription_medicine` varchar(100) NOT NULL,
  `time_of_day` varchar(10) NOT NULL,
  `number_of_days` varchar(10) NOT NULL,
  `prescription_remark` varchar(200) NOT NULL,
  `date_added` datetime NOT NULL
) ENGINE=InnoDB DEFAULT CHARSET=utf8mb4;

-- --------------------------------------------------------

--
-- Table structure for table `patient_prescriptions2`
--

CREATE TABLE `patient_prescriptions2` (
  `id` int(10) NOT NULL,
  `appointment_id` int(10) NOT NULL,
  `patient_id` int(10) NOT NULL,
  `doctor_id` int(10) NOT NULL,
  `vital_id` int(10) NOT NULL,
  `prescription_unique_id` int(10) NOT NULL,
  `prescription_id` int(10) NOT NULL,
  `qty_given` int(10) NOT NULL,
  `status` enum('Pending','Prescription','Treated') NOT NULL DEFAULT 'Pending',
  `prescription` text NOT NULL,
  `date_added` timestamp NOT NULL DEFAULT current_timestamp()
) ENGINE=InnoDB DEFAULT CHARSET=utf8mb4;

--
-- Dumping data for table `patient_prescriptions2`
--

INSERT INTO `patient_prescriptions2` (`id`, `appointment_id`, `patient_id`, `doctor_id`, `vital_id`, `prescription_unique_id`, `prescription_id`, `qty_given`, `status`, `prescription`, `date_added`) VALUES
(1, 1, 30, 16, 19, 9163, 4541, 0, 'Pending', '50', '2021-07-08 13:36:09'),
(2, 1, 30, 16, 19, 9163, 3870, 0, 'Pending', '40', '2021-07-08 13:36:09'),
(3, 1, 30, 16, 19, 5379, 3872, 3, 'Prescription', '3', '2021-07-11 20:48:15'),
(4, 1, 30, 16, 19, 5379, 3870, 50, 'Prescription', '50', '2021-07-11 20:48:15');

-- --------------------------------------------------------

--
-- Table structure for table `patient_procedure_tests`
--

CREATE TABLE `patient_procedure_tests` (
  `id` int(11) NOT NULL,
  `appointment_id` int(11) NOT NULL,
  `patient_id` int(11) NOT NULL,
  `vital_id` int(11) NOT NULL,
  `doctor_id` int(11) NOT NULL,
  `sender_id` int(11) NOT NULL,
  `procedure_test_unique_id` int(11) NOT NULL,
  `procedure_test_id` int(11) NOT NULL,
  `instuction` text NOT NULL,
  `status` enum('Pending','Treated') NOT NULL DEFAULT 'Pending',
  `date_added` timestamp NOT NULL DEFAULT current_timestamp()
) ENGINE=InnoDB DEFAULT CHARSET=utf8mb4;

--
-- Dumping data for table `patient_procedure_tests`
--

INSERT INTO `patient_procedure_tests` (`id`, `appointment_id`, `patient_id`, `vital_id`, `doctor_id`, `sender_id`, `procedure_test_unique_id`, `procedure_test_id`, `instuction`, `status`, `date_added`) VALUES
(1, 6, 9, 10, 7, 1, 4603, 2461, 'sahjvjvasj', 'Pending', '2021-03-12 09:38:21'),
(2, 6, 9, 10, 7, 0, 4603, 2417, 'sahjvjvasj', 'Pending', '2021-03-12 19:00:04'),
(5, 10, 10, 13, 16, 1, 1592, 2478, 'Wait for your result', 'Pending', '2021-03-13 09:34:15'),
(6, 10, 10, 13, 16, 1, 1592, 2476, 'Wait for your result', 'Pending', '2021-03-13 09:34:15'),
(7, 10, 10, 13, 16, 1, 1592, 2474, 'Wait for your result', 'Pending', '2021-03-13 09:34:15'),
(8, 10, 10, 13, 16, 1, 1592, 2473, 'Wait for your result', 'Pending', '2021-03-13 09:34:15'),
(9, 5, 7, 11, 11, 1, 9571, 2461, '', 'Pending', '2021-04-08 06:42:03'),
(10, 5, 7, 11, 11, 1, 9571, 2479, '', 'Pending', '2021-04-08 06:42:03'),
(11, 5, 7, 11, 11, 1, 9571, 2478, '', 'Pending', '2021-04-08 06:42:03'),
(12, 5, 7, 11, 11, 1, 2980, 2478, '', 'Pending', '2021-04-08 07:19:53'),
(13, 5, 7, 11, 11, 1, 2980, 2479, '', 'Pending', '2021-04-08 07:19:53'),
(14, 5, 7, 11, 11, 1, 2980, 2472, '', 'Pending', '2021-04-08 07:19:53'),
(15, 5, 7, 11, 11, 1, 2980, 2473, '', 'Pending', '2021-04-08 07:19:53'),
(16, 22, 25, 17, 17, 1, 6583, 2478, '', 'Pending', '2021-06-23 11:21:27'),
(17, 22, 25, 17, 17, 1, 6583, 2422, '', 'Pending', '2021-06-23 11:21:27'),
(18, 22, 25, 17, 17, 1, 6583, 2471, '', 'Pending', '2021-06-23 11:21:27');

-- --------------------------------------------------------

--
-- Table structure for table `patient_radiology_tests`
--

CREATE TABLE `patient_radiology_tests` (
  `id` int(10) NOT NULL,
  `appointment_id` int(10) NOT NULL,
  `patient_id` int(10) NOT NULL,
  `vital_id` int(10) NOT NULL,
  `doctor_id` int(10) NOT NULL,
  `radiology_test_unique_id` int(10) NOT NULL,
  `radiology_test_id` int(10) NOT NULL,
  `special_instuction` text DEFAULT NULL,
  `result` text DEFAULT NULL,
  `sender_id` int(11) DEFAULT NULL,
  `status` enum('Pending','Treated') NOT NULL DEFAULT 'Pending',
  `date_added` timestamp NOT NULL DEFAULT current_timestamp()
) ENGINE=InnoDB DEFAULT CHARSET=utf8mb4;

--
-- Dumping data for table `patient_radiology_tests`
--

INSERT INTO `patient_radiology_tests` (`id`, `appointment_id`, `patient_id`, `vital_id`, `doctor_id`, `radiology_test_unique_id`, `radiology_test_id`, `special_instuction`, `result`, `sender_id`, `status`, `date_added`) VALUES
(1, 1, 30, 19, 16, 1823, 2387, '', NULL, NULL, 'Pending', '2021-07-08 13:49:03'),
(2, 1, 30, 19, 16, 1823, 2384, '', NULL, NULL, 'Pending', '2021-07-08 13:49:03'),
(3, 1, 30, 19, 16, 1823, 2375, '', NULL, NULL, 'Pending', '2021-07-08 13:49:03'),
(4, 1, 30, 19, 16, 1823, 2376, '', NULL, NULL, 'Pending', '2021-07-08 13:49:03');

-- --------------------------------------------------------

--
-- Table structure for table `patient_radiology_tests22`
--

CREATE TABLE `patient_radiology_tests22` (
  `id` int(10) NOT NULL,
  `appointment_id` int(10) NOT NULL,
  `patient_id` int(10) NOT NULL,
  `vital_id` int(10) NOT NULL,
  `doctor_id` int(10) NOT NULL,
  `radiology_test_unique_id` int(10) NOT NULL,
  `radiology_test_id` int(10) NOT NULL,
  `date_added` timestamp NOT NULL DEFAULT current_timestamp()
) ENGINE=InnoDB DEFAULT CHARSET=utf8mb4;

-- --------------------------------------------------------

--
-- Table structure for table `patient_vitals`
--

CREATE TABLE `patient_vitals` (
  `id` int(10) NOT NULL,
  `appointment_id` int(10) NOT NULL,
  `patient_id` int(10) NOT NULL,
  `doctor_id` int(10) NOT NULL,
  `clinic_id` int(10) NOT NULL,
  `weight` int(10) NOT NULL,
  `height` int(10) NOT NULL,
  `BMI` int(10) DEFAULT NULL,
  `bmi_remark` varchar(50) DEFAULT NULL,
  `HC` int(10) DEFAULT NULL,
  `MUAC` int(10) DEFAULT NULL,
  `nutritional_status` varchar(50) DEFAULT NULL,
  `BP` varchar(10) NOT NULL,
  `temp` int(10) NOT NULL,
  `ANC` int(10) NOT NULL,
  `respiration` int(10) NOT NULL,
  `paulse` int(10) NOT NULL,
  `SPO2` int(10) NOT NULL,
  `RE` int(10) NOT NULL,
  `LE` int(10) NOT NULL,
  `LMP` varchar(20) DEFAULT NULL,
  `EGA` varchar(50) DEFAULT NULL,
  `EDD` varchar(50) DEFAULT NULL,
  `vital_status` enum('Pending','Treated') NOT NULL DEFAULT 'Pending',
  `date_added` datetime NOT NULL DEFAULT current_timestamp()
) ENGINE=InnoDB DEFAULT CHARSET=utf8mb4;

--
-- Dumping data for table `patient_vitals`
--

INSERT INTO `patient_vitals` (`id`, `appointment_id`, `patient_id`, `doctor_id`, `clinic_id`, `weight`, `height`, `BMI`, `bmi_remark`, `HC`, `MUAC`, `nutritional_status`, `BP`, `temp`, `ANC`, `respiration`, `paulse`, `SPO2`, `RE`, `LE`, `LMP`, `EGA`, `EDD`, `vital_status`, `date_added`) VALUES
(10, 6, 9, 7, 1, 75, 175, NULL, NULL, 46, 75, '60', '11/11', 56, 12, 45, 34, 60, 12, 12, '2021-02-11', '0 Months, 1 Weeks, 1 Days', 'Thursday 18th of November 2021 12:00:00 AM', 'Pending', '2021-02-02 17:36:11'),
(11, 5, 7, 11, 1, 75, 175, NULL, NULL, 46, 75, '60', '11/11', 56, 12, 45, 34, 60, 12, 12, '2021-02-11', '0 Months, 1 Weeks, 1 Days', 'Thursday 18th of November 2021 12:00:00 AM', 'Pending', '2021-02-02 17:36:11'),
(12, 9, 12, 11, 1, 75, 2, 24, 'Normal', 46, 75, '60', '111/1', 56, 12, 45, 34, 60, 12, 12, '2021-03-01', '0 Months, 1 Weeks, 7 Days', '06 Dec 2021', 'Pending', '2021-03-08 09:13:56'),
(13, 10, 10, 16, 2, 68, 2, 27, 'Overweight', 46, 75, '60', '111/1', 56, 12, 45, 34, 60, 12, 12, '2021-02-08', '1 Months, 0 Weeks, 1 Days', '15 Nov 2021', 'Pending', '2021-03-11 19:10:09'),
(14, 11, 10, 11, 2, 75, 2, 24, 'Normal', 46, 75, '60', '122/22', 36, 12, 23, 23, 95, 34, 34, '2021-03-11', '0 Months, 4 Weeks, 28 Days', '16 Dec 2021', 'Pending', '2021-04-09 18:12:35'),
(15, 19, 12, 11, 1, 80, 2, 22, 'Normal', 46, 75, '60', '233/233', 36, 69, 45, 23, 60, 12, 12, '2021-03-12', '3 Months, 0 Weeks, 3 Days', '17 Dec 2021', 'Pending', '2021-06-14 12:32:11'),
(16, 18, 21, 16, 1, 70, 2, 18, 'Underweight', NULL, NULL, NULL, '233/233', 56, 69, 45, 34, 60, 34, 12, NULL, '5 Months, 4 Weeks, 26 Days', '21 Mar 2022', 'Pending', '2021-06-14 12:40:12'),
(17, 22, 25, 17, 2, 60, 2, 17, 'Underweight', NULL, NULL, NULL, '190/120', 36, 78, 50, 10, 6, 0, 0, NULL, '6 Months, 1 Weeks, 5 Days', '30 Mar 2022', 'Pending', '2021-06-23 12:03:09'),
(18, 24, 7, 16, 1, 50, 120, 0, 'Underweight', NULL, NULL, NULL, '233/233', 56, 12, 45, 34, 60, 12, 12, '2021-03-03', '4 Months, 1 Weeks, 4 Days', '08 Dec 2021', 'Pending', '2021-07-06 13:41:03'),
(19, 1, 30, 16, 1, 60, 2, 23, 'Normal', NULL, NULL, NULL, '233/233', 36, 0, 45, 34, 60, 0, 0, '2020-01-09', '6 Months, 0 Weeks, 0 Days', '15 Oct 2020', 'Pending', '2021-07-08 13:52:10');

-- --------------------------------------------------------

--
-- Table structure for table `patient_ward`
--

CREATE TABLE `patient_ward` (
  `id` int(11) NOT NULL,
  `patient_id` int(11) NOT NULL,
  `ward_id` int(11) NOT NULL,
  `bed_number` int(11) NOT NULL,
  `date_added` datetime NOT NULL DEFAULT current_timestamp()
) ENGINE=InnoDB DEFAULT CHARSET=utf8mb4;

-- --------------------------------------------------------

--
-- Table structure for table `permissions`
--

CREATE TABLE `permissions` (
  `id` int(11) NOT NULL,
  `men_child_id` int(11) NOT NULL,
  `role_id` int(11) NOT NULL,
  `date_created` datetime NOT NULL DEFAULT current_timestamp()
) ENGINE=InnoDB DEFAULT CHARSET=utf8mb4;

-- --------------------------------------------------------

--
-- Table structure for table `pharmacy_requests`
--

CREATE TABLE `pharmacy_requests` (
  `id` int(11) NOT NULL,
  `request_destination_id` int(11) NOT NULL,
  `request_by` int(11) NOT NULL,
  `patient_id` int(11) DEFAULT NULL,
  `appointment_id` int(11) DEFAULT NULL,
  `status` varchar(20) NOT NULL DEFAULT 'Pending',
  `date_created` datetime NOT NULL DEFAULT current_timestamp()
) ENGINE=InnoDB DEFAULT CHARSET=utf8mb4;

--
-- Dumping data for table `pharmacy_requests`
--

INSERT INTO `pharmacy_requests` (`id`, `request_destination_id`, `request_by`, `patient_id`, `appointment_id`, `status`, `date_created`) VALUES
(1, 26, 1, NULL, NULL, 'Pending', '2020-10-18 01:01:36');

-- --------------------------------------------------------

--
-- Table structure for table `prescription_requests`
--

CREATE TABLE `prescription_requests` (
  `id` int(11) NOT NULL,
  `request_destination_id` int(11) NOT NULL,
  `request_by` int(11) NOT NULL,
  `patient_id` int(11) DEFAULT NULL,
  `appointment_id` int(11) DEFAULT NULL,
  `clinic_id` int(11) NOT NULL,
  `status` varchar(20) NOT NULL DEFAULT 'Pending',
  `date_created` datetime NOT NULL DEFAULT current_timestamp()
) ENGINE=InnoDB DEFAULT CHARSET=utf8mb4;

--
-- Dumping data for table `prescription_requests`
--

INSERT INTO `prescription_requests` (`id`, `request_destination_id`, `request_by`, `patient_id`, `appointment_id`, `clinic_id`, `status`, `date_created`) VALUES
(1, 26, 1, NULL, NULL, 0, 'Pending', '2020-10-18 01:01:36'),
(2, 26, 1, 7, NULL, 1, 'Pending', '2020-10-18 01:01:36');

-- --------------------------------------------------------

--
-- Table structure for table `prescription_request_items`
--

CREATE TABLE `prescription_request_items` (
  `id` int(11) NOT NULL,
  `prescription_request_id` int(11) NOT NULL,
  `drug_item_id` int(11) NOT NULL,
  `quantity_requested` int(11) NOT NULL,
  `status` varchar(20) NOT NULL DEFAULT 'Pending',
  `date_created` datetime NOT NULL DEFAULT current_timestamp()
) ENGINE=InnoDB DEFAULT CHARSET=utf8mb4;

--
-- Dumping data for table `prescription_request_items`
--

INSERT INTO `prescription_request_items` (`id`, `prescription_request_id`, `drug_item_id`, `quantity_requested`, `status`, `date_created`) VALUES
(1, 0, 0, 0, 'Pending', '2020-10-18 01:01:36'),
(2, 0, 0, 0, 'Pending', '2020-10-18 01:01:36');

-- --------------------------------------------------------

--
-- Table structure for table `radiology_request`
--

CREATE TABLE `radiology_request` (
  `id` int(11) NOT NULL,
  `patient_id` int(11) NOT NULL,
  `appointment_id` int(11) NOT NULL,
  `vital_id` int(11) NOT NULL,
  `doctor_id` int(11) NOT NULL,
  `sender_id` int(11) NOT NULL,
  `patient_radiology_test_id` int(11) NOT NULL,
  `radiology_test_unique_id` int(11) NOT NULL,
  `result` text DEFAULT NULL,
  `date_created` timestamp NOT NULL DEFAULT current_timestamp()
) ENGINE=InnoDB DEFAULT CHARSET=utf8mb4;

--
-- Dumping data for table `radiology_request`
--

INSERT INTO `radiology_request` (`id`, `patient_id`, `appointment_id`, `vital_id`, `doctor_id`, `sender_id`, `patient_radiology_test_id`, `radiology_test_unique_id`, `result`, `date_created`) VALUES
(15, 9, 6, 10, 7, 1, 40, 2356, NULL, '2021-03-12 08:02:56'),
(16, 10, 10, 13, 16, 1, 43, 5268, NULL, '2021-03-13 09:29:02'),
(17, 7, 5, 11, 11, 1, 49, 4627, NULL, '2021-04-08 06:02:36'),
(18, 7, 5, 11, 11, 1, 53, 7350, NULL, '2021-04-08 07:26:42'),
(19, 10, 10, 13, 16, 1, 54, 5496, NULL, '2021-04-09 18:53:46'),
(20, 25, 22, 17, 17, 1, 55, 9613, NULL, '2021-06-23 11:12:50'),
(21, 7, 5, 11, 11, 1, 60, 3714, NULL, '2021-07-06 16:08:48'),
(22, 30, 1, 19, 16, 1, 4, 1823, NULL, '2021-07-08 13:49:03');

-- --------------------------------------------------------

--
-- Table structure for table `radiology_services`
--

CREATE TABLE `radiology_services` (
  `id` int(11) NOT NULL,
  `type` varchar(50) NOT NULL,
  `cost` int(11) NOT NULL,
  `date_added` timestamp NOT NULL DEFAULT current_timestamp()
) ENGINE=InnoDB DEFAULT CHARSET=utf8mb4;

-- --------------------------------------------------------

--
-- Table structure for table `receipts`
--

CREATE TABLE `receipts` (
  `id` int(11) NOT NULL,
  `receipt_id` varchar(10) NOT NULL,
  `items_group_id` int(11) DEFAULT NULL,
  `amount_paid` int(11) DEFAULT NULL,
  `payment_mode` enum('full_payment','part_payment') DEFAULT NULL,
  `date_added` datetime NOT NULL DEFAULT current_timestamp()
) ENGINE=InnoDB DEFAULT CHARSET=utf8mb4;

--
-- Dumping data for table `receipts`
--

INSERT INTO `receipts` (`id`, `receipt_id`, `items_group_id`, `amount_paid`, `payment_mode`, `date_added`) VALUES
(1, '33033209', 2222824, 500000, '', '2021-07-11 22:36:50');

-- --------------------------------------------------------

--
-- Table structure for table `receipt_grid`
--

CREATE TABLE `receipt_grid` (
  `ReceiptID` int(11) NOT NULL,
  `ReceiptNo` int(11) DEFAULT NULL,
  `HospNo` varchar(20) COLLATE utf8_bin DEFAULT NULL,
  `Name` varchar(50) COLLATE utf8_bin DEFAULT NULL,
  `Registration` decimal(19,4) DEFAULT 0.0000,
  `Consultation` decimal(19,4) DEFAULT 0.0000,
  `MedicalDocument` decimal(19,4) DEFAULT 0.0000,
  `Laboratory` decimal(19,4) DEFAULT 0.0000,
  `Pharmacy` decimal(19,4) DEFAULT 0.0000,
  `Accomodation` decimal(19,4) DEFAULT 0.0000,
  `Delivery` decimal(19,4) DEFAULT 0.0000,
  `Surgery` decimal(19,4) DEFAULT 0.0000,
  `OtherProcedures` decimal(19,4) DEFAULT 0.0000,
  `Deposit` decimal(19,4) DEFAULT 0.0000,
  `Radiology` decimal(19,4) DEFAULT 0.0000,
  `Ambulance` decimal(19,4) DEFAULT 0.0000,
  `MedicalCheckUp` decimal(19,4) DEFAULT 0.0000,
  `BalOfPayment` decimal(19,4) DEFAULT 0.0000,
  `Others` decimal(19,4) DEFAULT 0.0000,
  `Feeding` decimal(19,4) DEFAULT 0.0000,
  `NursingCare` decimal(19,4) DEFAULT 0.0000,
  `PartPayment` decimal(19,4) DEFAULT 0.0000,
  `PatientID` int(11) DEFAULT 0,
  `Date` datetime DEFAULT current_timestamp(),
  `Total` decimal(19,4) DEFAULT 0.0000,
  `TransType` varchar(50) COLLATE utf8_bin DEFAULT NULL,
  `English` longtext COLLATE utf8_bin DEFAULT NULL,
  `EntryBy` varchar(50) COLLATE utf8_bin DEFAULT NULL,
  `CallerTag` varchar(50) COLLATE utf8_bin DEFAULT NULL,
  `Verified` tinyint(1) DEFAULT 0,
  `TimePaid` datetime DEFAULT '1753-01-01 00:00:00',
  `Service` longtext COLLATE utf8_bin DEFAULT NULL,
  `Debt` decimal(19,4) DEFAULT 0.0000,
  `DebtPaid` decimal(19,4) DEFAULT 0.0000,
  `Deleted` tinyint(1) DEFAULT 0
) ENGINE=InnoDB DEFAULT CHARSET=utf8 COLLATE=utf8_bin;

--
-- Dumping data for table `receipt_grid`
--

INSERT INTO `receipt_grid` (`ReceiptID`, `ReceiptNo`, `HospNo`, `Name`, `Registration`, `Consultation`, `MedicalDocument`, `Laboratory`, `Pharmacy`, `Accomodation`, `Delivery`, `Surgery`, `OtherProcedures`, `Deposit`, `Radiology`, `Ambulance`, `MedicalCheckUp`, `BalOfPayment`, `Others`, `Feeding`, `NursingCare`, `PartPayment`, `PatientID`, `Date`, `Total`, `TransType`, `English`, `EntryBy`, `CallerTag`, `Verified`, `TimePaid`, `Service`, `Debt`, `DebtPaid`, `Deleted`) VALUES
(30, 291512, 'NYR/182118/2019', 'Testing', '0.0000', '0.0000', '0.0000', '0.0000', '4000.0000', '10000.0000', '0.0000', '0.0000', '0.0000', '0.0000', '0.0000', '0.0000', '0.0000', '0.0000', '0.0000', '0.0000', '0.0000', '0.0000', 0, '2019-08-24 00:00:00', '14000.0000', 'CASH', NULL, 'Collins', NULL, 0, '2019-08-24 06:18:24', 'Admission, Pharmacy', '0.0000', '0.0000', 0),
(31, 291513, 'NYR/182119/2019', 'Mr Amaka', '0.0000', '2000.0000', '0.0000', '0.0000', '0.0000', '0.0000', '0.0000', '0.0000', '0.0000', '0.0000', '0.0000', '0.0000', '0.0000', '0.0000', '0.0000', '0.0000', '0.0000', '0.0000', 0, '2019-08-24 00:00:00', '2000.0000', 'CASH', NULL, 'Collins', NULL, 0, '2019-08-24 06:21:10', 'Consultation', '0.0000', '0.0000', 0),
(32, 291514, 'ECH/000881', 'COLLINS, Seme', '0.0000', '0.0000', '0.0000', '1500.0000', '1200.0000', '0.0000', '0.0000', '0.0000', '0.0000', '0.0000', '0.0000', '3500.0000', '0.0000', '0.0000', '0.0000', '0.0000', '0.0000', '0.0000', 154441, '2019-08-24 00:00:00', '6200.0000', 'CASH', NULL, 'Collins', NULL, 0, '2019-08-24 06:39:22', 'Ambulance, Laboratory, Pharmacy', '0.0000', '0.0000', 0),
(33, 291515, 'NYR/182120/2019', 'Testing Receipt', '0.0000', '0.0000', '0.0000', '0.0000', '0.0000', '0.0000', '0.0000', '0.0000', '0.0000', '0.0000', '0.0000', '0.0000', '0.0000', '0.0000', '0.0000', '2000.0000', '0.0000', '0.0000', 0, '2019-09-03 00:00:00', '2000.0000', 'CASH', NULL, 'Collins', NULL, 0, '2019-09-03 09:33:48', 'Feeding', '0.0000', '0.0000', 0),
(34, 291516, 'FDAH/000883/0919', 'OWANTA, Esther', '0.0000', '2000.0000', '0.0000', '0.0000', '0.0000', '0.0000', '0.0000', '0.0000', '0.0000', '0.0000', '0.0000', '0.0000', '0.0000', '0.0000', '0.0000', '0.0000', '0.0000', '0.0000', 154444, '2019-09-04 00:00:00', '2000.0000', 'CASH', NULL, 'Collins', NULL, 0, '2019-09-04 10:55:40', 'Adult Consulatation', '0.0000', '0.0000', 0),
(35, 291517, 'FDAH/000883/0919', 'OWANTA, Esther', '0.0000', '0.0000', '0.0000', '0.0000', '0.0000', '0.0000', '0.0000', '0.0000', '0.0000', '0.0000', '0.0000', '0.0000', '0.0000', '0.0000', '5000.0000', '0.0000', '0.0000', '0.0000', 154444, '2019-09-04 00:00:00', '5000.0000', 'CASH', NULL, 'Admin (Testing)', NULL, 0, '2019-09-04 11:38:41', 'wound dressing and suturing', '0.0000', '0.0000', 0),
(36, 291518, 'FDAH/000883/0919', 'OWANTA, Esther (Mrs.)', '0.0000', '0.0000', '0.0000', '0.0000', '1490.0000', '0.0000', '0.0000', '0.0000', '0.0000', '0.0000', '0.0000', '0.0000', '0.0000', '0.0000', '0.0000', '0.0000', '0.0000', '0.0000', 154444, '2019-09-04 00:00:00', '1490.0000', 'CASH', NULL, 'Admin (Testing)', NULL, 0, '2019-09-04 12:27:15', 'ARTEMETER /LUMEFENTRINE 80/480 TABS (COARTEM), PARACETAMOL TABLET 500mg , CIPROFLOXACIN TABLET 500mg (14) TABS', '0.0000', '0.0000', 0),
(37, 291519, 'FDAH/000884/0919', 'XXXX, xxxxx', '7500.0000', '0.0000', '0.0000', '0.0000', '0.0000', '0.0000', '0.0000', '0.0000', '0.0000', '0.0000', '0.0000', '0.0000', '0.0000', '0.0000', '0.0000', '0.0000', '0.0000', '0.0000', 154446, '2019-09-04 00:00:00', '7500.0000', 'CASH', NULL, 'Collins', NULL, 0, '2019-09-04 15:39:45', 'Registration', '0.0000', '0.0000', 0),
(38, 291520, 'FDAH/000883/0919', 'OWANTA, Esther', '0.0000', '5000.0000', '0.0000', '0.0000', '0.0000', '0.0000', '0.0000', '0.0000', '0.0000', '0.0000', '0.0000', '0.0000', '0.0000', '0.0000', '0.0000', '0.0000', '0.0000', '0.0000', 154444, '2019-09-04 00:00:00', '5000.0000', 'CASH', NULL, 'Collins', NULL, 0, '2019-09-04 17:59:23', 'MALARIA PARASITE, WIDAL, HVS M/C/S, URINE M/C/S, Consultation', '0.0000', '0.0000', 0),
(39, 100001, 'NMH/000001/1019', 'TESTING, Any Patient', '7500.0000', '0.0000', '0.0000', '0.0000', '0.0000', '0.0000', '0.0000', '0.0000', '0.0000', '0.0000', '0.0000', '0.0000', '0.0000', '0.0000', '0.0000', '0.0000', '0.0000', '0.0000', 154447, '2019-10-02 00:00:00', '7500.0000', 'CASH', NULL, 'Collins', NULL, 0, '2019-10-02 18:15:20', 'Registration', '0.0000', '0.0000', 0),
(40, 100002, 'NYR/100002/2019', 'Testing Receipt', '0.0000', '2500.0000', '0.0000', '1500.0000', '2400.0000', '0.0000', '0.0000', '0.0000', '0.0000', '0.0000', '0.0000', '0.0000', '0.0000', '0.0000', '0.0000', '0.0000', '0.0000', '0.0000', 0, '2019-11-16 00:00:00', '6400.0000', 'CASH', NULL, 'Collins', NULL, 0, '2019-11-16 22:27:25', 'Consultation, Laboratory, Pharmacy', '0.0000', '0.0000', 0),
(47, 33080735, 'HMS/124/3456', 'Marcus Senna', '5600.0000', '0.0000', '0.0000', NULL, NULL, NULL, '0.0000', '0.0000', '0.0000', '0.0000', NULL, '0.0000', '0.0000', '0.0000', '0.0000', NULL, NULL, '0.0000', 30, '2021-07-08 13:19:40', '0.0000', NULL, NULL, NULL, NULL, 0, '1753-01-01 00:00:00', NULL, '0.0000', '0.0000', 0),
(48, 33073246, 'HMS/124/3456', 'Marcus Senna', '0.0000', '1000.0000', '0.0000', '1000.0000', NULL, NULL, '0.0000', '0.0000', '0.0000', '0.0000', NULL, '0.0000', '0.0000', '0.0000', '0.0000', NULL, NULL, '0.0000', 30, '2021-07-08 13:34:52', '2000.0000', NULL, NULL, NULL, NULL, 0, '1753-01-01 00:00:00', NULL, '0.0000', '0.0000', 0),
(49, 33015714, 'HMS/124/3456', 'Marcus Senna', '0.0000', '0.0000', '0.0000', NULL, NULL, NULL, '0.0000', '0.0000', '0.0000', '0.0000', NULL, '0.0000', '0.0000', '0.0000', '0.0000', NULL, NULL, '0.0000', 30, '2021-07-08 14:53:42', '0.0000', NULL, NULL, NULL, NULL, 0, '1753-01-01 00:00:00', NULL, '0.0000', '0.0000', 0),
(50, 33088459, 'HMS/124/3456', 'Marcus Senna', '0.0000', '0.0000', '0.0000', NULL, NULL, NULL, '0.0000', '0.0000', '0.0000', '0.0000', NULL, '0.0000', '0.0000', '0.0000', '0.0000', NULL, NULL, '0.0000', 30, '2021-07-08 15:11:22', '0.0000', 'CASH', NULL, NULL, NULL, 0, '1753-01-01 00:00:00', NULL, '0.0000', '0.0000', 0),
(51, 33036325, 'HMS/124/3456', 'Marcus Senna', '0.0000', '0.0000', '0.0000', '90000.0000', NULL, NULL, '0.0000', '0.0000', '0.0000', '0.0000', NULL, '0.0000', '0.0000', '0.0000', '0.0000', NULL, NULL, '0.0000', 30, '2021-07-08 15:14:51', '90000.0000', 'CASH', NULL, NULL, NULL, 0, '1753-01-01 00:00:00', NULL, '0.0000', '0.0000', 0),
(52, 33023721, 'HMS/124/3456', 'Marcus Senna', '0.0000', '0.0000', '0.0000', '20000.0000', NULL, NULL, '0.0000', '0.0000', '0.0000', '0.0000', NULL, '0.0000', '0.0000', '0.0000', '0.0000', NULL, NULL, '0.0000', 30, '2021-07-11 21:06:31', '20000.0000', 'CASH', NULL, NULL, NULL, 0, '1753-01-01 00:00:00', NULL, '0.0000', '0.0000', 0),
(53, 33033209, 'HMS/124/3456', 'Marcus Senna', '0.0000', '0.0000', '0.0000', NULL, '500000.0000', NULL, '0.0000', '0.0000', '0.0000', '0.0000', NULL, '0.0000', '0.0000', '0.0000', '0.0000', NULL, NULL, '0.0000', 30, '2021-07-11 22:36:50', '500000.0000', 'CASH', NULL, NULL, NULL, 0, '1753-01-01 00:00:00', NULL, '0.0000', '0.0000', 0);

-- --------------------------------------------------------

--
-- Table structure for table `religions`
--

CREATE TABLE `religions` (
  `id` int(11) NOT NULL,
  `religion_name` varchar(50) COLLATE utf8_bin DEFAULT NULL
) ENGINE=InnoDB DEFAULT CHARSET=utf8 COLLATE=utf8_bin;

--
-- Dumping data for table `religions`
--

INSERT INTO `religions` (`id`, `religion_name`) VALUES
(8, 'Christianity'),
(13, 'Islam'),
(14, 'Others'),
(15, 'Traditional');

-- --------------------------------------------------------

--
-- Table structure for table `request_destinations`
--

CREATE TABLE `request_destinations` (
  `id` int(11) NOT NULL,
  `request_destination_name` varchar(50) COLLATE utf8_bin DEFAULT NULL
) ENGINE=InnoDB DEFAULT CHARSET=utf8 COLLATE=utf8_bin;

--
-- Dumping data for table `request_destinations`
--

INSERT INTO `request_destinations` (`id`, `request_destination_name`) VALUES
(26, 'Pharmacy'),
(27, 'Consulting Room'),
(28, 'Laboratory'),
(29, 'Wards');

-- --------------------------------------------------------

--
-- Table structure for table `retainers`
--

CREATE TABLE `retainers` (
  `id` int(11) NOT NULL,
  `retainer_name` varchar(50) NOT NULL,
  `retainer_contact` varchar(50) NOT NULL,
  `retainer_phone` varchar(20) NOT NULL,
  `retainer_email` varchar(50) NOT NULL,
  `retainer_address` varchar(100) NOT NULL,
  `contract_date` varchar(20) NOT NULL,
  `bill_group` varchar(2) NOT NULL,
  `date_created` datetime NOT NULL
) ENGINE=InnoDB DEFAULT CHARSET=utf8mb4;

--
-- Dumping data for table `retainers`
--

INSERT INTO `retainers` (`id`, `retainer_name`, `retainer_contact`, `retainer_phone`, `retainer_email`, `retainer_address`, `contract_date`, `bill_group`, `date_created`) VALUES
(1, 'Hornbill Primary School', 'Mr Hornbill', '090894848793', 'horn@bill.com', 'No 569, Taraba Street, Jalingo', '19-5-2008', 'B', '2021-01-28 12:49:20');

-- --------------------------------------------------------

--
-- Table structure for table `retainer_price_lists`
--

CREATE TABLE `retainer_price_lists` (
  `id` int(11) NOT NULL,
  `retainer_id` int(11) NOT NULL,
  `item_id` int(11) NOT NULL,
  `item_type_id` int(11) NOT NULL,
  `cost` varchar(20) NOT NULL,
  `date_created` datetime NOT NULL DEFAULT current_timestamp()
) ENGINE=InnoDB DEFAULT CHARSET=utf8mb4;

--
-- Dumping data for table `retainer_price_lists`
--

INSERT INTO `retainer_price_lists` (`id`, `retainer_id`, `item_id`, `item_type_id`, `cost`, `date_created`) VALUES
(1, 1, 31, 4505, '4000', '2021-01-28 07:42:52');

-- --------------------------------------------------------

--
-- Table structure for table `retainer_price_options`
--

CREATE TABLE `retainer_price_options` (
  `id` int(11) NOT NULL,
  `retainer_id` int(11) NOT NULL,
  `adjust_by` int(11) NOT NULL,
  `adjust` int(11) NOT NULL,
  `date_created` datetime NOT NULL DEFAULT current_timestamp()
) ENGINE=InnoDB DEFAULT CHARSET=utf8mb4;

-- --------------------------------------------------------

--
-- Table structure for table `roles`
--

CREATE TABLE `roles` (
  `id` int(11) NOT NULL,
  `role_name` varchar(50) NOT NULL,
  `date_added` datetime NOT NULL DEFAULT current_timestamp()
) ENGINE=InnoDB DEFAULT CHARSET=utf8mb4;

--
-- Dumping data for table `roles`
--

INSERT INTO `roles` (`id`, `role_name`, `date_added`) VALUES
(1, 'Administrator', '2020-08-06 00:34:50'),
(3, 'Doctor', '2020-10-07 03:15:22'),
(5, 'Teacher', '2021-03-15 16:03:58'),
(6, 'Lecturer', '2021-03-15 16:09:09'),
(7, 'Another One', '2021-03-15 16:12:12'),
(8, 'Wait', '2021-03-15 16:21:56'),
(9, 'Wait Again', '2021-03-15 16:23:12'),
(10, 'Wait Again', '2021-03-15 16:23:14'),
(11, 'Wait Again', '2021-03-15 16:23:15'),
(12, 'Wait SMall', '2021-03-15 16:23:49'),
(13, 'Wait SMall', '2021-03-15 16:24:03'),
(14, 'Baba Mi', '2021-03-15 16:31:49'),
(15, 'Mothersucker', '2021-03-15 16:32:28'),
(16, 'Wait SHa', '2021-03-15 16:32:42'),
(17, 'Waiitiitit', '2021-03-15 16:33:55'),
(18, 'BAba', '2021-03-15 16:42:46'),
(19, 'wyywyw', '2021-03-15 16:48:27'),
(20, 'ssss', '2021-03-15 16:48:39'),
(21, 'OK sir', '2021-03-15 16:49:15'),
(22, 'OK sir', '2021-03-15 16:49:18'),
(23, 'Werey', '2021-03-15 16:49:32'),
(24, '', '2021-03-15 16:51:49'),
(25, 'Wait SHina', '2021-03-15 17:04:19');

-- --------------------------------------------------------

--
-- Table structure for table `salutations`
--

CREATE TABLE `salutations` (
  `id` int(11) NOT NULL,
  `title` varchar(50) COLLATE utf8_bin DEFAULT NULL
) ENGINE=InnoDB DEFAULT CHARSET=utf8 COLLATE=utf8_bin;

--
-- Dumping data for table `salutations`
--

INSERT INTO `salutations` (`id`, `title`) VALUES
(1, 'Chief'),
(2, 'Dr.'),
(3, 'Engr.'),
(6, 'Matron'),
(7, 'Miss.'),
(8, 'Mr.'),
(9, 'Mrs.'),
(10, 'Prof.'),
(11, 'Ms.'),
(13, 'Alh.'),
(25, 'Ms'),
(32, 'Madam'),
(70, 'Master'),
(71, 'Arc.'),
(72, 'Rev.'),
(73, 'Pastor'),
(74, 'Mallam');

-- --------------------------------------------------------

--
-- Table structure for table `service_charge_group`
--

CREATE TABLE `service_charge_group` (
  `ChargeGroupID` int(11) NOT NULL,
  `Name` varchar(50) COLLATE utf8_bin DEFAULT NULL
) ENGINE=InnoDB DEFAULT CHARSET=utf8 COLLATE=utf8_bin;

--
-- Dumping data for table `service_charge_group`
--

INSERT INTO `service_charge_group` (`ChargeGroupID`, `Name`) VALUES
(1, 'LABORATORY'),
(2, 'RADIOLOGY/USS'),
(6, 'GEN. SERVICES');

-- --------------------------------------------------------

--
-- Table structure for table `service_charge_items`
--

CREATE TABLE `service_charge_items` (
  `id` int(11) NOT NULL,
  `ChargeSubGroupID` int(11) DEFAULT NULL,
  `Name` varchar(250) COLLATE utf8_bin DEFAULT NULL,
  `GroupC` decimal(19,4) DEFAULT 0.0000,
  `GroupB` decimal(19,4) DEFAULT 0.0000,
  `GroupA` decimal(19,4) DEFAULT 0.0000,
  `Notes` varchar(200) COLLATE utf8_bin DEFAULT NULL,
  `isProcedure` tinyint(1) DEFAULT NULL,
  `service_charge_cost` varchar(10) COLLATE utf8_bin NOT NULL,
  `Account` int(11) DEFAULT 0,
  `billField` varchar(50) COLLATE utf8_bin DEFAULT NULL,
  `GroupD` decimal(19,4) DEFAULT 0.0000,
  `GroupE` decimal(19,4) DEFAULT 0.0000,
  `discontinued` tinyint(1) DEFAULT 0
) ENGINE=InnoDB DEFAULT CHARSET=utf8 COLLATE=utf8_bin;

--
-- Dumping data for table `service_charge_items`
--

INSERT INTO `service_charge_items` (`id`, `ChargeSubGroupID`, `Name`, `GroupC`, `GroupB`, `GroupA`, `Notes`, `isProcedure`, `service_charge_cost`, `Account`, `billField`, `GroupD`, `GroupE`, `discontinued`) VALUES
(2109, 68, 'ANC Booking Fee', '40000.0000', '40000.0000', '40000.0000', NULL, NULL, '1000', 1022, NULL, '40000.0000', '40000.0000', 0),
(2110, 68, 'DELIVERY (NORMAL)', '30000.0000', '30000.0000', '30000.0000', NULL, NULL, '1000', 1022, NULL, '30000.0000', '7000.0000', 0),
(2111, 68, 'UNBOOKED Normal Delivery', '70000.0000', '70000.0000', '70000.0000', NULL, NULL, '1000', 1022, NULL, '70000.0000', '1000.0000', 0),
(2295, 61, 'BED FEE', '200.0000', '2000.0000', '5000.0000', NULL, NULL, '1000', 1027, NULL, '2000.0000', '0.0000', 0),
(2302, 76, 'Registration (Complementary)', '0.0000', '0.0000', '0.0000', NULL, NULL, '5600', 1042, NULL, '2000.0000', '0.0000', 0),
(2303, 76, 'Registration (Family Card)', '15000.0000', '15000.0000', '15000.0000', NULL, NULL, '1000', 1042, NULL, '6000.0000', '15000.0000', 0),
(2304, 76, 'Registration (Personal Adult)', '7500.0000', '7500.0000', '7500.0000', NULL, NULL, '1000', 1042, NULL, '2500.0000', '7500.0000', 0),
(2305, 68, 'UNBOOKED Episiotomy', '20000.0000', '20000.0000', '20000.0000', NULL, NULL, '1000', 1022, NULL, '20000.0000', '0.0000', 0),
(2306, 68, 'UNBOOKED  Perineal Tear Repair', '20000.0000', '20000.0000', '20000.0000', NULL, NULL, '1000', 1022, NULL, '20000.0000', '0.0000', 0),
(2308, 77, 'GENERAL', '1500.0000', '1500.0000', '1500.0000', NULL, NULL, '1000', 1038, NULL, '1500.0000', '1500.0000', 0),
(2365, 58, 'Abdominal Scan', '2000.0000', '2000.0000', '2000.0000', NULL, NULL, '1000', 0, NULL, '2000.0000', '1000.0000', 0),
(2366, 58, 'Pelvic Scan', '1500.0000', '1500.0000', '1500.0000', NULL, NULL, '1000', 878, NULL, '1500.0000', '1.5000', 0),
(2367, 58, 'Obstetric Scan', '1500.0000', '1500.0000', '1500.0000', NULL, NULL, '1000', 878, NULL, '1500.0000', '1500.0000', 0),
(2368, 58, 'Abdominal & Pelvic Scan', '2000.0000', '2000.0000', '2000.0000', NULL, NULL, '1000', 878, NULL, '2000.0000', '2000.0000', 0),
(2369, 58, 'Appendix Scan', '5000.0000', '5000.0000', '5000.0000', NULL, NULL, '1000', 0, NULL, '5000.0000', '5000.0000', 0),
(2370, 58, 'Thyroid & Neck Swellings', '3000.0000', '3000.0000', '3000.0000', NULL, NULL, '1000', 878, NULL, '3000.0000', '3000.0000', 0),
(2371, 58, 'Scrotal Scan', '3000.0000', '3000.0000', '3000.0000', NULL, NULL, '1000', 878, NULL, '3000.0000', '3000.0000', 0),
(2372, 58, 'Ophthalmology Scan', '0.0000', '0.0000', '0.0000', NULL, NULL, '1000', 878, NULL, '0.0000', '0.0000', 0),
(2373, 58, 'Ovulation Monitor', '3000.0000', '3000.0000', '3000.0000', NULL, NULL, '1000', 0, NULL, '3000.0000', '3000.0000', 0),
(2374, 58, 'Hysterosonosalpingography (HSG)', '12500.0000', '12500.0000', '12500.0000', NULL, NULL, '1000', 1034, NULL, '12500.0000', '0.0000', 0),
(2375, 58, 'Prostate Scan', '3000.0000', '3000.0000', '3000.0000', NULL, NULL, '1000', 878, NULL, '3000.0000', '3000.0000', 0),
(2376, 58, 'Urethral Scan', '0.0000', '0.0000', '0.0000', NULL, NULL, '1000', 878, NULL, '0.0000', '0.0000', 0),
(2377, 58, 'Breast Scan Lt/ Rt', '3000.0000', '3000.0000', '3000.0000', NULL, NULL, '1000', 878, NULL, '3000.0000', '3000.0000', 0),
(2378, 58, 'Muscle Scan', '4000.0000', '4000.0000', '4000.0000', NULL, NULL, '1000', 0, NULL, '4000.0000', '4000.0000', 0),
(2380, 58, 'Breast Screening', '4000.0000', '4000.0000', '4000.0000', NULL, NULL, '1000', 0, NULL, '4000.0000', '4000.0000', 0),
(2381, 58, 'Joint Scan', '0.0000', '0.0000', '0.0000', NULL, NULL, '1000', 878, NULL, '0.0000', '0.0000', 0),
(2383, 58, 'Chest Scan', '3000.0000', '3000.0000', '3000.0000', NULL, NULL, '1000', 1021, NULL, '3000.0000', '800.0000', 0),
(2384, 58, 'Trans-vaginal', '2500.0000', '2500.0000', '2500.0000', NULL, NULL, '1000', 878, NULL, '2500.0000', '2500.0000', 0),
(2387, 58, 'Soft Tissue Scan', '3000.0000', '3000.0000', '3000.0000', NULL, NULL, '1000', 878, NULL, '3000.0000', '3000.0000', 0),
(2407, 56, 'ANTE-NATAL', '5000.0000', '5000.0000', '5000.0000', NULL, NULL, '1000', 1019, NULL, '0.0000', '5000.0000', 0),
(2417, 56, 'PHYSIOTHERAPY', '5000.0000', '5000.0000', '5000.0000', NULL, NULL, '1000', 0, NULL, '0.0000', '5000.0000', 0),
(2422, 56, 'GOPD', '3000.0000', '3000.0000', '3000.0000', NULL, NULL, '1000', 0, NULL, '3000.0000', '3000.0000', 0),
(2461, 56, 'Emergency', '5000.0000', '5000.0000', '5000.0000', NULL, NULL, '1000', 1019, NULL, '5000.0000', '5000.0000', 0),
(2471, 78, 'Circumcision', '5000.0000', '5000.0000', '5000.0000', NULL, NULL, '1000', 0, NULL, '5000.0000', '5000.0000', 0),
(2472, 76, 'Registration (Personal Paediatric)', '5000.0000', '5000.0000', '5000.0000', NULL, NULL, '1000', 0, NULL, '1000.0000', '5000.0000', 0),
(2473, 76, 'Concierge Medical Service (Bronze)', '0.0000', '0.0000', '0.0000', NULL, NULL, '1000', 0, NULL, '0.0000', '0.0000', 0),
(2474, 76, 'Concierge Medical Service (Silver)', '0.0000', '0.0000', '0.0000', NULL, NULL, '1000', 0, NULL, '0.0000', '0.0000', 0),
(2475, 76, 'Concierge Medical Service (Gold)', '0.0000', '0.0000', '0.0000', NULL, NULL, '1000', 0, NULL, '0.0000', '0.0000', 0),
(2476, 76, 'Concierge Medical Service (Platinum)', '0.0000', '0.0000', '0.0000', NULL, NULL, '1000', 0, NULL, '0.0000', '0.0000', 0),
(2477, 56, 'Paediatric', '2000.0000', '2000.0000', '2000.0000', NULL, NULL, '1000', 0, NULL, '2000.0000', '2000.0000', 0),
(2478, 56, 'Follow up', '0.0000', '0.0000', '0.0000', NULL, NULL, '1000', 0, NULL, '0.0000', '0.0000', 0),
(2479, 56, 'Specialist ', '5000.0000', '5000.0000', '5000.0000', NULL, NULL, '1000', 0, NULL, '5000.0000', '5000.0000', 0),
(2480, NULL, NULL, '0.0000', '0.0000', '0.0000', NULL, NULL, '1000', 0, NULL, '0.0000', '0.0000', 0),
(2482, 82, 'shina adetoye', '0.0000', '0.0000', '0.0000', NULL, NULL, '9000', 0, NULL, '0.0000', '0.0000', 0),
(2483, 65, 'Baba Jesu', '0.0000', '0.0000', '0.0000', NULL, NULL, '78392', 0, NULL, '0.0000', '0.0000', 0);

-- --------------------------------------------------------

--
-- Table structure for table `service_charge_subgroup`
--

CREATE TABLE `service_charge_subgroup` (
  `ChargeSubGroupID` int(11) NOT NULL,
  `Name` varchar(50) COLLATE utf8_bin DEFAULT NULL,
  `ChargeGroupID` int(11) DEFAULT NULL,
  `AccountID` int(11) DEFAULT NULL
) ENGINE=InnoDB DEFAULT CHARSET=utf8 COLLATE=utf8_bin;

--
-- Dumping data for table `service_charge_subgroup`
--

INSERT INTO `service_charge_subgroup` (`ChargeSubGroupID`, `Name`, `ChargeGroupID`, `AccountID`) VALUES
(56, 'CLINICAL CONSULTATION', 6, 1019),
(57, 'X-RAY INVESTIGATION', 2, 1026),
(58, 'ULTRASONOGRAPHY', 2, 1026),
(61, 'ACCOMODATION', 6, 1027),
(63, 'LABOUR', 7, 1031),
(64, 'INTERMEDIATE PROCEDURE', 7, 1031),
(65, 'MAJOR PROCEDURE', 7, 1031),
(68, 'ANC (DELIVERY)', 6, 1029),
(76, 'REGISTERATION', 6, 1042),
(77, 'VACCINES', 6, 1025),
(78, 'MINOR PROCEDURES', 6, 1035),
(82, 'ECG', 2, 1026);

-- --------------------------------------------------------

--
-- Table structure for table `staff`
--

CREATE TABLE `staff` (
  `id` int(11) NOT NULL,
  `staff_title` int(11) NOT NULL,
  `user_id` int(11) DEFAULT NULL,
  `staff_firstname` varchar(50) DEFAULT NULL,
  `staff_middlename` varchar(50) DEFAULT NULL,
  `staff_lastname` varchar(50) DEFAULT NULL,
  `staff_id` varchar(20) DEFAULT NULL,
  `staff_gender` varchar(20) DEFAULT NULL,
  `staff_phone` varchar(20) NOT NULL,
  `staff_email` varchar(50) NOT NULL,
  `staff_dob` varchar(20) DEFAULT NULL,
  `employment_type` varchar(50) DEFAULT NULL,
  `staff_blood_group` varchar(10) DEFAULT NULL,
  `staff_address` varchar(200) DEFAULT NULL,
  `staff_state` int(11) DEFAULT NULL,
  `staff_photo` varchar(200) DEFAULT NULL,
  `department_id` int(11) DEFAULT NULL,
  `staff_designation` varchar(50) DEFAULT NULL,
  `can_consult` int(11) NOT NULL DEFAULT 0,
  `date_of_joining` date DEFAULT NULL,
  `date_of_retirement` date DEFAULT NULL,
  `date_added` datetime NOT NULL DEFAULT current_timestamp()
) ENGINE=InnoDB DEFAULT CHARSET=utf8mb4;

--
-- Dumping data for table `staff`
--

INSERT INTO `staff` (`id`, `staff_title`, `user_id`, `staff_firstname`, `staff_middlename`, `staff_lastname`, `staff_id`, `staff_gender`, `staff_phone`, `staff_email`, `staff_dob`, `employment_type`, `staff_blood_group`, `staff_address`, `staff_state`, `staff_photo`, `department_id`, `staff_designation`, `can_consult`, `date_of_joining`, `date_of_retirement`, `date_added`) VALUES
(1, 3, 1, 'Shina', NULL, 'Adetoye', 'BABA21', 'male', '08038387930', 'adetoyeshina@gmail.com', NULL, NULL, NULL, 'No 5', 1, NULL, 3, NULL, 0, NULL, NULL, '2020-10-08 03:31:46'),
(2, 15, 7, 'Shinarad', NULL, 'Adetoye', NULL, 'male', '08038387930', 'adetoyeshina@gmail.com', '2020-10-14', NULL, NULL, 'No 5757573', 11, NULL, 6, NULL, 1, NULL, NULL, '2020-10-10 03:53:01'),
(3, 1, 8, 'Dale', NULL, 'Brown', NULL, 'female', '08038387930', 'dale@brown.com', '2021-12-31', NULL, NULL, 'No 3 George Street, Apata', 24, NULL, 3, NULL, 1, NULL, NULL, '2021-01-18 02:52:19'),
(4, 2, 11, 'Seyi', NULL, 'Makinde', NULL, 'female', '08038387930', 'adetoyeshina@gmail.com', '2020-01-02', NULL, NULL, 'No 3 George Street, Apata', 24, NULL, 1, NULL, 0, NULL, NULL, '2021-01-18 03:16:54'),
(5, 8, 12, 'Emre', NULL, 'Can', NULL, 'male', '090383838', 'emrecan@yahoo.com', '2018-12-02', NULL, NULL, 'Ok', 2, NULL, 1, NULL, 0, NULL, NULL, '2021-01-18 03:20:22'),
(6, 6, 16, 'Hidden', NULL, 'Bro', NULL, 'male', '08038387930', 'hidd@gmail.com', '2018-11-02', NULL, NULL, '23 ilo', 12, NULL, 3, NULL, 0, NULL, NULL, '2021-01-18 03:27:28'),
(7, 5, 17, 'Bode ', NULL, 'Thomas', NULL, 'male', '08038387930', 'bodethomas@gmail.com', '2021-01-01', NULL, NULL, 'Yaba', 9, NULL, 4, NULL, 0, NULL, NULL, '2021-01-18 03:35:17'),
(8, 10, 21, 'Shi', NULL, 'Shine', NULL, 'male', '9003899', 'shine@fi.com', '2021-01-01', NULL, NULL, 'IOKAKQK', 6, NULL, 3, NULL, 1, NULL, NULL, '2021-01-18 04:35:17');

-- --------------------------------------------------------

--
-- Table structure for table `states`
--

CREATE TABLE `states` (
  `id` int(10) UNSIGNED NOT NULL,
  `name` varchar(191) COLLATE utf8mb4_unicode_ci NOT NULL
) ENGINE=InnoDB DEFAULT CHARSET=utf8mb4 COLLATE=utf8mb4_unicode_ci;

--
-- Dumping data for table `states`
--

INSERT INTO `states` (`id`, `name`) VALUES
(1, 'Abia'),
(2, 'Adamawa'),
(3, 'Akwa Ibom'),
(4, 'Anambra'),
(5, 'Bauchi'),
(6, 'Bayelsa'),
(7, 'Benue'),
(8, 'Borno'),
(9, 'Cross River'),
(10, 'Delta'),
(11, 'Ebonyi '),
(12, 'Edo'),
(13, 'Ekiti'),
(14, 'Enugu'),
(15, 'Gombe '),
(16, 'Imo'),
(17, 'Jigawa'),
(18, 'Kaduna'),
(19, 'Kano'),
(20, 'Katsina'),
(21, 'Kebbi'),
(22, 'Kogi'),
(23, 'Kwara'),
(24, 'Lagos'),
(25, 'Nasarawa'),
(26, 'Niger'),
(27, 'Ogun'),
(28, 'Ondo'),
(29, 'Osun'),
(30, 'Oyo'),
(31, 'Plateau'),
(32, 'Rivers'),
(33, 'Sokoto'),
(34, 'Taraba'),
(35, 'Yobe'),
(36, 'Zamfara'),
(37, 'Federal Capital Territory');

-- --------------------------------------------------------

--
-- Table structure for table `sub_parameters`
--

CREATE TABLE `sub_parameters` (
  `id` int(5) UNSIGNED NOT NULL,
  `parameter_id` int(11) NOT NULL,
  `name` text NOT NULL,
  `date_added` datetime DEFAULT current_timestamp()
) ENGINE=InnoDB DEFAULT CHARSET=utf8;

--
-- Dumping data for table `sub_parameters`
--

INSERT INTO `sub_parameters` (`id`, `parameter_id`, `name`, `date_added`) VALUES
(1, 9, 'Christianity', '2021-01-28 15:12:56');

-- --------------------------------------------------------

--
-- Table structure for table `tribes`
--

CREATE TABLE `tribes` (
  `id` int(11) NOT NULL,
  `tribe_name` varchar(50) COLLATE utf8_bin DEFAULT NULL
) ENGINE=InnoDB DEFAULT CHARSET=utf8 COLLATE=utf8_bin;

--
-- Dumping data for table `tribes`
--

INSERT INTO `tribes` (`id`, `tribe_name`) VALUES
(1, 'Abayon'),
(2, 'Abua (Odual)'),
(3, 'Achipa (Achipawa)'),
(4, 'Adim'),
(5, 'Adun'),
(6, 'Affade'),
(7, 'Afizere'),
(8, 'Afo'),
(9, 'Agbo'),
(10, 'Akaju-Ndem (Akajuk)'),
(11, 'Akweya-Yach'),
(12, 'Alago (Arago)'),
(13, 'Amo'),
(14, 'Anaguta'),
(15, 'Anang'),
(16, 'Andoni'),
(17, 'Angas'),
(18, 'Ankwei'),
(19, 'Anyima'),
(20, 'Attakar (Ataka)'),
(21, 'Auyoka (Auyokawa)'),
(22, 'Awori'),
(23, 'Ayu'),
(24, 'Babur'),
(25, 'Bachama'),
(26, 'Bachere'),
(27, 'Bada'),
(28, 'Bade'),
(29, 'Bahumono'),
(30, 'Bakulung'),
(31, 'Bali'),
(32, 'Bambora (Bambarawa)'),
(33, 'Bambuko'),
(34, 'Banda (Bandawa)'),
(35, 'Banka (Bankalawa)'),
(36, 'Banso (Panso)'),
(37, 'Bara (Barawa)'),
(38, 'Barke'),
(39, 'Baruba (Barba)'),
(40, 'Bashiri (Bashirawa)'),
(41, 'Bassa'),
(42, 'Batta'),
(43, 'Baushi'),
(44, 'Baya'),
(45, 'Bekwarra'),
(46, 'Bele (Buli, Belewa)'),
(47, 'Beni'),
(48, 'Betso (Bete)'),
(49, 'Bette'),
(50, 'Bilei'),
(51, 'Bille'),
(52, 'Bina (Binawa)'),
(53, 'Bini'),
(54, 'Birom'),
(55, 'Bobua'),
(56, 'Boki (Nki)'),
(57, 'Bkkos'),
(58, 'Boko (Bussawa, Bargawa)'),
(59, 'Bole (Bolewa)'),
(60, 'Botlere'),
(61, 'Boma (Bomawa, Burmano)'),
(62, 'Bomboro'),
(63, 'Buduma'),
(64, 'Buji'),
(65, 'Buli'),
(66, 'Bunu'),
(67, 'Bura'),
(68, 'Burak'),
(69, 'Burma (Burmawa)'),
(70, 'Buru'),
(71, 'Buta (Butawa)'),
(72, 'Bwall'),
(73, 'Bwatiye'),
(74, 'Bwazza'),
(75, 'Challa'),
(76, 'Chama (Chamawa Fitilai)'),
(77, 'Chamba'),
(78, 'Chamo'),
(79, 'Chibok (Chibbak)'),
(80, 'Chinine'),
(81, 'Chip'),
(82, 'Chokobo'),
(83, 'Chukkol'),
(84, 'Daba'),
(85, 'Dadiya'),
(86, 'Daka'),
(87, 'Dakarkari'),
(88, 'Danda (Dandawa)'),
(89, 'Dangsa'),
(90, 'Daza (Dere, Derewa)'),
(91, 'Degema'),
(92, 'Deno (Denawa)'),
(93, 'Dghwede'),
(94, 'Diba'),
(95, 'Doemak (Dumuk)'),
(96, 'Ouguri'),
(97, 'Duka (Dukawa)'),
(98, 'Duma (Dumawa)'),
(99, 'Dunuma'),
(100, 'Ebana (Ebani)'),
(101, 'Ebirra (lgbirra)'),
(102, 'Ebu'),
(103, 'Efik'),
(104, 'Egbema'),
(105, 'Egede (lgedde)'),
(106, 'Eggon'),
(107, 'Egun (Gu)'),
(108, 'Ejagham'),
(109, 'Ekajuk'),
(110, 'Eket'),
(111, 'Ekoi'),
(112, 'Engenni (Ngene)'),
(113, 'Epie'),
(114, 'Esan (Ishan)'),
(115, 'Etche'),
(116, 'Etolu (Etilo)'),
(117, 'Etsako'),
(118, 'Etung'),
(119, 'Etuno'),
(120, 'Palli'),
(121, 'Fulani'),
(122, 'Fyam (Fyem)'),
(123, 'Fyer(Fer)'),
(124, 'Ga\'anda'),
(125, 'Gade'),
(126, 'Galambi'),
(127, 'Gamergu-Mulgwa'),
(128, 'Qanawuri'),
(129, 'Gavako'),
(130, 'Gbedde'),
(131, 'Gengle'),
(132, 'Geji'),
(133, 'Gera (Gere, Gerawa)'),
(134, 'Geruma (Gerumawa)'),
(135, 'Gingwak'),
(136, 'Gira'),
(137, 'Gizigz'),
(138, 'Goernai'),
(139, 'Gokana (Kana)'),
(140, 'Gombi'),
(141, 'Gornun (Gmun)'),
(142, 'Gonia'),
(143, 'Gubi (Gubawa)'),
(144, 'Gude'),
(145, 'Gudu'),
(146, 'Gure'),
(147, 'Gurmana'),
(148, 'Gururntum'),
(149, 'Gusu'),
(150, 'Gwa (Gurawa)'),
(151, 'Gwamba'),
(152, 'Gwandara'),
(153, 'Gwari (Gbari)'),
(154, 'Gwom'),
(155, 'Gwoza (Waha)'),
(156, 'Gyem'),
(157, 'Hausa'),
(158, 'Higi (Hig)'),
(159, 'Holma'),
(160, 'Hona'),
(161, 'Ibeno'),
(162, 'Ibibio'),
(163, 'Ichen'),
(164, 'Idoma'),
(165, 'Igala'),
(167, 'ljumu'),
(168, 'Ikorn'),
(169, 'Irigwe'),
(170, 'Isoko'),
(171, 'lsekiri (Itsekiri)'),
(172, 'lyala (lyalla)'),
(173, 'lzondjo'),
(174, 'Jaba'),
(175, 'Jahuna (Jahunawa)'),
(176, 'Jaku'),
(177, 'Jara (Jaar Jarawa Jarawa-Dutse)'),
(178, 'Jere (Jare, Jera, Jera, Jerawa)'),
(179, 'Jero'),
(180, 'Jibu'),
(181, 'Jidda-Abu'),
(182, 'Jimbin (Jimbinawa)'),
(183, 'Jira'),
(184, 'Jonjo (Jenjo)'),
(185, 'Jukun'),
(186, 'Kaba(Kabawa)'),
(187, 'Kadara'),
(188, 'Kafanchan'),
(189, 'Kagoro'),
(190, 'Kaje (Kache)'),
(191, 'Kajuru (Kajurawa)'),
(192, 'Kaka'),
(193, 'Kamaku (Karnukawa)'),
(194, 'Kambari'),
(195, 'Kambu'),
(196, 'Kamo'),
(197, 'Kanakuru (Dera)'),
(198, 'Kanembu'),
(199, 'Kanikon'),
(200, 'Kantana'),
(201, 'Kanufi'),
(202, 'Karekare (Karaikarai)'),
(203, 'Karimjo'),
(204, 'Kariya'),
(205, 'Katab (Kataf)'),
(206, 'Kenern (Koenoem)'),
(207, 'Kenton'),
(208, 'Kiballo (Kiwollo)'),
(209, 'Kilba'),
(210, 'Kirfi (Kirfawa)'),
(211, 'Koma'),
(212, 'Kona'),
(213, 'Koro (Kwaro)'),
(214, 'Kubi (Kubawa)'),
(215, 'Kudachano (Kudawa)'),
(216, 'Kugama'),
(217, 'Kulere (Kaler)'),
(218, 'Kunini'),
(219, 'Kurama'),
(220, 'Kurdul'),
(221, 'Kushi'),
(222, 'Kuteb'),
(223, 'Kutin'),
(224, 'Kwalla'),
(225, 'Kwami (Kwom)'),
(226, 'Kwanchi'),
(227, 'Kwanka (Kwankwa)'),
(228, 'Kwaro'),
(229, 'Kwato'),
(230, 'Kyenga (Kengawa)'),
(231, 'Laaru (Larawa)'),
(232, 'Lakka'),
(233, 'Lala'),
(234, 'Lama'),
(235, 'Lamja'),
(236, 'Lau'),
(237, 'Ubbo'),
(238, 'Limono'),
(239, 'Lopa (Lupa, Lopawa)'),
(240, 'Longuda (Lunguda)'),
(241, 'Mabo'),
(242, 'Mada'),
(243, 'Mama'),
(244, 'Mambilla'),
(245, 'Manchok'),
(246, 'Mandara (Wandala)'),
(247, 'Manga (Mangawa)'),
(248, 'Margi (Marghi)'),
(249, 'Matakarn'),
(250, 'Mbembe'),
(251, 'Mbol'),
(252, 'Mbube'),
(253, 'Mbula'),
(254, 'Mbum'),
(255, 'Memyang (Meryan)'),
(256, 'Miango'),
(257, 'Miligili (Migili)'),
(258, 'Miya (Miyawa)'),
(259, 'Mobber'),
(260, 'Montol'),
(261, 'Moruwa (Moro\'a, Morwa)'),
(262, 'Muchaila'),
(263, 'Mumuye'),
(264, 'Mundang'),
(265, 'Munga (Mupang)'),
(266, 'Mushere'),
(267, 'Mwahavul (Mwaghavul)'),
(268, 'Ndoro'),
(269, 'Ngamo'),
(270, 'Ngizim'),
(271, 'Ngweshe (Ndhang Ngoshe-Ndhang)'),
(272, 'Ningi (Ningawa)'),
(273, 'Ninzam (Ninzo)'),
(274, 'Njayi'),
(275, 'Nkim'),
(276, 'Nkum'),
(277, 'Nokere (Nakere)'),
(278, 'Nunku'),
(279, 'Nupe'),
(280, 'Nyandang'),
(281, 'Ododop'),
(282, 'Ogori'),
(283, 'Okobo (Okkobor)'),
(284, 'Okpamheri'),
(285, 'Olulumo'),
(286, 'Oron'),
(287, 'Owan'),
(288, 'Owe'),
(289, 'Oworo'),
(290, 'Pa\'a (Pa\'awa Afawa)'),
(291, 'Pai'),
(292, 'Panyam'),
(293, 'Pero'),
(294, 'Pire'),
(295, 'Pkanzom'),
(296, 'Poll'),
(297, 'Polchi Habe'),
(298, 'Pongo (Pongu)'),
(299, 'Potopo'),
(300, 'Pyapun (Piapung)'),
(301, 'Qua'),
(302, 'Rebina (Rebinawa)'),
(303, 'Reshe'),
(304, 'Rindire (Rendre)'),
(305, 'Rishuwa'),
(306, 'Ron'),
(307, 'Rubu'),
(308, 'Rukuba'),
(309, 'Rumada'),
(310, 'Rumaya'),
(311, 'Sakbe'),
(312, 'Sanga'),
(313, 'Sate'),
(314, 'Saya (Sayawa Za\'ar)'),
(315, 'Segidi (Sigidawa)'),
(316, 'Shanga (Shangawa)'),
(317, 'Shangawa (Shangau)'),
(318, 'Shan-Shan'),
(319, 'Shira (Shirawa)'),
(320, 'Shomo'),
(321, 'Shuwa'),
(322, 'Sikdi'),
(323, 'Siri (Sirawa)'),
(324, 'Srubu (Surubu)'),
(325, 'Sukur'),
(326, 'Sura'),
(327, 'Tangale'),
(328, 'Tarok'),
(329, 'Teme'),
(330, 'Tera (Terawa)'),
(331, 'Teshena (Teshenawa)'),
(332, 'Tigon'),
(333, 'Tikar'),
(334, 'Tiv'),
(335, 'Tula'),
(336, 'Tur'),
(337, 'Ufia'),
(338, 'Ukelle'),
(339, 'Ukwani (Kwale)'),
(340, 'Uncinda'),
(341, 'Uneme (Ineme)'),
(342, 'Ura (Ula)'),
(343, 'Urhobo'),
(344, 'Utonkong'),
(345, 'Uyanga'),
(346, 'Vemgo'),
(347, 'Verre'),
(348, 'Vommi'),
(349, 'Wagga'),
(350, 'Waja'),
(351, 'Waka'),
(352, 'Warja (Warja)'),
(353, 'Warji'),
(354, 'Wula'),
(355, 'Wurbo'),
(356, 'Wurkun'),
(357, 'Yache'),
(358, 'Yagba'),
(359, 'Yakurr (Yako)'),
(360, 'Yalla'),
(361, 'Yandang'),
(362, 'Yergan (Yergum)'),
(363, 'Yoruba'),
(364, 'Yott'),
(365, 'Yumu'),
(366, 'Yungur'),
(367, 'Yuom'),
(368, 'Zabara'),
(369, 'Zaranda'),
(370, 'Zarma (Zarmawa)'),
(371, 'Zayam (Zeam)'),
(372, 'Zul (Zulawa)'),
(373, 'Gbagyi'),
(374, 'Zango'),
(375, 'Unkown'),
(376, 'Ogoja'),
(377, 'Obudu'),
(378, 'Auchi'),
(379, 'Ijaw'),
(380, 'Ika'),
(381, 'Afemai'),
(383, 'Ibo'),
(384, 'ikulu'),
(385, 'EKPENYON'),
(386, 'Others'),
(387, 'igarra'),
(389, 'Berom'),
(391, 'Eniyan'),
(392, 'becheve'),
(393, 'pyem'),
(394, 'afafanyi');

-- --------------------------------------------------------

--
-- Table structure for table `users`
--

CREATE TABLE `users` (
  `id` int(11) NOT NULL,
  `username` varchar(50) NOT NULL,
  `fullname` varchar(50) DEFAULT NULL,
  `password` varchar(100) NOT NULL,
  `role_id` int(11) NOT NULL,
  `status` int(11) NOT NULL DEFAULT 0,
  `user_status` enum('Active','Disabled','Suspended') NOT NULL DEFAULT 'Active',
  `suspension_time` varchar(100) DEFAULT NULL,
  `date_created` datetime NOT NULL DEFAULT current_timestamp()
) ENGINE=InnoDB DEFAULT CHARSET=utf8mb4;

--
-- Dumping data for table `users`
--

INSERT INTO `users` (`id`, `username`, `fullname`, `password`, `role_id`, `status`, `user_status`, `suspension_time`, `date_created`) VALUES
(1, 'admin', NULL, 'admin', 1, 1, 'Active', NULL, '2020-08-06 00:27:26'),
(2, 'curatedesk', 'Curate Desk', 'admin', 3, 0, 'Active', NULL, '2020-10-10 03:48:37'),
(3, 'shina', NULL, 'admin', 3, 0, 'Active', NULL, '2020-10-10 03:50:02'),
(4, 'shina2', NULL, 'admin', 3, 0, 'Active', NULL, '2020-10-10 03:50:31'),
(6, 'superadmin@hms.com', NULL, 'admin', 1, 0, 'Active', NULL, '2020-10-10 03:52:19'),
(7, 'superadmin2@hms.com', NULL, 'admin', 3, 0, 'Active', NULL, '2020-10-10 03:53:01'),
(8, 'admin2334', NULL, '12345', 1, 0, 'Active', NULL, '2021-01-18 02:52:19'),
(11, 'mohemos2', NULL, '1234', 3, 0, 'Active', NULL, '2021-01-18 03:16:54'),
(12, 'emre', NULL, '1234', 1, 0, 'Active', NULL, '2021-01-18 03:20:22'),
(16, 'hidden', NULL, '1234', 3, 0, 'Active', NULL, '2021-01-18 03:27:28'),
(17, 'bode', NULL, '1234', 3, 0, 'Suspended', '2021-01-30T21:04', '2021-01-18 03:35:17'),
(19, 'ore@yahoo.com', 'Oreoluwa Akinmameji', '1234', 3, 0, 'Active', NULL, '2021-01-19 21:23:29'),
(21, 'aderagada', NULL, '12345', 3, 0, 'Suspended', NULL, '2021-01-19 21:36:51'),
(22, 'olamide', 'Adebayo Oluwadara', 'Oluwadara+1', 3, 0, 'Active', NULL, '2021-01-29 21:22:15');

-- --------------------------------------------------------

--
-- Table structure for table `users2`
--

CREATE TABLE `users2` (
  `id` int(11) NOT NULL,
  `username` varchar(50) NOT NULL,
  `fullname` varchar(50) DEFAULT NULL,
  `password` varchar(100) NOT NULL,
  `role_id` int(11) NOT NULL,
  `status` int(11) NOT NULL DEFAULT 0,
  `date_created` datetime NOT NULL DEFAULT current_timestamp()
) ENGINE=InnoDB DEFAULT CHARSET=utf8mb4;

--
-- Dumping data for table `users2`
--

INSERT INTO `users2` (`id`, `username`, `fullname`, `password`, `role_id`, `status`, `date_created`) VALUES
(1, 'admin', NULL, 'admin', 1, 1, '2020-08-06 00:27:26'),
(2, 'curatedesk', 'Curate Desk', 'admin', 3, 0, '2020-10-10 03:48:37'),
(3, 'shina', NULL, 'admin', 3, 0, '2020-10-10 03:50:02'),
(4, 'shina2', NULL, 'admin', 3, 0, '2020-10-10 03:50:31'),
(5, 'shina23', NULL, 'admin', 3, 0, '2020-10-10 03:51:47'),
(6, 'superadmin@hms.com', NULL, 'admin', 1, 0, '2020-10-10 03:52:19'),
(7, 'superadmin2@hms.com', NULL, 'admin', 3, 0, '2020-10-10 03:53:01'),
(8, 'admin2334', NULL, '12345', 1, 0, '2021-01-18 02:52:19'),
(9, 'mohemos@live.com', NULL, '1234', 3, 0, '2021-01-18 03:12:46'),
(10, 'mohemos', NULL, '1234', 3, 0, '2021-01-18 03:13:22'),
(11, 'mohemos2', NULL, '1234', 3, 0, '2021-01-18 03:16:54'),
(12, 'emre', NULL, '1234', 1, 0, '2021-01-18 03:20:22'),
(13, 'janet', NULL, '1234', 1, 0, '2021-01-18 03:22:03'),
(14, 'slimcase', NULL, '1234', 3, 0, '2021-01-18 03:24:00'),
(15, '2slimcase', NULL, '1234', 3, 0, '2021-01-18 03:24:22'),
(16, 'hidden', NULL, '1234', 3, 0, '2021-01-18 03:27:28'),
(17, 'bode', NULL, '1234', 3, 0, '2021-01-18 03:35:17'),
(19, 'ore@yahoo.com', 'Oreoluwa Akinmameji', '1234', 3, 0, '2021-01-19 21:23:29'),
(21, 'aderagada', NULL, '12345', 3, 0, '2021-01-19 21:36:51');

-- --------------------------------------------------------

--
-- Table structure for table `vendors`
--

CREATE TABLE `vendors` (
  `id` int(11) NOT NULL,
  `company_id` varchar(200) NOT NULL,
  `vendor_phone` varchar(20) NOT NULL,
  `vendor_email` varchar(50) NOT NULL,
  `company_address` varchar(50) NOT NULL,
  `contact_person_name` varchar(50) NOT NULL,
  `contact_person_phone` varchar(20) NOT NULL,
  `vendor_account_name` varchar(50) NOT NULL,
  `vendor_bank_name` varchar(50) NOT NULL,
  `vendor_branch_name` varchar(50) NOT NULL,
  `vendor_account_number` varchar(20) NOT NULL,
  `vendor_sort_code` varchar(20) NOT NULL,
  `date_added` datetime NOT NULL DEFAULT current_timestamp()
) ENGINE=InnoDB DEFAULT CHARSET=utf8mb4;

-- --------------------------------------------------------

--
-- Table structure for table `vendor_categories`
--

CREATE TABLE `vendor_categories` (
  `id` int(11) NOT NULL,
  `category_name` int(11) NOT NULL,
  `date_added` datetime NOT NULL DEFAULT current_timestamp()
) ENGINE=InnoDB DEFAULT CHARSET=utf8mb4;

-- --------------------------------------------------------

--
-- Table structure for table `vitals_request`
--

CREATE TABLE `vitals_request` (
  `id` int(11) NOT NULL,
  `appointment_id` int(11) DEFAULT NULL,
  `sent_by` int(11) NOT NULL,
  `patient_id` int(11) NOT NULL,
  `vitals_request_status` varchar(30) NOT NULL DEFAULT 'Pending',
  `date_created` datetime NOT NULL DEFAULT current_timestamp()
) ENGINE=InnoDB DEFAULT CHARSET=utf8mb4;

--
-- Dumping data for table `vitals_request`
--

INSERT INTO `vitals_request` (`id`, `appointment_id`, `sent_by`, `patient_id`, `vitals_request_status`, `date_created`) VALUES
(1, 1, 1, 3, 'Pending', '2020-10-16 01:42:32'),
(2, 3, 1, 9, 'Pending', '2021-01-21 16:18:39'),
(3, 4, 1, 4, 'Pending', '2021-01-28 19:29:41'),
(4, 5, 1, 7, 'Pending', '2021-01-28 19:32:17');

-- --------------------------------------------------------

--
-- Table structure for table `wards`
--

CREATE TABLE `wards` (
  `id` int(11) NOT NULL,
  `ward_name` varchar(100) COLLATE utf8_bin DEFAULT NULL,
  `status` enum('Free','Occupied') COLLATE utf8_bin DEFAULT 'Free',
  `account_id` int(11) DEFAULT NULL,
  `doctor_nurse_fee` decimal(19,4) DEFAULT 0.0000,
  `utility` decimal(19,4) DEFAULT 0.0000,
  `feeding` decimal(19,4) DEFAULT 0.0000,
  `ward_rate` decimal(19,4) DEFAULT 0.0000,
  `ward_type_id` int(11) DEFAULT NULL
) ENGINE=InnoDB DEFAULT CHARSET=utf8 COLLATE=utf8_bin;

--
-- Dumping data for table `wards`
--

INSERT INTO `wards` (`id`, `ward_name`, `status`, `account_id`, `doctor_nurse_fee`, `utility`, `feeding`, `ward_rate`, `ward_type_id`) VALUES
(1, 'Female Ward 23', 'Free', NULL, '3000.0000', '2300.0000', '6900.0000', '290.0000', 21),
(2, 'Pead Ward 23', 'Occupied', NULL, '3000.0000', '2300.0000', '6900.0000', '290.0000', 23),
(3, 'Labour Ward', 'Occupied', NULL, '3000.0000', '2300.0000', '6900.0000', '2902.0000', 22),
(4, 'Post Natal 345', 'Occupied', NULL, '3000.0000', '2300.0000', '6900.0000', '2902.0000', 21);

-- --------------------------------------------------------

--
-- Table structure for table `ward_type`
--

CREATE TABLE `ward_type` (
  `id` int(11) NOT NULL,
  `ward_type_name` varchar(50) COLLATE utf8_bin DEFAULT NULL
) ENGINE=InnoDB DEFAULT CHARSET=utf8 COLLATE=utf8_bin;

--
-- Dumping data for table `ward_type`
--

INSERT INTO `ward_type` (`id`, `ward_type_name`) VALUES
(16, 'FEMALE MEDICAL WARD'),
(17, 'FEMALE SURGICAL WARD'),
(18, 'MALE SURGICAL WARD'),
(19, 'MEDICAL WARD'),
(20, 'VIP WARD'),
(21, 'POST-NATAL WARD'),
(22, 'LABOUR WARD'),
(23, 'PEADIATRICS WARD'),
(24, 'NEONATAL WARD'),
(25, 'ICU WARD'),
(26, 'A&E WARD');

--
-- Indexes for dumped tables
--

--
-- Indexes for table `admission_requests`
--
ALTER TABLE `admission_requests`
  ADD PRIMARY KEY (`id`);

--
-- Indexes for table `admission_status`
--
ALTER TABLE `admission_status`
  ADD PRIMARY KEY (`id`);

--
-- Indexes for table `ailments`
--
ALTER TABLE `ailments`
  ADD PRIMARY KEY (`id`);

--
-- Indexes for table `bed`
--
ALTER TABLE `bed`
  ADD PRIMARY KEY (`id`);

--
-- Indexes for table `bed_allotments`
--
ALTER TABLE `bed_allotments`
  ADD PRIMARY KEY (`id`);

--
-- Indexes for table `billings`
--
ALTER TABLE `billings`
  ADD PRIMARY KEY (`id`);

--
-- Indexes for table `clinics`
--
ALTER TABLE `clinics`
  ADD PRIMARY KEY (`id`);

--
-- Indexes for table `consultations`
--
ALTER TABLE `consultations`
  ADD PRIMARY KEY (`id`);

--
-- Indexes for table `countries`
--
ALTER TABLE `countries`
  ADD PRIMARY KEY (`id`);

--
-- Indexes for table `dental_clinics`
--
ALTER TABLE `dental_clinics`
  ADD PRIMARY KEY (`id`);

--
-- Indexes for table `departments`
--
ALTER TABLE `departments`
  ADD PRIMARY KEY (`id`);

--
-- Indexes for table `discharge_type`
--
ALTER TABLE `discharge_type`
  ADD PRIMARY KEY (`id`);

--
-- Indexes for table `diseases`
--
ALTER TABLE `diseases`
  ADD PRIMARY KEY (`id`);

--
-- Indexes for table `doctors`
--
ALTER TABLE `doctors`
  ADD PRIMARY KEY (`id`);

--
-- Indexes for table `drug_activities`
--
ALTER TABLE `drug_activities`
  ADD PRIMARY KEY (`id`);

--
-- Indexes for table `drug_batches`
--
ALTER TABLE `drug_batches`
  ADD PRIMARY KEY (`id`);

--
-- Indexes for table `drug_group`
--
ALTER TABLE `drug_group`
  ADD PRIMARY KEY (`id`);

--
-- Indexes for table `drug_items`
--
ALTER TABLE `drug_items`
  ADD PRIMARY KEY (`id`);

--
-- Indexes for table `duty_timings`
--
ALTER TABLE `duty_timings`
  ADD PRIMARY KEY (`id`);

--
-- Indexes for table `employee_types`
--
ALTER TABLE `employee_types`
  ADD PRIMARY KEY (`id`);

--
-- Indexes for table `enrollee_type`
--
ALTER TABLE `enrollee_type`
  ADD PRIMARY KEY (`id`);

--
-- Indexes for table `eye_clinics`
--
ALTER TABLE `eye_clinics`
  ADD PRIMARY KEY (`id`);

--
-- Indexes for table `general_settings`
--
ALTER TABLE `general_settings`
  ADD PRIMARY KEY (`id`);

--
-- Indexes for table `handover_notes`
--
ALTER TABLE `handover_notes`
  ADD PRIMARY KEY (`id`);

--
-- Indexes for table `issue_medicine`
--
ALTER TABLE `issue_medicine`
  ADD PRIMARY KEY (`id`);

--
-- Indexes for table `items`
--
ALTER TABLE `items`
  ADD PRIMARY KEY (`id`);

--
-- Indexes for table `lab_group`
--
ALTER TABLE `lab_group`
  ADD PRIMARY KEY (`id`);

--
-- Indexes for table `lab_requests`
--
ALTER TABLE `lab_requests`
  ADD PRIMARY KEY (`id`);

--
-- Indexes for table `lab_specimens`
--
ALTER TABLE `lab_specimens`
  ADD PRIMARY KEY (`id`);

--
-- Indexes for table `lab_tests`
--
ALTER TABLE `lab_tests`
  ADD PRIMARY KEY (`id`);

--
-- Indexes for table `lab_tests_subgroup`
--
ALTER TABLE `lab_tests_subgroup`
  ADD PRIMARY KEY (`id`);

--
-- Indexes for table `lab_test_parameters`
--
ALTER TABLE `lab_test_parameters`
  ADD PRIMARY KEY (`id`);

--
-- Indexes for table `lab_test_range`
--
ALTER TABLE `lab_test_range`
  ADD PRIMARY KEY (`id`);

--
-- Indexes for table `lab_test_range_by_test`
--
ALTER TABLE `lab_test_range_by_test`
  ADD PRIMARY KEY (`id`);

--
-- Indexes for table `lab_test_result_details`
--
ALTER TABLE `lab_test_result_details`
  ADD PRIMARY KEY (`id`);

--
-- Indexes for table `lab_test_subgroups_ranges`
--
ALTER TABLE `lab_test_subgroups_ranges`
  ADD PRIMARY KEY (`id`);

--
-- Indexes for table `medications`
--
ALTER TABLE `medications`
  ADD PRIMARY KEY (`id`);

--
-- Indexes for table `med_reports`
--
ALTER TABLE `med_reports`
  ADD PRIMARY KEY (`id`);

--
-- Indexes for table `menu_assigned`
--
ALTER TABLE `menu_assigned`
  ADD PRIMARY KEY (`id`);

--
-- Indexes for table `menu_children`
--
ALTER TABLE `menu_children`
  ADD PRIMARY KEY (`id`);

--
-- Indexes for table `menu_parents`
--
ALTER TABLE `menu_parents`
  ADD PRIMARY KEY (`id`);

--
-- Indexes for table `next_of_kin_rel`
--
ALTER TABLE `next_of_kin_rel`
  ADD PRIMARY KEY (`id`);

--
-- Indexes for table `occupation`
--
ALTER TABLE `occupation`
  ADD PRIMARY KEY (`id`);

--
-- Indexes for table `operations`
--
ALTER TABLE `operations`
  ADD PRIMARY KEY (`id`);

--
-- Indexes for table `parameters`
--
ALTER TABLE `parameters`
  ADD PRIMARY KEY (`id`);

--
-- Indexes for table `patient_appointments`
--
ALTER TABLE `patient_appointments`
  ADD PRIMARY KEY (`id`);

--
-- Indexes for table `patient_details`
--
ALTER TABLE `patient_details`
  ADD PRIMARY KEY (`id`);

--
-- Indexes for table `patient_details2`
--
ALTER TABLE `patient_details2`
  ADD PRIMARY KEY (`id`);

--
-- Indexes for table `patient_documents`
--
ALTER TABLE `patient_documents`
  ADD PRIMARY KEY (`id`);

--
-- Indexes for table `patient_health_history`
--
ALTER TABLE `patient_health_history`
  ADD PRIMARY KEY (`id`);

--
-- Indexes for table `patient_insurance`
--
ALTER TABLE `patient_insurance`
  ADD PRIMARY KEY (`id`);

--
-- Indexes for table `patient_lab_test`
--
ALTER TABLE `patient_lab_test`
  ADD PRIMARY KEY (`id`);

--
-- Indexes for table `patient_lab_test2`
--
ALTER TABLE `patient_lab_test2`
  ADD PRIMARY KEY (`id`);

--
-- Indexes for table `patient_lab_tests`
--
ALTER TABLE `patient_lab_tests`
  ADD PRIMARY KEY (`id`);

--
-- Indexes for table `patient_ledger`
--
ALTER TABLE `patient_ledger`
  ADD PRIMARY KEY (`id`);

--
-- Indexes for table `patient_nok`
--
ALTER TABLE `patient_nok`
  ADD PRIMARY KEY (`id`);

--
-- Indexes for table `patient_prescriptions`
--
ALTER TABLE `patient_prescriptions`
  ADD PRIMARY KEY (`id`);

--
-- Indexes for table `patient_prescriptions2`
--
ALTER TABLE `patient_prescriptions2`
  ADD PRIMARY KEY (`id`);

--
-- Indexes for table `patient_procedure_tests`
--
ALTER TABLE `patient_procedure_tests`
  ADD PRIMARY KEY (`id`);

--
-- Indexes for table `patient_radiology_tests`
--
ALTER TABLE `patient_radiology_tests`
  ADD PRIMARY KEY (`id`);

--
-- Indexes for table `patient_radiology_tests22`
--
ALTER TABLE `patient_radiology_tests22`
  ADD PRIMARY KEY (`id`);

--
-- Indexes for table `patient_vitals`
--
ALTER TABLE `patient_vitals`
  ADD PRIMARY KEY (`id`);

--
-- Indexes for table `patient_ward`
--
ALTER TABLE `patient_ward`
  ADD PRIMARY KEY (`id`);

--
-- Indexes for table `permissions`
--
ALTER TABLE `permissions`
  ADD PRIMARY KEY (`id`);

--
-- Indexes for table `pharmacy_requests`
--
ALTER TABLE `pharmacy_requests`
  ADD PRIMARY KEY (`id`);

--
-- Indexes for table `prescription_requests`
--
ALTER TABLE `prescription_requests`
  ADD PRIMARY KEY (`id`);

--
-- Indexes for table `prescription_request_items`
--
ALTER TABLE `prescription_request_items`
  ADD PRIMARY KEY (`id`);

--
-- Indexes for table `radiology_request`
--
ALTER TABLE `radiology_request`
  ADD PRIMARY KEY (`id`);

--
-- Indexes for table `radiology_services`
--
ALTER TABLE `radiology_services`
  ADD PRIMARY KEY (`id`);

--
-- Indexes for table `receipts`
--
ALTER TABLE `receipts`
  ADD PRIMARY KEY (`id`);

--
-- Indexes for table `receipt_grid`
--
ALTER TABLE `receipt_grid`
  ADD PRIMARY KEY (`ReceiptID`);

--
-- Indexes for table `religions`
--
ALTER TABLE `religions`
  ADD PRIMARY KEY (`id`);

--
-- Indexes for table `request_destinations`
--
ALTER TABLE `request_destinations`
  ADD PRIMARY KEY (`id`);

--
-- Indexes for table `retainers`
--
ALTER TABLE `retainers`
  ADD PRIMARY KEY (`id`);

--
-- Indexes for table `retainer_price_lists`
--
ALTER TABLE `retainer_price_lists`
  ADD PRIMARY KEY (`id`);

--
-- Indexes for table `retainer_price_options`
--
ALTER TABLE `retainer_price_options`
  ADD PRIMARY KEY (`id`);

--
-- Indexes for table `roles`
--
ALTER TABLE `roles`
  ADD PRIMARY KEY (`id`);

--
-- Indexes for table `salutations`
--
ALTER TABLE `salutations`
  ADD PRIMARY KEY (`id`);

--
-- Indexes for table `service_charge_group`
--
ALTER TABLE `service_charge_group`
  ADD PRIMARY KEY (`ChargeGroupID`);

--
-- Indexes for table `service_charge_items`
--
ALTER TABLE `service_charge_items`
  ADD PRIMARY KEY (`id`);

--
-- Indexes for table `service_charge_subgroup`
--
ALTER TABLE `service_charge_subgroup`
  ADD PRIMARY KEY (`ChargeSubGroupID`);

--
-- Indexes for table `staff`
--
ALTER TABLE `staff`
  ADD PRIMARY KEY (`id`);

--
-- Indexes for table `states`
--
ALTER TABLE `states`
  ADD PRIMARY KEY (`id`);

--
-- Indexes for table `sub_parameters`
--
ALTER TABLE `sub_parameters`
  ADD PRIMARY KEY (`id`);

--
-- Indexes for table `tribes`
--
ALTER TABLE `tribes`
  ADD PRIMARY KEY (`id`);

--
-- Indexes for table `users`
--
ALTER TABLE `users`
  ADD PRIMARY KEY (`id`);

--
-- Indexes for table `users2`
--
ALTER TABLE `users2`
  ADD PRIMARY KEY (`id`);

--
-- Indexes for table `vendors`
--
ALTER TABLE `vendors`
  ADD PRIMARY KEY (`id`);

--
-- Indexes for table `vendor_categories`
--
ALTER TABLE `vendor_categories`
  ADD PRIMARY KEY (`id`);

--
-- Indexes for table `vitals_request`
--
ALTER TABLE `vitals_request`
  ADD PRIMARY KEY (`id`);

--
-- Indexes for table `wards`
--
ALTER TABLE `wards`
  ADD PRIMARY KEY (`id`);

--
-- Indexes for table `ward_type`
--
ALTER TABLE `ward_type`
  ADD PRIMARY KEY (`id`);

--
-- AUTO_INCREMENT for dumped tables
--

--
-- AUTO_INCREMENT for table `admission_requests`
--
ALTER TABLE `admission_requests`
  MODIFY `id` int(11) NOT NULL AUTO_INCREMENT, AUTO_INCREMENT=7;

--
-- AUTO_INCREMENT for table `admission_status`
--
ALTER TABLE `admission_status`
  MODIFY `id` int(11) NOT NULL AUTO_INCREMENT, AUTO_INCREMENT=4;

--
-- AUTO_INCREMENT for table `ailments`
--
ALTER TABLE `ailments`
  MODIFY `id` int(11) NOT NULL AUTO_INCREMENT;

--
-- AUTO_INCREMENT for table `bed`
--
ALTER TABLE `bed`
  MODIFY `id` int(11) NOT NULL AUTO_INCREMENT;

--
-- AUTO_INCREMENT for table `bed_allotments`
--
ALTER TABLE `bed_allotments`
  MODIFY `id` int(11) NOT NULL AUTO_INCREMENT;

--
-- AUTO_INCREMENT for table `billings`
--
ALTER TABLE `billings`
  MODIFY `id` int(11) NOT NULL AUTO_INCREMENT, AUTO_INCREMENT=7;

--
-- AUTO_INCREMENT for table `clinics`
--
ALTER TABLE `clinics`
  MODIFY `id` int(11) NOT NULL AUTO_INCREMENT, AUTO_INCREMENT=3;

--
-- AUTO_INCREMENT for table `consultations`
--
ALTER TABLE `consultations`
  MODIFY `id` int(10) NOT NULL AUTO_INCREMENT;

--
-- AUTO_INCREMENT for table `countries`
--
ALTER TABLE `countries`
  MODIFY `id` int(11) NOT NULL AUTO_INCREMENT, AUTO_INCREMENT=240;

--
-- AUTO_INCREMENT for table `dental_clinics`
--
ALTER TABLE `dental_clinics`
  MODIFY `id` int(10) NOT NULL AUTO_INCREMENT, AUTO_INCREMENT=4;

--
-- AUTO_INCREMENT for table `departments`
--
ALTER TABLE `departments`
  MODIFY `id` int(11) NOT NULL AUTO_INCREMENT, AUTO_INCREMENT=9;

--
-- AUTO_INCREMENT for table `discharge_type`
--
ALTER TABLE `discharge_type`
  MODIFY `id` int(11) NOT NULL AUTO_INCREMENT, AUTO_INCREMENT=6;

--
-- AUTO_INCREMENT for table `diseases`
--
ALTER TABLE `diseases`
  MODIFY `id` int(11) NOT NULL AUTO_INCREMENT, AUTO_INCREMENT=13223;

--
-- AUTO_INCREMENT for table `doctors`
--
ALTER TABLE `doctors`
  MODIFY `id` int(11) NOT NULL AUTO_INCREMENT;

--
-- AUTO_INCREMENT for table `drug_activities`
--
ALTER TABLE `drug_activities`
  MODIFY `id` int(11) NOT NULL AUTO_INCREMENT, AUTO_INCREMENT=53;

--
-- AUTO_INCREMENT for table `drug_batches`
--
ALTER TABLE `drug_batches`
  MODIFY `id` int(10) NOT NULL AUTO_INCREMENT, AUTO_INCREMENT=5;

--
-- AUTO_INCREMENT for table `drug_group`
--
ALTER TABLE `drug_group`
  MODIFY `id` int(11) NOT NULL AUTO_INCREMENT, AUTO_INCREMENT=48;

--
-- AUTO_INCREMENT for table `drug_items`
--
ALTER TABLE `drug_items`
  MODIFY `id` int(11) NOT NULL AUTO_INCREMENT, AUTO_INCREMENT=4542;

--
-- AUTO_INCREMENT for table `duty_timings`
--
ALTER TABLE `duty_timings`
  MODIFY `id` int(11) NOT NULL AUTO_INCREMENT;

--
-- AUTO_INCREMENT for table `employee_types`
--
ALTER TABLE `employee_types`
  MODIFY `id` int(11) NOT NULL AUTO_INCREMENT;

--
-- AUTO_INCREMENT for table `enrollee_type`
--
ALTER TABLE `enrollee_type`
  MODIFY `id` int(11) NOT NULL AUTO_INCREMENT, AUTO_INCREMENT=5;

--
-- AUTO_INCREMENT for table `eye_clinics`
--
ALTER TABLE `eye_clinics`
  MODIFY `id` int(10) NOT NULL AUTO_INCREMENT, AUTO_INCREMENT=6;

--
-- AUTO_INCREMENT for table `general_settings`
--
ALTER TABLE `general_settings`
  MODIFY `id` int(11) NOT NULL AUTO_INCREMENT;

--
-- AUTO_INCREMENT for table `handover_notes`
--
ALTER TABLE `handover_notes`
  MODIFY `id` int(11) NOT NULL AUTO_INCREMENT;

--
-- AUTO_INCREMENT for table `issue_medicine`
--
ALTER TABLE `issue_medicine`
  MODIFY `id` int(11) NOT NULL AUTO_INCREMENT;

--
-- AUTO_INCREMENT for table `items`
--
ALTER TABLE `items`
  MODIFY `id` int(11) NOT NULL AUTO_INCREMENT;

--
-- AUTO_INCREMENT for table `lab_group`
--
ALTER TABLE `lab_group`
  MODIFY `id` int(11) NOT NULL AUTO_INCREMENT, AUTO_INCREMENT=9;

--
-- AUTO_INCREMENT for table `lab_requests`
--
ALTER TABLE `lab_requests`
  MODIFY `id` int(11) NOT NULL AUTO_INCREMENT, AUTO_INCREMENT=4;

--
-- AUTO_INCREMENT for table `lab_specimens`
--
ALTER TABLE `lab_specimens`
  MODIFY `id` int(11) NOT NULL AUTO_INCREMENT, AUTO_INCREMENT=78;

--
-- AUTO_INCREMENT for table `lab_tests`
--
ALTER TABLE `lab_tests`
  MODIFY `id` int(11) NOT NULL AUTO_INCREMENT, AUTO_INCREMENT=375;

--
-- AUTO_INCREMENT for table `lab_tests_subgroup`
--
ALTER TABLE `lab_tests_subgroup`
  MODIFY `id` int(11) NOT NULL AUTO_INCREMENT, AUTO_INCREMENT=828;

--
-- AUTO_INCREMENT for table `lab_test_parameters`
--
ALTER TABLE `lab_test_parameters`
  MODIFY `id` int(11) NOT NULL AUTO_INCREMENT, AUTO_INCREMENT=4;

--
-- AUTO_INCREMENT for table `lab_test_range`
--
ALTER TABLE `lab_test_range`
  MODIFY `id` int(10) NOT NULL AUTO_INCREMENT, AUTO_INCREMENT=18;

--
-- AUTO_INCREMENT for table `lab_test_range_by_test`
--
ALTER TABLE `lab_test_range_by_test`
  MODIFY `id` int(11) NOT NULL AUTO_INCREMENT, AUTO_INCREMENT=28;

--
-- AUTO_INCREMENT for table `lab_test_result_details`
--
ALTER TABLE `lab_test_result_details`
  MODIFY `id` int(11) NOT NULL AUTO_INCREMENT, AUTO_INCREMENT=16;

--
-- AUTO_INCREMENT for table `lab_test_subgroups_ranges`
--
ALTER TABLE `lab_test_subgroups_ranges`
  MODIFY `id` int(11) NOT NULL AUTO_INCREMENT, AUTO_INCREMENT=4;

--
-- AUTO_INCREMENT for table `medications`
--
ALTER TABLE `medications`
  MODIFY `id` int(11) NOT NULL AUTO_INCREMENT;

--
-- AUTO_INCREMENT for table `med_reports`
--
ALTER TABLE `med_reports`
  MODIFY `id` int(10) NOT NULL AUTO_INCREMENT, AUTO_INCREMENT=6;

--
-- AUTO_INCREMENT for table `menu_assigned`
--
ALTER TABLE `menu_assigned`
  MODIFY `id` int(11) NOT NULL AUTO_INCREMENT, AUTO_INCREMENT=11;

--
-- AUTO_INCREMENT for table `menu_children`
--
ALTER TABLE `menu_children`
  MODIFY `id` int(11) NOT NULL AUTO_INCREMENT, AUTO_INCREMENT=9;

--
-- AUTO_INCREMENT for table `menu_parents`
--
ALTER TABLE `menu_parents`
  MODIFY `id` int(11) NOT NULL AUTO_INCREMENT, AUTO_INCREMENT=5;

--
-- AUTO_INCREMENT for table `next_of_kin_rel`
--
ALTER TABLE `next_of_kin_rel`
  MODIFY `id` int(11) NOT NULL AUTO_INCREMENT, AUTO_INCREMENT=18;

--
-- AUTO_INCREMENT for table `occupation`
--
ALTER TABLE `occupation`
  MODIFY `id` int(11) NOT NULL AUTO_INCREMENT, AUTO_INCREMENT=354;

--
-- AUTO_INCREMENT for table `operations`
--
ALTER TABLE `operations`
  MODIFY `id` int(11) NOT NULL AUTO_INCREMENT, AUTO_INCREMENT=2;

--
-- AUTO_INCREMENT for table `parameters`
--
ALTER TABLE `parameters`
  MODIFY `id` int(5) UNSIGNED NOT NULL AUTO_INCREMENT, AUTO_INCREMENT=27;

--
-- AUTO_INCREMENT for table `patient_appointments`
--
ALTER TABLE `patient_appointments`
  MODIFY `id` int(11) NOT NULL AUTO_INCREMENT, AUTO_INCREMENT=2;

--
-- AUTO_INCREMENT for table `patient_details`
--
ALTER TABLE `patient_details`
  MODIFY `id` int(11) NOT NULL AUTO_INCREMENT, AUTO_INCREMENT=31;

--
-- AUTO_INCREMENT for table `patient_details2`
--
ALTER TABLE `patient_details2`
  MODIFY `id` int(11) NOT NULL AUTO_INCREMENT, AUTO_INCREMENT=12;

--
-- AUTO_INCREMENT for table `patient_documents`
--
ALTER TABLE `patient_documents`
  MODIFY `id` int(11) NOT NULL AUTO_INCREMENT;

--
-- AUTO_INCREMENT for table `patient_health_history`
--
ALTER TABLE `patient_health_history`
  MODIFY `id` int(11) NOT NULL AUTO_INCREMENT, AUTO_INCREMENT=5;

--
-- AUTO_INCREMENT for table `patient_insurance`
--
ALTER TABLE `patient_insurance`
  MODIFY `id` int(11) NOT NULL AUTO_INCREMENT;

--
-- AUTO_INCREMENT for table `patient_lab_test`
--
ALTER TABLE `patient_lab_test`
  MODIFY `id` int(11) NOT NULL AUTO_INCREMENT;

--
-- AUTO_INCREMENT for table `patient_lab_test2`
--
ALTER TABLE `patient_lab_test2`
  MODIFY `id` int(11) NOT NULL AUTO_INCREMENT;

--
-- AUTO_INCREMENT for table `patient_lab_tests`
--
ALTER TABLE `patient_lab_tests`
  MODIFY `id` int(10) NOT NULL AUTO_INCREMENT, AUTO_INCREMENT=4;

--
-- AUTO_INCREMENT for table `patient_ledger`
--
ALTER TABLE `patient_ledger`
  MODIFY `id` int(11) NOT NULL AUTO_INCREMENT, AUTO_INCREMENT=495060;

--
-- AUTO_INCREMENT for table `patient_nok`
--
ALTER TABLE `patient_nok`
  MODIFY `id` int(11) NOT NULL AUTO_INCREMENT, AUTO_INCREMENT=24;

--
-- AUTO_INCREMENT for table `patient_prescriptions`
--
ALTER TABLE `patient_prescriptions`
  MODIFY `id` int(11) NOT NULL AUTO_INCREMENT;

--
-- AUTO_INCREMENT for table `patient_prescriptions2`
--
ALTER TABLE `patient_prescriptions2`
  MODIFY `id` int(10) NOT NULL AUTO_INCREMENT, AUTO_INCREMENT=5;

--
-- AUTO_INCREMENT for table `patient_procedure_tests`
--
ALTER TABLE `patient_procedure_tests`
  MODIFY `id` int(11) NOT NULL AUTO_INCREMENT, AUTO_INCREMENT=19;

--
-- AUTO_INCREMENT for table `patient_radiology_tests`
--
ALTER TABLE `patient_radiology_tests`
  MODIFY `id` int(10) NOT NULL AUTO_INCREMENT, AUTO_INCREMENT=5;

--
-- AUTO_INCREMENT for table `patient_radiology_tests22`
--
ALTER TABLE `patient_radiology_tests22`
  MODIFY `id` int(10) NOT NULL AUTO_INCREMENT, AUTO_INCREMENT=8;

--
-- AUTO_INCREMENT for table `patient_vitals`
--
ALTER TABLE `patient_vitals`
  MODIFY `id` int(10) NOT NULL AUTO_INCREMENT, AUTO_INCREMENT=20;

--
-- AUTO_INCREMENT for table `patient_ward`
--
ALTER TABLE `patient_ward`
  MODIFY `id` int(11) NOT NULL AUTO_INCREMENT;

--
-- AUTO_INCREMENT for table `permissions`
--
ALTER TABLE `permissions`
  MODIFY `id` int(11) NOT NULL AUTO_INCREMENT;

--
-- AUTO_INCREMENT for table `pharmacy_requests`
--
ALTER TABLE `pharmacy_requests`
  MODIFY `id` int(11) NOT NULL AUTO_INCREMENT, AUTO_INCREMENT=2;

--
-- AUTO_INCREMENT for table `prescription_requests`
--
ALTER TABLE `prescription_requests`
  MODIFY `id` int(11) NOT NULL AUTO_INCREMENT, AUTO_INCREMENT=3;

--
-- AUTO_INCREMENT for table `prescription_request_items`
--
ALTER TABLE `prescription_request_items`
  MODIFY `id` int(11) NOT NULL AUTO_INCREMENT, AUTO_INCREMENT=3;

--
-- AUTO_INCREMENT for table `radiology_request`
--
ALTER TABLE `radiology_request`
  MODIFY `id` int(11) NOT NULL AUTO_INCREMENT, AUTO_INCREMENT=23;

--
-- AUTO_INCREMENT for table `radiology_services`
--
ALTER TABLE `radiology_services`
  MODIFY `id` int(11) NOT NULL AUTO_INCREMENT, AUTO_INCREMENT=4;

--
-- AUTO_INCREMENT for table `receipts`
--
ALTER TABLE `receipts`
  MODIFY `id` int(11) NOT NULL AUTO_INCREMENT, AUTO_INCREMENT=2;

--
-- AUTO_INCREMENT for table `receipt_grid`
--
ALTER TABLE `receipt_grid`
  MODIFY `ReceiptID` int(11) NOT NULL AUTO_INCREMENT, AUTO_INCREMENT=54;

--
-- AUTO_INCREMENT for table `religions`
--
ALTER TABLE `religions`
  MODIFY `id` int(11) NOT NULL AUTO_INCREMENT, AUTO_INCREMENT=16;

--
-- AUTO_INCREMENT for table `request_destinations`
--
ALTER TABLE `request_destinations`
  MODIFY `id` int(11) NOT NULL AUTO_INCREMENT, AUTO_INCREMENT=30;

--
-- AUTO_INCREMENT for table `retainers`
--
ALTER TABLE `retainers`
  MODIFY `id` int(11) NOT NULL AUTO_INCREMENT, AUTO_INCREMENT=2;

--
-- AUTO_INCREMENT for table `retainer_price_lists`
--
ALTER TABLE `retainer_price_lists`
  MODIFY `id` int(11) NOT NULL AUTO_INCREMENT, AUTO_INCREMENT=2;

--
-- AUTO_INCREMENT for table `retainer_price_options`
--
ALTER TABLE `retainer_price_options`
  MODIFY `id` int(11) NOT NULL AUTO_INCREMENT;

--
-- AUTO_INCREMENT for table `roles`
--
ALTER TABLE `roles`
  MODIFY `id` int(11) NOT NULL AUTO_INCREMENT, AUTO_INCREMENT=26;

--
-- AUTO_INCREMENT for table `salutations`
--
ALTER TABLE `salutations`
  MODIFY `id` int(11) NOT NULL AUTO_INCREMENT, AUTO_INCREMENT=75;

--
-- AUTO_INCREMENT for table `service_charge_group`
--
ALTER TABLE `service_charge_group`
  MODIFY `ChargeGroupID` int(11) NOT NULL AUTO_INCREMENT, AUTO_INCREMENT=7;

--
-- AUTO_INCREMENT for table `service_charge_items`
--
ALTER TABLE `service_charge_items`
  MODIFY `id` int(11) NOT NULL AUTO_INCREMENT, AUTO_INCREMENT=2484;

--
-- AUTO_INCREMENT for table `service_charge_subgroup`
--
ALTER TABLE `service_charge_subgroup`
  MODIFY `ChargeSubGroupID` int(11) NOT NULL AUTO_INCREMENT, AUTO_INCREMENT=83;

--
-- AUTO_INCREMENT for table `staff`
--
ALTER TABLE `staff`
  MODIFY `id` int(11) NOT NULL AUTO_INCREMENT, AUTO_INCREMENT=9;

--
-- AUTO_INCREMENT for table `states`
--
ALTER TABLE `states`
  MODIFY `id` int(10) UNSIGNED NOT NULL AUTO_INCREMENT, AUTO_INCREMENT=38;

--
-- AUTO_INCREMENT for table `sub_parameters`
--
ALTER TABLE `sub_parameters`
  MODIFY `id` int(5) UNSIGNED NOT NULL AUTO_INCREMENT, AUTO_INCREMENT=2;

--
-- AUTO_INCREMENT for table `tribes`
--
ALTER TABLE `tribes`
  MODIFY `id` int(11) NOT NULL AUTO_INCREMENT, AUTO_INCREMENT=395;

--
-- AUTO_INCREMENT for table `users`
--
ALTER TABLE `users`
  MODIFY `id` int(11) NOT NULL AUTO_INCREMENT, AUTO_INCREMENT=23;

--
-- AUTO_INCREMENT for table `users2`
--
ALTER TABLE `users2`
  MODIFY `id` int(11) NOT NULL AUTO_INCREMENT, AUTO_INCREMENT=22;

--
-- AUTO_INCREMENT for table `vendors`
--
ALTER TABLE `vendors`
  MODIFY `id` int(11) NOT NULL AUTO_INCREMENT;

--
-- AUTO_INCREMENT for table `vendor_categories`
--
ALTER TABLE `vendor_categories`
  MODIFY `id` int(11) NOT NULL AUTO_INCREMENT;

--
-- AUTO_INCREMENT for table `vitals_request`
--
ALTER TABLE `vitals_request`
  MODIFY `id` int(11) NOT NULL AUTO_INCREMENT, AUTO_INCREMENT=5;

--
-- AUTO_INCREMENT for table `wards`
--
ALTER TABLE `wards`
  MODIFY `id` int(11) NOT NULL AUTO_INCREMENT, AUTO_INCREMENT=5;

--
-- AUTO_INCREMENT for table `ward_type`
--
ALTER TABLE `ward_type`
  MODIFY `id` int(11) NOT NULL AUTO_INCREMENT, AUTO_INCREMENT=27;
COMMIT;

/*!40101 SET CHARACTER_SET_CLIENT=@OLD_CHARACTER_SET_CLIENT */;
/*!40101 SET CHARACTER_SET_RESULTS=@OLD_CHARACTER_SET_RESULTS */;
/*!40101 SET COLLATION_CONNECTION=@OLD_COLLATION_CONNECTION */;
